date,implied_correlation,implied_correlation_3m,implied_correlation_6m,dispersion_index,index_iv,trailing_realized_correlation,forward_realized_correlation,identity_realized_correlation,correlation_spread,correlation_premium,constituents_used,in_sample,spread_mean_lagged,spread_sd_lagged,spread_zscore,signal
2013-01-02,0.3275,0.4582,0.5214,,0.14679999999999999,0.40413614850996604,0.09950776642355723,0.35381338998402423,-0.07663614850996603,0.22799223357644277,45,True,,,,no_trade
2013-01-03,0.3396,0.48829999999999996,0.5422,,0.1456,0.39963854310990016,0.16432164441065056,0.3493798408127273,-0.060038543109900144,0.17527835558934945,45,True,,,,no_trade
2013-01-04,0.324,0.4953,0.5473,,0.1383,0.40019504492520375,0.1910183791960844,0.3498432605853653,-0.07619504492520374,0.13298162080391562,45,True,,,,no_trade
2013-01-07,0.3061,0.494,0.5537,,0.1379,0.39819279922099454,0.1911427734105306,0.3470960756705373,-0.09209279922099456,0.11495722658946939,45,True,,,,no_trade
2013-01-08,0.30879999999999996,0.5019,0.5642,,0.1362,0.39130593631509714,0.1908420722835888,0.3426728667009759,-0.08250593631509717,0.11795792771641117,45,True,,,,no_trade
2013-01-09,0.3106,0.5121,0.5725,,0.1381,0.3886073635360377,0.19796445035078772,0.33872147611875947,-0.07800736353603771,0.11263554964921227,45,True,,,,no_trade
2013-01-10,0.3109,0.4894,0.5544,,0.1349,0.3898272078519145,0.19541435424730041,0.34121964492497314,-0.07892720785191448,0.1154856457526996,45,True,,,,no_trade
2013-01-11,0.3161,0.4911,0.5568,,0.1336,0.3908067678187791,0.19544196770250288,0.3448154487768242,-0.07470676781877911,0.12065803229749711,45,True,,,,no_trade
2013-01-14,0.3186,0.5036999999999999,0.5643,,0.1352,0.386843088411763,0.19780366712112857,0.3405439558424124,-0.06824308841176302,0.12079633287887143,45,True,,,,no_trade
2013-01-15,0.297,0.5069,0.5678,,0.1355,0.3845393122921195,0.19736648562539982,0.338433730382323,-0.08753931229211953,0.09963351437460016,45,True,,,,no_trade
2013-01-16,0.3048,0.5067,0.5685,,0.13419999999999999,0.3909695749393174,0.19729587283768502,0.34163622550530953,-0.08616957493931737,0.107504127162315,45,True,,,,no_trade
2013-01-17,0.3231,0.5079,0.5786,,0.13570000000000002,0.4021423279489922,0.20507019792299114,0.34794656121489553,-0.07904232794899219,0.11802980207700886,45,True,,,,no_trade
2013-01-18,0.2796,0.4836,0.564,,0.1246,0.38512610636051403,0.2445588234930232,0.3294073833673373,-0.10552610636051402,0.03504117650697683,45,True,,,,no_trade
2013-01-22,0.2791,0.473,0.5650999999999999,,0.1243,0.3853424132683839,0.24688882230830372,0.33101061705582857,-0.1062424132683839,0.03221117769169629,45,True,,,,no_trade
2013-01-23,0.2953,0.4696,0.5519,,0.1246,0.3743336490947922,0.27728539426978266,0.3247686556320885,-0.07903364909479221,0.018014605730217348,45,True,,,,no_trade
2013-01-24,0.3506,0.4938,0.5649000000000001,,0.12689999999999999,0.37613634373770216,0.3466880301679552,0.32950319388384575,-0.02553634373770214,0.003911969832044837,45,True,,,,no_trade
2013-01-25,0.36090000000000005,0.49229999999999996,0.5633,,0.12890000000000001,0.3772853330978808,0.3447521798596095,0.3313304827823703,-0.01638533309788076,0.016147820140390567,45,True,,,,no_trade
2013-01-28,0.3899,0.4975,0.565,,0.13570000000000002,0.3789336843495137,0.3665399623975888,0.33310733144238114,0.010966315650486336,0.023360037602411232,45,True,,,,no_trade
2013-01-29,0.3629,0.46549999999999997,0.5433,,0.1331,0.37626071495922087,0.379383171503595,0.33062805778301,-0.013360714959220865,-0.016483171503595018,45,True,,,,no_trade
2013-01-30,0.43439999999999995,0.5036999999999999,0.5661,,0.1432,0.3732988476880332,0.3744703770288346,0.322264927700201,0.06110115231196678,0.05992962297116533,45,True,,,,no_trade
2013-01-31,0.45159999999999995,0.5175,0.5868,,0.14279999999999998,0.36819142359447055,0.3768610350491204,0.31829984826667035,0.0834085764055294,0.07473896495087956,45,True,,,,no_trade
2013-02-01,0.3832,0.47350000000000003,0.5524,,0.129,0.3709827772827758,0.3831260563739922,0.32086999784458003,0.012217222717224197,7.394362600776638e-05,45,True,,,,no_trade
2013-02-04,0.4357,0.5012,0.5666,,0.1467,0.37949427772723343,0.3377852735731299,0.32759200072094335,0.056205722272766545,0.0979147264268701,45,True,,,,no_trade
2013-02-05,0.3957,0.4747,0.5542,,0.13720000000000002,0.348516224039473,0.31816238201322394,0.2993526233593182,0.047183775960526975,0.07753761798677605,45,True,,,,no_trade
2013-02-06,0.38060000000000005,0.4608,0.5409,,0.1341,0.33468041267937215,0.31553766326251564,0.2899069879973392,0.0459195873206279,0.0650623367374844,45,True,,,,no_trade
2013-02-07,0.3799,0.45770000000000005,0.536,,0.135,0.3372939417763872,0.31855165429854854,0.29333844639592427,0.0426060582236128,0.06134834570145148,45,True,,,,no_trade
2013-02-08,0.3746,0.4506,0.5301,,0.13019999999999998,0.33856369158247496,0.314929808840133,0.296291779601492,0.03603630841752503,0.05967019115986699,45,True,,,,no_trade
2013-02-11,0.3655,0.4341,0.5196999999999999,,0.1294,0.33995616493005915,0.31791837541240286,0.2981964157012006,0.025543835069940846,0.04758162458759713,45,True,,,,no_trade
2013-02-12,0.3669,0.43320000000000003,0.5212,,0.1264,0.3304609594806576,0.3196456857969681,0.2979397134076639,0.03643904051934238,0.04725431420303189,45,True,,,,no_trade
2013-02-13,0.3967,0.4511,0.5334,,0.1298,0.33105555057831365,0.3156784626022926,0.29904761065698393,0.06564444942168635,0.0810215373977074,45,True,,,,no_trade
2013-02-14,0.3807,0.4374,0.5235,,0.1266,0.3325207156593307,0.32623308144887714,0.2997594617404185,0.04817928434066926,0.054466918551122845,45,True,,,,no_trade
2013-02-15,0.369,0.43320000000000003,0.5225,,0.1246,0.3087987684984378,0.32893100829471617,0.2754600121179939,0.0602012315015622,0.04006899170528383,45,True,,,,no_trade
2013-02-19,0.3556,0.42219999999999996,0.5318,,0.1231,0.310073459367646,0.32794592779790194,0.2794865169920603,0.04552654063235401,0.02765407220209809,45,True,,,,no_trade
2013-02-20,0.4667,0.4844,0.574,,0.14679999999999999,0.32194983123950666,0.32527879447045827,0.28930825858234277,0.14475016876049335,0.14142120552954174,45,True,,,,no_trade
2013-02-21,0.5124,0.4993,0.5791,,0.1522,0.3116740122417026,0.3232487645658877,0.2782095119976264,0.20072598775829736,0.18915123543411227,45,True,,,,no_trade
2013-02-22,0.45270000000000005,0.46399999999999997,0.5556,,0.1417,0.3141899383195646,0.32787430187641875,0.2843049867249046,0.13851006168043545,0.1248256981235813,45,True,,,,no_trade
2013-02-25,0.6487,0.5670000000000001,0.6156,,0.18989999999999999,0.3322735785777979,0.23793838227513403,0.3024720506872506,0.3164264214222022,0.410761617724866,45,True,,,,no_trade
2013-02-26,0.5333,0.526,0.5876,,0.16870000000000002,0.32536422605652177,0.23829291989446102,0.2949294270848284,0.20793577394347823,0.295007080105539,45,True,,,,no_trade
2013-02-27,0.4489,0.467,0.5465,,0.14730000000000001,0.33303982514925135,0.20648147059443692,0.3020387722268761,0.11586017485074868,0.2424185294055631,45,True,,,,no_trade
2013-02-28,0.4728,0.4868,0.5561,,0.1551,0.335128401397137,0.2089959026492221,0.30453780900334476,0.137671598602863,0.2638040973507779,45,True,,,,no_trade
2013-03-01,0.4622,0.4987,0.5734,,0.1536,0.33138742351579925,0.21709312094181904,0.3035222397858506,0.13081257648420075,0.24510687905818096,45,True,,,,no_trade
2013-03-04,0.3764,0.4536,0.5413,,0.1401,0.33153825341579396,0.25166298249160285,0.3049061367299295,0.04486174658420605,0.12473701750839716,45,True,,,,no_trade
2013-03-05,0.37549999999999994,0.4432,0.5307,,0.1348,0.3381409756487448,0.24059384727259006,0.31228954869793923,0.037359024351255155,0.13490615272740988,45,True,,,,no_trade
2013-03-06,0.3782,0.4573,0.5367999999999999,,0.1353,0.34371265189540373,0.24991295249432577,0.317283243507333,0.03448734810459625,0.1282870475056742,45,True,,,,no_trade
2013-03-07,0.3628,0.4483,0.5301,,0.1306,0.34453291120854374,0.24935119853614007,0.31831781808477416,0.018267088791456276,0.11344880146385994,45,True,,,,no_trade
2013-03-08,0.3605,0.4558,0.5357,,0.1259,0.3442614193434017,0.24767048595900112,0.31841985773081305,0.016238580656598278,0.11282951404099886,45,True,,,,no_trade
2013-03-11,0.348,0.4481,0.5178,,0.11560000000000001,0.3448940812861692,0.2829567894460733,0.3176509664793899,0.0031059187138307576,0.0650432105539267,45,True,,,,no_trade
2013-03-12,0.3613,0.46649999999999997,0.53,,0.12269999999999999,0.34424210882310474,0.2761407436623538,0.3169409964013747,0.017057891176895268,0.0851592563376462,45,True,,,,no_trade
2013-03-13,0.3602,0.4604,0.5376,,0.1183,0.34339513552973205,0.2709177684284731,0.3171531342771675,0.016804864470267966,0.08928223157152693,45,True,,,,no_trade
2013-03-14,0.3375,0.4388,0.525,,0.113,0.34614910056621656,0.37340711391644543,0.3221732487068312,-0.008649100566216539,-0.03590711391644541,45,True,,,,no_trade
2013-03-15,0.32780000000000004,0.4549,0.5408,,0.113,0.3402399503401873,0.4110285534161797,0.31203194965604353,-0.012439950340187245,-0.08322855341617968,45,True,,,,no_trade
2013-03-18,0.4276,0.5112,0.5621,,0.1336,0.3382911827461881,0.4344632074939587,0.30400560545762073,0.0893088172538119,-0.006863207493958745,45,True,,,,no_trade
2013-03-19,0.4487,0.5172,0.5627,,0.1439,0.33264078147512816,0.4314056403452361,0.30067060671693785,0.11605921852487183,0.01729435965476389,45,True,,,,no_trade
2013-03-20,0.3628,0.4669,0.5259,,0.1267,0.33452343731487955,0.4126009110623536,0.3046065608865696,0.028276562685120465,-0.04980091106235357,45,True,,,,no_trade
2013-03-21,0.4251,0.4924,0.5426,,0.1399,0.3363061732228978,0.3989604133863492,0.3125275324283369,0.08879382677710218,0.02613958661365079,45,True,,,,no_trade
2013-03-22,0.42310000000000003,0.502,0.5478000000000001,,0.13570000000000002,0.3345998548543418,0.4120217105352424,0.30826114526164017,0.08850014514565824,0.01107828946475764,45,True,,,,no_trade
2013-03-25,0.40009999999999996,0.4968,0.5435,,0.1374,0.331736281894542,0.3860672326203404,0.30686278141384493,0.06836371810545794,0.014032767379659583,45,True,,,,no_trade
2013-03-26,0.35119999999999996,0.47979999999999995,0.5328,,0.1277,0.33249876707574316,0.37542186116296594,0.3099879649495757,0.018701232924256794,-0.024221861162965985,45,True,,,,no_trade
2013-03-27,0.3635,0.4769,0.5331,,0.1315,0.31469911392211963,0.37007440250366813,0.2972740220722925,0.04880088607788036,-0.006574402503668142,45,True,,,,no_trade
2013-03-28,0.31579999999999997,0.45770000000000005,0.5239,,0.127,0.2993867488072504,0.373035586988164,0.2778595300854775,0.016413251192749556,-0.057235586988164056,45,True,,,,no_trade
2013-04-01,0.35159999999999997,0.4864,0.5437,,0.1358,0.23257984351366578,0.36403583930364025,0.21339596551189033,0.11902015648633418,-0.012435839303640284,46,True,0.025233237658326208,0.08505491393890101,1.102663144135089,short_correlation
2013-04-02,0.3128,0.4545,0.5244,,0.1278,0.23350184323966705,0.37596279979741737,0.2146069467502057,0.07929815676033297,-0.06316279979741735,46,True,0.026770728130916504,0.08519367683629042,0.6165648740616518,no_trade
2013-04-03,0.3583,0.4803,0.5381,,0.1421,0.2443358531086681,0.36455464925505887,0.2200601021913212,0.11396414689133191,-0.006254649255058864,46,True,0.027617944721713545,0.08475542276984346,1.0187690574571815,short_correlation
2013-04-04,0.34090000000000004,0.4656,0.5238,,0.1389,0.24702395405388053,0.3647617359373186,0.22349143137984265,0.09387604594611951,-0.02386173593731855,46,True,0.028988519359326535,0.08477005954791691,0.7654533562066783,short_correlation
2013-04-05,0.321,0.4482,0.5112,,0.1392,0.24838386070519305,0.3480679401994409,0.2248421445927994,0.07261613929480695,-0.027067940199440865,46,True,0.03000238696224518,0.08448483563399228,0.5043952800852255,no_trade
2013-04-08,0.2904,0.42060000000000003,0.4901,,0.1319,0.25036686723839846,0.3422594759001883,0.2286323156492725,0.04003313276160153,-0.0518594759001883,46,True,0.0306579831519769,0.08398868078094206,0.1116239655445565,no_trade
2013-04-09,0.2741,0.4104,0.4869,,0.1284,0.2459935766078973,0.34255618408379895,0.22506452599341223,0.028106423392102703,-0.06845618408379894,46,True,0.03080003087333485,0.08334809911248814,-0.032317563446729675,no_trade
2013-04-10,0.25170000000000003,0.39649999999999996,0.4738,,0.12359999999999999,0.2585813219292041,0.3255061361678842,0.23929899055639825,-0.006881321929204043,-0.07380613616788417,46,True,0.030759827776600045,0.0827149186736218,-0.45507086640959293,no_trade
2013-04-11,0.2481,0.40020000000000006,0.4738,,0.12240000000000001,0.2557485994873715,0.3316068608950285,0.23782848433881396,-0.00764859948737151,-0.08350686089502851,46,True,0.030206281457397042,0.08222212660485301,-0.4603977360825673,no_trade
2013-04-12,0.2464,0.3993,0.4752,,0.1206,0.2551676059946943,0.3348954297396005,0.23771304692652614,-0.008767605994694283,-0.0884954297396005,46,True,0.029657659994429385,0.0817424449594595,-0.47007727757814,no_trade
2013-04-15,0.3782,0.4853,0.5393,,0.1727,0.29525112832209477,0.2579949483015103,0.27097146839993547,0.08294887167790521,0.12020505169848966,46,True,0.02910872762315619,0.08127780818525843,0.66242121012946,no_trade
2013-04-16,0.2918,0.4293,0.4938,,0.1396,0.3072370568630882,0.2309394940927766,0.2860764118762337,-0.015437056863088217,0.06086050590722342,46,True,0.029867039511251244,0.0809477431632037,-0.5596709012998559,no_trade
2013-04-17,0.3677,0.47659999999999997,0.5282,,0.16510000000000002,0.3242971234416163,0.19817153645069532,0.30373850639192146,0.04340287655838371,0.1695284635493047,46,True,0.029237815950496522,0.08055280425160173,0.17584813762216756,no_trade
2013-04-18,0.41609999999999997,0.513,0.5508,,0.17559999999999998,0.3246953377287501,0.17894159202136067,0.3034453243443251,0.09140466227124988,0.2371584079786393,46,True,0.02943185787663196,0.08000863266747449,0.7745764716688055,short_correlation
2013-04-19,0.3652,0.4743,0.5256000000000001,,0.1497,0.32392683451437815,0.1987241139998301,0.30197366148299865,0.04127316548562188,0.16647588600016994,46,True,0.030269328206288963,0.07978465724330967,0.13791921479058103,no_trade
2013-04-22,0.3578,0.4628,0.5199,,0.1439,0.3266986403205037,0.1966419547285193,0.3105249199653982,0.031101359679496288,0.1611580452714807,46,True,0.03041604603668007,0.07925392408822726,0.00864706259911257,no_trade
2013-04-23,0.3164,0.42579999999999996,0.4892,,0.1348,0.3337303187314846,0.2062560447016813,0.3189378308950744,-0.017330318731484606,0.11014395529831872,46,True,0.03042506332145397,0.07872383080494538,-0.6066191338079373,no_trade
2013-04-24,0.3653,0.44409999999999994,0.4961,,0.1361,0.3232286348899745,0.23607171510078928,0.3114004488748758,0.042071365110025516,0.12922828489921073,46,True,0.029804863554532688,0.07839332962725684,0.15647379201543504,no_trade
2013-04-25,0.39649999999999996,0.45909999999999995,0.5009,,0.1362,0.3261623971103317,0.2366481984020296,0.31730169563696725,0.07033760288966828,0.15985180159797036,46,True,0.02996212639498772,0.0778950019135118,0.518332056009321,no_trade
2013-04-26,0.40659999999999996,0.4681,0.5079,,0.1361,0.3231521105190069,0.2451300129391005,0.3140667019214787,0.08344788948099308,0.16146998706089946,46,True,0.030473208375933047,0.07752726202083042,0.6833039078669709,no_trade
2013-04-29,0.3823,0.4512,0.4961,,0.1371,0.32526646159084693,0.26633333276122745,0.3169653265368895,0.05703353840915304,0.11596666723877253,46,True,0.031135391889746296,0.07726236689183326,0.33519742613715103,no_trade
2013-04-30,0.3751,0.4471,0.4959,,0.1352,0.31895019889938786,0.2638140177820614,0.31189261077307434,0.05614980110061213,0.11128598221793856,46,True,0.031455122093689586,0.07683186409735906,0.3214119466843883,no_trade
2013-05-01,0.436,0.48560000000000003,0.5239,,0.1449,0.30985439108037477,0.2951497077436692,0.2954107110313045,0.12614560891962523,0.14085029225633078,46,True,0.03175627671572523,0.07640480379737433,1.2353847862003635,short_correlation
2013-05-02,0.389,0.456,0.5006,,0.1359,0.30535179309266186,0.29322619213220125,0.29074912693635724,0.08364820690733815,0.09577380786779877,46,True,0.03289349758565173,0.07664100841601597,0.6622395812720023,no_trade
2013-05-03,0.3592,0.42460000000000003,0.4782,,0.1285,0.30659019687624633,0.2774912113806376,0.2937609117560533,0.052609803123753685,0.08170878861936243,46,True,0.03349772031567181,0.07637893762793345,0.25022713593089,no_trade
2013-05-06,0.33759999999999996,0.4172,0.4744,,0.1266,0.30281225641654774,0.33245354155698964,0.2906263866597174,0.03478774358345221,0.0051464584430103155,46,True,0.033722568348708064,0.0759512351218022,0.01402446231500961,no_trade
2013-05-07,0.348,0.4278,0.4825,,0.1283,0.29988191915313245,0.3360457078535522,0.28684144322245886,0.04811808084686753,0.011954292146447776,46,True,0.0337349541072516,0.07550322869555813,0.19049684348746385,no_trade
2013-05-08,0.34840000000000004,0.4436,0.5003,,0.1266,0.29781108333580947,0.3533486133401282,0.2858191208191792,0.050588916664190575,-0.0049486133401281385,46,True,0.033900277403109254,0.07507881034963841,0.2222816155898466,no_trade
2013-05-09,0.3826,0.4673,0.5245000000000001,,0.1313,0.2991180893730421,0.35004706660948054,0.2868406379140243,0.08348191062695792,0.032552933390519456,46,True,0.034089921031076095,0.07466727217391624,0.6614944962879746,no_trade
2013-05-10,0.3407,0.45280000000000004,0.5176,,0.1259,0.29978257210228376,0.3655948337429546,0.2885873106055166,0.04091742789771624,-0.024894833742954592,46,True,0.03464488720631072,0.07442619064927203,0.08427867443820163,no_trade
2013-05-13,0.3775,0.4694,0.5325,,0.1255,0.2998326294241303,0.37659574104601345,0.287754703325094,0.0776673705758697,0.0009042589539865475,46,True,0.03471458210288189,0.07400983830774166,0.5803659277619961,no_trade
2013-05-14,0.3884,0.47619999999999996,0.5355,,0.1277,0.3042768990799984,0.39538894304017824,0.2936550894195435,0.08412310092000164,-0.006988943040178219,46,True,0.035186590767420214,0.07373513158998887,0.6636797018915961,no_trade
2013-05-15,0.3616,0.462,0.5327000000000001,,0.1281,0.30399742316732925,0.39453438042374966,0.2916990396479167,0.05760257683267073,-0.03293438042374969,46,True,0.03571850935603523,0.07350614974196834,0.297717504636769,no_trade
2013-05-16,0.4014,0.4814,0.5424,,0.1307,0.2938993958027225,0.4244622418867122,0.27453658614340554,0.10750060419727747,-0.023062241886712243,46,True,0.03595382190954744,0.07314078007762125,0.9782064425864809,short_correlation
2013-05-17,0.3575,0.4568,0.534,,0.1245,0.29491256188151593,0.42703009911487605,0.27998284461574735,0.06258743811848405,-0.06953009911487606,46,True,0.036714957891331806,0.07311982113477951,0.3538367548720107,no_trade
2013-05-20,0.4017,0.4732,0.5412,,0.13019999999999998,0.29612518166751894,0.43202233326114436,0.27776855566376185,0.10557481833248106,-0.030322333261144363,46,True,0.03698729978845972,0.07277827049241399,0.9424175386411598,short_correlation
2013-05-21,0.4243,0.4743,0.5569,,0.13369999999999999,0.2714711923542751,0.5169930662284961,0.25758952534835833,0.15282880764572493,-0.09269306622849605,46,True,0.03770175310662661,0.07273186884001535,1.5828969662849932,short_correlation
2013-05-22,0.4459,0.499,0.5524,,0.1382,0.27815066178038295,0.5162448745751888,0.2617091377906681,0.16774933821961707,-0.07034487457518873,46,True,0.03888862995754515,0.07329026537097595,1.7582240644076408,short_correlation
2013-05-23,0.4337,0.48560000000000003,0.5414,,0.1407,0.2752947363022201,0.5136921762278859,0.2548118972851841,0.15840526369777985,-0.0799921762278859,46,True,0.04020353514389282,0.07406434165346308,1.5959330214117982,short_correlation
2013-05-24,0.4621,0.4818,0.5357,,0.1399,0.27310361794591326,0.5280659642886267,0.25178158020991026,0.18899638205408675,-0.06596596428862672,46,True,0.041397491997972484,0.07463698618138627,1.9775569407024634,short_correlation
2013-05-28,0.4385,0.46840000000000004,0.5257999999999999,,0.1448,0.27404347727768863,0.5360149815305273,0.2536270840922904,0.16445652272231137,-0.09751498153052729,46,True,0.04287348089853363,0.07571171994953085,1.6058681787287958,short_correlation
2013-05-29,0.4551,0.47259999999999996,0.5253,,0.1483,0.28107233285347294,0.5443131466121468,0.2563480184108691,0.17402766714652707,-0.0892131466121468,46,True,0.044077273391838354,0.07629746159211094,1.7032073026152341,short_correlation
2013-05-30,0.41979999999999995,0.4556,0.5149,,0.14529999999999998,0.2735341098459356,0.5416512466285486,0.2503136548757946,0.14626589015406433,-0.12185124662854863,46,True,0.045351296860021574,0.07700146645933001,1.3105541742811222,short_correlation
2013-05-31,0.4874,0.48969999999999997,0.54,,0.163,0.28689697863403996,0.5272464175035739,0.2594811885834297,0.20050302136596004,-0.03984641750357393,46,True,0.046331050192973455,0.07726556529879999,1.9953516236731788,short_correlation
2013-06-03,0.46490000000000004,0.48229999999999995,0.5301,,0.1628,0.2886184961796498,0.5246774812675126,0.2594998466353729,0.17628150382035024,-0.05977748126751253,46,True,0.047813472992713706,0.07836169201714852,1.6394239011521452,short_correlation
2013-06-04,0.4782,0.4918,0.5367000000000001,,0.16269999999999998,0.2879406672700833,0.5399705473504094,0.2571037443231532,0.19025933272991674,-0.06177054735040938,46,True,0.04903697804821501,0.07898539273218363,1.7879553395467114,short_correlation
2013-06-05,0.5033,0.4999,0.5321,,0.175,0.3029928782334878,0.5195943816695526,0.2690328113922429,0.20030712176651216,-0.01629438166955266,46,True,0.05036926441313672,0.07979614505608518,1.8790112886780528,short_correlation
2013-06-06,0.47350000000000003,0.48729999999999996,0.5254,,0.1663,0.30337788819601025,0.5095386588958127,0.27032505947973523,0.17012211180398978,-0.0360386588958127,46,True,0.05177055279961686,0.0807307927562606,1.4660026857619932,short_correlation
2013-06-07,0.41350000000000003,0.45549999999999996,0.5093,,0.1514,0.30744716992266924,0.5082030191996797,0.2759481332320214,0.1060528300773308,-0.09470301919967966,46,True,0.052866400568175875,0.08115568582281127,0.6553629480167027,no_trade
2013-06-10,0.42969999999999997,0.47200000000000003,0.5177,,0.15439999999999998,0.30654682255399046,0.5161761773098323,0.27476051062084406,0.12315317744600951,-0.08647617730983237,46,True,0.053354349462755274,0.08093956910989597,0.8623572963241829,short_correlation
2013-06-11,0.504,0.5192,0.5485,,0.1707,0.3165373796736256,0.5167353286818387,0.2840352266710601,0.1874626203263744,-0.012735328681838687,46,True,0.053988884262603044,0.08084182552183573,1.6510480212711118,short_correlation
2013-06-12,0.5765,0.561,0.5777,,0.1859,0.31973426252715836,0.48825113053808594,0.287457041442624,0.25676573747284165,0.08824886946191407,46,True,0.055191350353267644,0.08146462828239849,2.474379265818449,short_correlation
2013-06-13,0.48950000000000005,0.5123,0.5437,,0.1641,0.3285900955014027,0.4719191207436027,0.29725128009788904,0.16090990449859732,0.01758087925639734,46,True,0.05699112166683528,0.0833035731620639,1.2474708933504215,short_correlation
2013-06-14,0.5143,0.5307999999999999,0.5546,,0.17149999999999999,0.33029142830364916,0.46802787887990144,0.2975300138560145,0.18400857169635082,0.04627212112009854,46,True,0.057910756913134055,0.08350504767269655,1.5100621854317757,short_correlation
2013-06-17,0.5171,0.536,0.5579999999999999,,0.168,0.3294961360106414,0.45639410298061034,0.29803400310002004,0.18760386398935858,0.060705897019389665,46,True,0.059016878095442975,0.08396942100133793,1.5313549189754059,short_correlation
2013-06-18,0.5125,0.5324,0.5526,,0.1661,0.3361773564165723,0.4294212830776036,0.30488020401990135,0.17632264358342764,0.08307871692239638,46,True,0.06013502579886833,0.08445586554532837,1.3757199341258326,short_correlation
2013-06-19,0.5093,0.5272,0.5456,,0.1664,0.3386211170733215,0.40639987341806927,0.30550282777062326,0.1706788829266785,0.1029001265819307,46,True,0.0611366431935628,0.0847770279917772,1.29212172599092,short_correlation
2013-06-20,0.6039,0.5861,0.5820000000000001,,0.20489999999999997,0.37661214379956226,0.23391543124282557,0.33911144388008285,0.22728785620043773,0.36998456875717445,46,True,0.0620729016528202,0.08501615247520805,1.9433360571780358,short_correlation
2013-06-21,0.5477000000000001,0.5492,0.557,,0.18899999999999997,0.37679991643720057,0.23542457861601387,0.34014498144814515,0.1709000835627995,0.31227542138398623,46,True,0.06347302838627458,0.08600751390387876,1.2490426743015088,short_correlation
2013-06-24,0.57,0.5967,0.5948,,0.2011,0.3798121935464299,0.1909124194485442,0.3438708893881508,0.19018780645357003,0.37908758055145575,46,True,0.06437577674910253,0.08620663041239761,1.4594240501293754,short_correlation
2013-06-25,0.5376,0.5746,0.5879,,0.18469999999999998,0.38316118223686596,0.17650347576273492,0.34771122299256085,0.154438817763134,0.361096524237265,46,True,0.0654242103299731,0.08660853540789562,1.0277810034996382,short_correlation
2013-06-26,0.5088,0.5611999999999999,0.5756,,0.1721,0.38732468121061053,0.1587936076037465,0.3520621903805871,0.1214753187893895,0.35000639239625353,46,True,0.06615986824264385,0.08662571242086857,0.6385569480571438,no_trade
2013-06-27,0.5036,0.5575,0.5736,,0.1686,0.3855133919277016,0.15904133244686328,0.350679896815787,0.11808660807229843,0.3445586675531368,46,True,0.06661327357499423,0.08641225449900572,0.5956716995260951,no_trade
2013-06-28,0.5045000000000001,0.5571,0.5720000000000001,,0.1686,0.3791287965080405,0.1436863719545843,0.34448125042989663,0.12537120349195957,0.3608136280454157,46,True,0.06703175596928125,0.08618243937554235,0.6769296383972444,no_trade
2013-07-01,0.46490000000000004,0.534,0.5596,,0.1637,0.37640042099494103,0.14806306451053294,0.34296923937401724,0.088499579005059,0.3168369354894671,46,True,0.06750223538478671,0.08599113265628372,0.24418033547948542,no_trade
2013-07-02,0.4753,0.5388000000000001,0.5604,,0.16440000000000002,0.3755863885857928,0.16688483866214324,0.3423459699656464,0.0997136114142072,0.30841516133785674,46,True,0.0676702141337489,0.0856642815936892,0.3740578533354433,no_trade
2013-07-03,0.4618,0.5326,0.5603,,0.162,0.3777427639014416,0.16371714145446398,0.344357975632044,0.08405723609855836,0.298082858545536,46,True,0.06792452681057794,0.08536867827237496,0.1889769130137853,no_trade
2013-07-05,0.401,0.4999,0.5418,,0.1489,0.3733448903466212,0.15604397452053173,0.33956260975409563,0.027655109653378807,0.2449560254794683,46,True,0.06805155601756992,0.08504128869892143,-0.4750215687253979,no_trade
2013-07-08,0.3757,0.4832,0.5302,,0.1478,0.3731068608794873,0.1683434301989485,0.33952067251562723,0.0025931391205126775,0.20735656980105147,46,True,0.06773595878034966,0.08478104000836159,-0.7683654228989433,no_trade
2013-07-09,0.3667,0.47159999999999996,0.5183,,0.1435,0.3762800880520067,0.167546429938156,0.34288423289567344,-0.009580088052006663,0.19915357006184403,46,True,0.0672309756822114,0.0846437587006459,-0.9074628172630043,long_correlation
2013-07-10,0.3644,0.4736,0.5231,,0.1421,0.3548826198716987,0.16664272357642468,0.3222459815439837,0.009517380128301278,0.19775727642357532,46,True,0.06664012134579432,0.08458375001513994,-0.6753394263941767,no_trade
2013-07-11,0.3657,0.4826,0.5332,,0.1401,0.35615619156425377,0.1147482683285297,0.3229627749610798,0.00954380843574626,0.25095173167147033,46,True,0.0662040698861188,0.08440548141168448,-0.6712865148415456,no_trade
2013-07-12,0.3515,0.4869,0.5381,,0.1384,0.342327558758829,0.11967740934718919,0.31199029411304396,0.009172441241171003,0.2318225906528108,46,True,0.06577482548119175,0.08422720780931817,-0.6720201905322896,no_trade
2013-07-15,0.3528,0.4875,0.5357999999999999,,0.1379,0.34123181048539686,0.1234065945271632,0.3127089220952512,0.011568189514603144,0.22939340547283682,46,True,0.06534924364480062,0.0840509807906293,-0.6398623029059696,no_trade
2013-07-16,0.39909999999999995,0.5129,0.5516,,0.1442,0.3503169722426436,0.13662178541949674,0.3197492710279673,0.04878302775735638,0.26247821458050324,46,True,0.06494789249457526,0.08386319462012791,-0.19275278995082754,no_trade
2013-07-17,0.37329999999999997,0.4936,0.5424,,0.1378,0.3503075038570853,0.2204132667320279,0.31978784581572384,0.022992496142914653,0.15288673326797206,46,True,0.06482815275578105,0.08356126883718318,-0.5006584652799135,no_trade
2013-07-18,0.37979999999999997,0.49060000000000004,0.5390999999999999,,0.1377,0.3402829861556529,0.24026691690819044,0.30635391410064505,0.03951701384434708,0.13953308309180953,46,True,0.06452053763362763,0.08332846341062447,-0.300059820688984,no_trade
2013-07-19,0.34850000000000003,0.4792,0.5361,,0.12539999999999998,0.3396051868362696,0.24950107946327976,0.301550795117093,0.00889481316373042,0.09899892053672027,46,True,0.06433803016071316,0.08304902179244138,-0.6675962678470566,no_trade
2013-07-22,0.3335,0.46490000000000004,0.5245000000000001,,0.1229,0.3395553774835932,0.2586319007641304,0.3005083076654713,-0.006055377483593194,0.07486809923586962,46,True,0.06393626771870604,0.08287985844095441,-0.8444952310356919,no_trade
2013-07-23,0.3568,0.4772,0.5362,,0.1266,0.34102778506801323,0.2758132860866193,0.30253404104424453,0.015772214931986772,0.08098671391338069,46,True,0.06343273070286215,0.08279213998327278,-0.5756647404029495,no_trade
2013-07-24,0.4057,0.5015999999999999,0.555,,0.1318,0.3402313611820377,0.3022189903082683,0.29939567212969703,0.06546863881796233,0.10348100969173168,46,True,0.06309229844735592,0.08259207222054428,0.028772015360758935,no_trade
2013-07-25,0.38880000000000003,0.4802,0.537,,0.1297,0.33678222124866836,0.31683674408736456,0.28529190035177254,0.05201777875133168,0.07196325591263547,46,True,0.06310915192516163,0.08229681523372656,-0.13477281158851612,no_trade
2013-07-26,0.3859,0.4729,0.5242,,0.1272,0.3340488737992246,0.32097443772135714,0.2888969480241033,0.05185112620077542,0.06492556227864288,46,True,0.06303104366337409,0.08200974530816746,-0.1363242553746261,no_trade
2013-07-29,0.40009999999999996,0.4752,0.5227,,0.13390000000000002,0.3323541682957544,0.3563562135245955,0.28463605420569243,0.06774583170424553,0.043743786475404445,46,True,0.06295286242237691,0.08172581609774511,0.05864694304350743,no_trade
2013-07-30,0.3958,0.4604,0.5095000000000001,,0.13390000000000002,0.32990591950541376,0.35202686593719806,0.2820309147005767,0.06589408049458623,0.04377313406280192,46,True,0.06298614693127876,0.08144053961270978,0.035706216794929656,no_trade
2013-07-31,0.40759999999999996,0.4672,0.512,,0.13449999999999998,0.32942234154593353,0.360534037185587,0.2820269624345723,0.07817765845406643,0.04706596281441294,46,True,0.06300620164550848,0.08115762660020044,0.1869381528774338,no_trade
2013-08-01,0.3969,0.4515,0.5024000000000001,,0.1294,0.3327337614531482,0.30029611806638645,0.2889429912960618,0.06416623854685177,0.09660388193361352,46,True,0.06311011573323833,0.08088703437075895,0.013056762704051374,no_trade
2013-08-02,0.359,0.4334,0.4929,,0.1198,0.33342910955540694,0.2951456886178959,0.29014852543924075,0.025570890444593042,0.06385431138210407,46,True,0.06311730024217446,0.08060959507945853,-0.4657809006554512,no_trade
2013-08-05,0.3319,0.41969999999999996,0.4855,,0.1184,0.33398205329633557,0.31839762210138256,0.2907122730572654,-0.0020820532963355953,0.013502377898617413,46,True,0.0628636082840827,0.0803942074614066,-0.8078400625019606,no_trade
2013-08-06,0.3822,0.4542,0.5092,,0.1272,0.33440607910328085,0.3264237163514619,0.2907108939196104,0.04779392089671913,0.055776283648538094,46,True,0.06242773136072417,0.08029860798939341,-0.18224239286860378,no_trade
2013-08-07,0.3861,0.4558,0.5129,,0.1298,0.33688533940351084,0.32578524303427997,0.2931315039484438,0.04921466059648916,0.06031475696572003,46,True,0.06233017262429748,0.08003761509221193,-0.16386685201324205,no_trade
2013-08-08,0.377,0.4537,0.5064,,0.1273,0.33290941544854574,0.35778536015100726,0.28895776446227034,0.04409058455145426,0.019214639848992743,46,True,0.062243314928749086,0.07977751697023049,-0.22754193244781784,no_trade
2013-08-09,0.4081,0.473,0.5209,,0.1341,0.33505996251632747,0.37490322881323634,0.2904544617681408,0.07304003748367255,0.033196771186763674,46,True,0.062123889071003725,0.07952654543718488,0.13726420973850917,no_trade
2013-08-12,0.4183,0.4738,0.5239,,0.1281,0.3426748855044022,0.37638924173861804,0.3022170999883748,0.07562511449559778,0.041910758261381964,46,True,0.06219523644624993,0.07926942602948543,0.16942065462101882,no_trade
2013-08-13,0.377,0.45020000000000004,0.5094,,0.1231,0.3383476409240303,0.3752297401498692,0.2947260011901569,0.0386523590759697,0.0017702598501307953,46,True,0.062282443446570364,0.07901736219022727,-0.2990492686115406,no_trade
2013-08-14,0.3782,0.4578,0.5127,,0.1304,0.3382488724005431,0.3787374986695414,0.2936597905815115,0.039951127599456904,-0.0005374986695413919,46,True,0.062129991289340686,0.07878326088516364,-0.2815174624748298,no_trade
2013-08-15,0.46409999999999996,0.49060000000000004,0.5325,,0.14730000000000001,0.35311701719371336,0.3114191685061044,0.3089558876718784,0.1109829828062866,0.15268083149389555,46,True,0.0619878190862004,0.07854878438575703,0.6237545762575839,no_trade
2013-08-16,0.45439999999999997,0.4857,0.5275,,0.1437,0.35256481680848706,0.29731751232174997,0.3070353724910686,0.10183518319151291,0.15708248767825,46,True,0.06229989019269777,0.07839420124287982,0.5043139973622213,no_trade
2013-08-19,0.5018,0.5027,0.5435,,0.151,0.3501006939825236,0.3302486469201786,0.30507725429242377,0.15169930601747644,0.17155135307982144,46,True,0.06255011356610798,0.07820741122396131,1.1399072166712352,short_correlation
2013-08-20,0.489,0.4936,0.5367000000000001,,0.1491,0.3542726380413813,0.333677680267362,0.30848283725708614,0.13472736195861867,0.155322319732638,46,True,0.06311080031108515,0.07827945166985109,0.914883281880681,short_correlation
2013-08-21,0.5162,0.5031,0.5399,,0.1594,0.35491925340368496,0.326996643608218,0.3095762261801915,0.16128074659631503,0.18920335639178198,46,True,0.06355840382138224,0.0782380313979636,1.2490388757081676,short_correlation
2013-08-22,0.48100000000000004,0.47979999999999995,0.521,,0.1476,0.3564983228311077,0.3301068616375693,0.31060101553507413,0.12450167716889232,0.15089313836243073,46,True,0.06416537489451847,0.0783724872487839,0.7698658597224766,short_correlation
2013-08-23,0.45549999999999996,0.4643,0.5104,,0.1398,0.3613680904251339,0.33579332602584017,0.3139478965582031,0.09413190957486606,0.1197066739741598,46,True,0.0645378212048541,0.07827239736806037,0.37809099203709895,no_trade
2013-08-26,0.4914,0.483,0.5203,,0.1499,0.3540791110659262,0.32444785517572367,0.306643160405675,0.1373208889340738,0.16695214482427634,46,True,0.06471938002921,0.07806486364221088,0.930015188876946,short_correlation
2013-08-27,0.5459,0.5236999999999999,0.5539000000000001,,0.1677,0.36510347729373843,0.25761445386066795,0.3219907373307295,0.18079652270626162,0.2882855461393321,46,True,0.06516207215667869,0.07803124883428846,1.481899268268162,short_correlation
2013-08-28,0.5343,0.5253,0.5605,,0.1649,0.36766167666576655,0.26952029951311457,0.32508108060914603,0.16663832333423345,0.2647797004868854,46,True,0.06586288700849434,0.07831211172950586,1.2868435558706774,short_correlation
2013-08-29,0.5519,0.5418,0.5756,,0.1681,0.3522717861467711,0.29433307475813886,0.31166125545481715,0.19962821385322882,0.2575669252418611,46,True,0.06646996795021566,0.07846526164621695,1.6970343704886268,short_correlation
2013-08-30,0.5525,0.5412,0.5686,,0.17010000000000003,0.3480525545280655,0.30046276955549056,0.3046470484971691,0.2044474454719345,0.25203723044450943,46,True,0.06726732271610196,0.07890426165249105,1.7385641774331422,short_correlation
2013-09-03,0.5354,0.5224,0.5562,,0.1661,0.3413607299492012,0.3120013351340877,0.2965410499952406,0.1940392700507988,0.2233986648659123,46,True,0.06808387106583906,0.0793764195224462,1.586811294119179,short_correlation
2013-09-04,0.516,0.511,0.5454,,0.1588,0.34544954777590037,0.3342925144498185,0.2996504227996359,0.17055045222409965,0.1817074855501815,46,True,0.068829169284685,0.07973071330545008,1.2758105217210114,short_correlation
2013-09-05,0.5014,0.49450000000000005,0.5336,,0.1577,0.3379380473792045,0.3416753044366628,0.2918859856982138,0.16346195262079544,0.15972469556333718,46,True,0.0694275297725639,0.07987638784457027,1.1772493146686989,short_correlation
2013-09-06,0.508,0.4953,0.5284,,0.1585,0.33372142781134656,0.3663132943532557,0.2876018996790943,0.17427857218865345,0.1416867056467443,46,True,0.06997743867810911,0.0799650979727703,1.3043332173001394,short_correlation
2013-09-09,0.4754,0.4807,0.5142,,0.1563,0.32698177100569714,0.3763529520620521,0.28274538292333057,0.14841822899430285,0.09904704793794789,46,True,0.07058384061712392,0.08012659391585344,0.9713926996437448,short_correlation
2013-09-10,0.4339,0.4558,0.49229999999999996,,0.14529999999999998,0.3318154530221637,0.34077804446866433,0.2883388834081646,0.10208454697783631,0.09312195553133568,46,True,0.07103375037652956,0.08011218600326696,0.3875914283507443,no_trade
2013-09-11,0.4069,0.4388,0.4818,,0.1382,0.3259459456388227,0.45803031330895344,0.2804255689588541,0.08095405436117731,-0.05113031330895346,46,True,0.07121220323056007,0.07991498858944678,0.12190267811542554,no_trade
2013-09-12,0.45189999999999997,0.4642,0.4985,,0.1429,0.32132727789640436,0.4593579219331455,0.2761781260961474,0.1305727221035956,-0.007457921933145539,46,True,0.07126787095130645,0.07968841966422828,0.7442091511184881,no_trade
2013-09-13,0.4473,0.4692,0.5041,,0.1416,0.3191611299238162,0.4623614147788639,0.27477712444627445,0.1281388700761838,-0.015061414778863913,46,True,0.07160483033285353,0.0795860568483674,0.710351058741893,no_trade
2013-09-16,0.4462,0.4679,0.503,,0.1438,0.25673902279381106,0.47545353103848187,0.22393372443218598,0.18946097720618893,-0.029253531038481884,46,True,0.07192423168733562,0.0794733237983592,1.4789458890264757,short_correlation
2013-09-17,0.45649999999999996,0.4832,0.5101,,0.14529999999999998,0.25861770108670773,0.5043102992091227,0.22495738952144556,0.19788229891329223,-0.047810299209122775,46,True,0.07258455048238537,0.07973667443505783,1.5713942087333552,short_correlation
2013-09-18,0.4334,0.4692,0.5,,0.1359,0.2585692409175527,0.4599492331538698,0.23001301401826346,0.17483075908244733,-0.02654923315386981,46,True,0.07328453790378707,0.08006200940020616,1.268344648596826,short_correlation
2013-09-19,0.39909999999999995,0.47490000000000004,0.5088,,0.1316,0.25645723571152024,0.4336641562242791,0.22436478537979387,0.14264276428847972,-0.03456415622427916,46,True,0.07384868357700185,0.08019602590955249,0.857824062118314,short_correlation
2013-09-20,0.3857,0.4828,0.5266,,0.13119999999999998,0.25232176074513285,0.4403616679344561,0.21751866457339608,0.13337823925486714,-0.05466166793445609,46,True,0.07422876137098791,0.08013625683693111,0.738111314635549,no_trade
2013-09-23,0.4028,0.5007,0.5301,,0.1431,0.25251682858347135,0.43309629737686905,0.21522816577701676,0.15028317141652864,-0.030296297376869064,46,True,0.07455375850221803,0.08003476372072131,0.9462064907015396,short_correlation
2013-09-24,0.40020000000000006,0.495,0.5265,,0.1408,0.2565505440323295,0.42696789940105756,0.21880327411402994,0.14364945596767054,-0.026767899401057504,46,True,0.07496758043071153,0.08001066486544034,0.858409009004815,short_correlation
2013-09-25,0.3664,0.4793,0.514,,0.1401,0.2574610966688914,0.4250531779526302,0.21795609148360712,0.10893890333110862,-0.0586531779526302,46,True,0.0753408514934124,0.0799522447851848,0.42022649805477336,no_trade
2013-09-26,0.3616,0.46259999999999996,0.5013000000000001,,0.1406,0.2597970154764417,0.4156680547341576,0.21967494435620596,0.1018029845235583,-0.0540680547341576,46,True,0.07552246258442696,0.07977294109047295,0.3294415572484131,no_trade
2013-09-27,0.40159999999999996,0.4764,0.5083,,0.15460000000000002,0.2587693170462378,0.4097922821000529,0.217143403791507,0.14283068295376217,-0.008192282100052961,46,True,0.07566375571313198,0.07958038005307362,0.8440136525590267,short_correlation
2013-09-30,0.4449,0.5047,0.5275,,0.166,0.257232806278171,0.40110689266771477,0.21487338147602486,0.187667193721829,0.04379310733228525,46,True,0.07602293714222626,0.07951800687189639,1.4040122605117829,short_correlation
2013-10-01,0.4094,0.4818,0.5149,,0.15539999999999998,0.260687393885785,0.4062813045732364,0.22009401540483148,0.148712606114215,0.0031186954267635736,46,True,0.07661678957084117,0.07972201821992271,0.9043400826166856,short_correlation
2013-10-02,0.4172,0.48479999999999995,0.5102,,0.166,0.25726000170601265,0.40275037138015235,0.21603066728476467,0.15993999829398736,0.014449628619847665,46,True,0.0769982489176315,0.07968246625298625,1.040903391632252,short_correlation
2013-10-03,0.45520000000000005,0.5143,0.5293,,0.17670000000000002,0.26473253323026763,0.3745058953309839,0.22263265528207485,0.19046746676973242,0.08069410466901616,46,True,0.07743478444066496,0.07969886004453934,1.418247165215408,short_correlation
2013-10-04,0.433,0.5056,0.5253,,0.1674,0.2487097023219057,0.3645306524552531,0.2062240516243241,0.1842902976780943,0.06846934754474687,46,True,0.07802657858898468,0.07990850565549645,1.329817373224778,short_correlation
2013-10-07,0.5135000000000001,0.5592,0.5619,,0.1941,0.263984421259155,0.3403922102663165,0.21771703336486395,0.24951557874084507,0.17310778973368357,46,True,0.07858003545924046,0.08006716186258186,2.1349019910931633,short_correlation
2013-10-08,0.5521,0.5737,0.5722999999999999,,0.2034,0.2762039206951002,0.2920801682273891,0.23463114383684744,0.27589607930489984,0.26001983177261095,46,True,0.07946571184930058,0.08080070951786278,2.431047556731838,short_correlation
2013-10-09,0.49560000000000004,0.5336,0.5481,,0.196,0.27461270850253405,0.34709447630988066,0.23370816368103914,0.220987291497466,0.14850552369011938,46,True,0.08047823951659748,0.08181575701532745,1.7173837547520996,short_correlation
2013-10-10,0.4044,0.4814,0.5108,,0.1648,0.3187931011143393,0.2741759243390023,0.27554889238137925,0.0856068988856607,0.1302240756609977,46,True,0.081198798757525,0.0822226183895906,0.053611770270426726,no_trade
2013-10-11,0.3821,0.4738,0.4999,,0.1572,0.3300423965958672,0.2737125084369226,0.2857833708358527,0.05205760340413279,0.10838749156307742,46,True,0.08122128906430122,0.08201212459850138,-0.3556021235023747,no_trade
2013-10-14,0.3835,0.4705,0.4935,,0.1607,0.3413869936947381,0.270802249153653,0.302519378144959,0.042113006305261935,0.11269775084634703,46,True,0.08107325005079782,0.08182902710007094,-0.47611764585555133,no_trade
2013-10-15,0.46740000000000004,0.5305,0.5339,,0.1866,0.3501267753427855,0.2560846250604918,0.30853982357926857,0.11727322465721451,0.21131537493950825,46,True,0.0808764811429921,0.08166802339620705,0.4456670065056675,no_trade
2013-10-16,0.353,0.4546,0.4874,,0.1471,0.3704405412357353,0.21157274565780596,0.3270168217695872,-0.017440541235735296,0.14142725434219403,46,True,0.08105937935160629,0.08150237887683935,-1.2085527066171617,long_correlation
2013-10-17,0.32439999999999997,0.43689999999999996,0.4719,,0.1348,0.3602771480243273,0.22138584406956974,0.31994922990452335,-0.03587714802432734,0.10301415593043023,46,True,0.08056687974866956,0.08159515209314348,-1.4270949288760724,long_correlation
2013-10-18,0.29460000000000003,0.4045,0.44909999999999994,,0.1304,0.3482836485580435,0.24038791900333756,0.31136194370437886,-0.05368364855804347,0.05421208099666247,46,True,0.07998755622741087,0.0818042710686716,-1.6340369890129873,long_correlation
2013-10-21,0.2977,0.41090000000000004,0.457,,0.1316,0.3479536947495368,0.24264805898515923,0.31024725769114064,-0.05025369474953678,0.05505194101484079,46,True,0.07932581758985911,0.08214073860347482,-1.5775304013873852,long_correlation
2013-10-22,0.3172,0.435,0.4744,,0.1333,0.344854920619336,0.25645368263658425,0.30745255990972203,-0.027654920619336,0.060746317363415736,46,True,0.07868749486897539,0.08244036023343156,-1.2899314751561088,long_correlation
2013-10-23,0.3064,0.4252,0.47200000000000003,,0.13419999999999999,0.34412167326687865,0.2556696286207573,0.3076895545906279,-0.03772167326687864,0.05073037137924269,46,True,0.0781662085185425,0.0825734096311372,-1.4034527858677832,long_correlation
2013-10-24,0.3073,0.42,0.4678,,0.132,0.3480388787281154,0.2557444852275673,0.31213432586325,-0.04073887872811538,0.0515555147724327,46,True,0.0776009017781258,0.082767486408467,-1.4297858451593037,long_correlation
2013-10-25,0.3123,0.4215,0.4678,,0.1309,0.3399411674448924,0.26094304475079183,0.30132099587809213,-0.027641167444892367,0.05135695524920819,46,True,0.07702643682421202,0.08297603268691706,-1.2614197242236609,long_correlation
2013-10-28,0.3299,0.4328,0.4808,,0.1331,0.3350913254762581,0.2715080001495411,0.298191168782451,-0.005191325476258057,0.05839199985045895,46,True,0.07652079622387817,0.08309346396572372,-0.9833760418730733,long_correlation
2013-10-29,0.37939999999999996,0.4535,0.49770000000000003,,0.1341,0.3377049750418863,0.2644220194838368,0.30026093101543255,0.04169502495811367,0.11497798051616315,46,True,0.07612794948493523,0.08308591280805969,-0.4144255429481353,no_trade
2013-10-30,0.3946,0.4623,0.5005,,0.1365,0.3400058708683465,0.24803048564579608,0.30187132599716565,0.05459412913165351,0.14656951435420393,46,True,0.07596319864987866,0.08292016019880148,-0.2577065633615842,no_trade
2013-10-31,0.4152,0.4703,0.506,,0.1375,0.3375505436068582,0.25875249291131797,0.2994948725439387,0.0776494563931418,0.15644750708868205,46,True,0.07586144117598236,0.08273469097284208,0.021611432835911222,no_trade
2013-11-01,0.3825,0.4531,0.4955,,0.1328,0.3351752558991728,0.26061431151053605,0.29805550616782334,0.04732474410082721,0.12188568848946396,46,True,0.07586991518175087,0.08253756033105246,-0.34584461869760813,no_trade
2013-11-04,0.3761,0.4432,0.49200000000000005,,0.1293,0.3301284066668759,0.2673399124599951,0.29399348480981924,0.04597159333312412,0.10876008754000488,46,True,0.07573526814835028,0.08236507694704309,-0.3613627998473531,no_trade
2013-11-05,0.3944,0.4537,0.5041,,0.13269999999999998,0.3299367355371182,0.2679693301963095,0.293782021434993,0.06446326446288175,0.1264306698036905,46,True,0.07559553258583748,0.08219589355011947,-0.13543581853231826,no_trade
2013-11-06,0.3846,0.4495,0.5025,,0.1267,0.3292733599917451,0.3067197537041804,0.29476603464321105,0.05532664000825488,0.07788024629581958,46,True,0.0755435126413377,0.08200624934940903,-0.2465284389113268,no_trade
2013-11-07,0.45289999999999997,0.48100000000000004,0.5252,,0.1391,0.3440513526879613,0.24698517950449808,0.3098004274439707,0.1088486473120387,0.2059148204955019,46,True,0.07544948067560243,0.08182603873145121,0.4081728402623837,no_trade
2013-11-08,0.40259999999999996,0.4532,0.5032,,0.129,0.32912488197019146,0.2103143511932449,0.3005676961595688,0.0734751180298085,0.19228564880675506,46,True,0.07560410644706742,0.08166714837108757,-0.026069092159126263,no_trade
2013-11-11,0.4043,0.4507,0.5033,,0.1253,0.32744370237620507,0.22904508398290097,0.29986150644870474,0.07685629762379492,0.17525491601709903,46,True,0.07559429544053627,0.08147801291586863,0.015488867954619316,no_trade
2013-11-12,0.40619999999999995,0.4573,0.5168,,0.1282,0.32712472325124986,0.24479280213792184,0.29995421272484607,0.07907527674875009,0.1614071978620781,46,True,0.0756000844413769,0.08129010370802582,0.04275049666384023,no_trade
2013-11-13,0.3889,0.4447,0.5063,,0.1252,0.3312513856342605,0.20712781162431204,0.306670985824742,0.05764861436573954,0.18177218837568798,46,True,0.07561595289940144,0.08110378418310236,-0.22153514431704316,no_trade
2013-11-14,0.3848,0.4508,0.5084000000000001,,0.12369999999999999,0.31950530207621936,0.2312950517533298,0.2934841144252786,0.06529469792378062,0.1535049482466702,46,True,0.07553428317879389,0.08092747043608199,-0.1265279292660047,no_trade
2013-11-15,0.3714,0.44909999999999994,0.5126,,0.1219,0.31842635046632484,0.2212122893275303,0.2919183319247056,0.05297364953367517,0.15018771067246972,46,True,0.07548795021383907,0.08074627272188399,-0.2788277393027212,no_trade
2013-11-18,0.4261,0.45520000000000005,0.5251,,0.131,0.3187049074898308,0.3045885821760768,0.2915893015650733,0.10739509251016915,0.12151141782392316,46,True,0.0753865344450095,0.08057755133791915,0.39723915077693206,no_trade
2013-11-19,0.4629,0.466,0.5336,,0.13390000000000002,0.3157865819698289,0.2979008992026431,0.2902853439338856,0.14711341803017108,0.16499910079735686,46,True,0.07553007057983084,0.08042443397207102,0.8900696456900024,short_correlation
2013-11-20,0.44770000000000004,0.4486,0.5221,,0.134,0.30085990545895347,0.291566174978736,0.2748809403849151,0.14684009454104657,0.15613382502126405,46,True,0.07584963909523415,0.08038632021552279,0.8831161229358524,short_correlation
2013-11-21,0.4313,0.4336,0.5065,,0.1266,0.3039475815397663,0.30006803490980616,0.2781404027255999,0.1273524184602337,0.13123196509019386,46,True,0.07616515223054887,0.08034619381850275,0.6370838965354577,no_trade
2013-11-22,0.37770000000000004,0.3944,0.4772,,0.1226,0.3029445205149686,0.31048827620639935,0.2761985533600113,0.07475547948503142,0.06721172379360069,46,True,0.0763916445589988,0.08023972348440016,-0.020390961021762227,no_trade
2013-11-25,0.4007,0.4029,0.4844,,0.12789999999999999,0.3047631722766894,0.3254408767301608,0.28093421953883657,0.09593682772331058,0.07525912326983919,46,True,0.07638443678334256,0.08006207881307803,0.2442153792386186,no_trade
2013-11-26,0.4115,0.4138,0.4861,,0.1281,0.3076540959494312,0.3343992355854772,0.2823469968600601,0.10384590405056876,0.0771007644145228,46,True,0.07647019288395644,0.07989602990830329,0.342641695689153,no_trade
2013-11-27,0.40369999999999995,0.40490000000000004,0.47979999999999995,,0.1298,0.3072219761576254,0.33017189947720293,0.28096152403327007,0.09647802384237453,0.07352810052279701,46,True,0.07658973747420367,0.07974114967756972,0.24941057971434302,no_trade
2013-11-29,0.41479999999999995,0.4158,0.4843,,0.13699999999999998,0.309046243165199,0.3333128978665159,0.28155258051426846,0.10575375683480093,0.08148710213348404,46,True,0.07667620828450007,0.07957765812974005,0.36539839489739756,no_trade
2013-12-02,0.4255,0.4205,0.48619999999999997,,0.1423,0.31066380037948255,0.34155532229176816,0.2823842242625221,0.11483619962051744,0.08394467770823183,46,True,0.07680208511805116,0.07942751918386409,0.4788531090140483,no_trade
2013-12-03,0.4286,0.4257,0.4891,,0.14550000000000002,0.3041216768813737,0.34729962677871806,0.274042446194809,0.12447832311862628,0.08130037322128192,46,True,0.07696602526676868,0.0792947387859448,0.5991860062761096,no_trade
2013-12-04,0.43270000000000003,0.4171,0.4789,,0.147,0.2988715549355232,0.3441225948622433,0.2661374945013616,0.13382844506447683,0.08857740513775675,46,True,0.07716994070819297,0.07918486046291554,0.7155219321604868,no_trade
2013-12-05,0.4484,0.42,0.4711,,0.1508,0.29813880105356544,0.3466550479984706,0.2644922056829694,0.15026119894643458,0.10174495200152944,46,True,0.07741207106868991,0.07910151680089396,0.9209574079484829,short_correlation
2013-12-06,0.37520000000000003,0.3849,0.4414,,0.1379,0.30571224845794226,0.3172138791944655,0.2714425168459724,0.06948775154205777,0.05798612080553456,46,True,0.07772206735753139,0.07907523879031346,-0.1041326708770217,no_trade
2013-12-09,0.3768,0.3875,0.441,,0.1349,0.3064267976751723,0.3078059385424581,0.2717368751165613,0.07037320232482774,0.06899406145754194,46,True,0.07768717618882175,0.0789086347472175,-0.09268914469784195,no_trade
2013-12-10,0.38770000000000004,0.3933,0.44659999999999994,,0.1391,0.3054638123543169,0.30420688412083846,0.27099149350883184,0.08223618764568313,0.08349311587916158,46,True,0.07765631553960657,0.07874271121372796,0.058162489397216875,no_trade
2013-12-11,0.4428,0.4296,0.4731,,0.1542,0.3073038774636104,0.33529384790900374,0.27289059886022926,0.13549612253638965,0.10750615209099629,46,True,0.07767555869971614,0.0785769725410093,0.7358461641735685,no_trade
2013-12-12,0.4539,0.4218,0.4682,,0.15539999999999998,0.2987124903287796,0.3464908512902683,0.2607064717940605,0.1551875096712204,0.10740914870973173,46,True,0.07791748574505789,0.07850086855735354,0.9843206240413539,short_correlation
2013-12-13,0.46,0.42450000000000004,0.46740000000000004,,0.1576,0.29305067888291947,0.3602579823863062,0.2544487244937088,0.16694932111708055,0.09974201761369383,46,True,0.07823944417808354,0.07849509574946018,1.130132731121703,short_correlation
2013-12-16,0.4526,0.43310000000000004,0.48100000000000004,,0.1603,0.2928350399154007,0.366883887071087,0.25454476302110673,0.15976496008459928,0.08571611292891301,46,True,0.07860753495376402,0.07853954743032496,1.0333319682397293,short_correlation
2013-12-17,0.441,0.42560000000000003,0.47950000000000004,,0.16210000000000002,0.29242704182891327,0.37085777541150367,0.2525414209179535,0.14857295817108673,0.07014222458849634,46,True,0.07894289621463525,0.07854987138852075,0.8864439969869536,short_correlation
2013-12-18,0.3387,0.3665,0.4293,,0.138,0.31140825881527334,0.28991626931548786,0.27201283758829936,0.02729174118472666,0.04878373068451214,46,True,0.07922943967947661,0.07851457270170971,-0.6615039311500829,no_trade
2013-12-19,0.3326,0.3739,0.4459,,0.14150000000000001,0.30773646819425193,0.2883286383826572,0.27024890210175934,0.024863531805748074,0.0442713616173428,46,True,0.07901658025941616,0.07842337078483949,-0.6905218165416673,no_trade
2013-12-20,0.3145,0.3677,0.43920000000000003,,0.1379,0.3068738375417505,0.318680313406149,0.27083572286613106,0.007626162458249486,-0.004180313406148994,46,True,0.07879554740858487,0.0783389357052034,-0.9084803656020081,long_correlation
2013-12-23,0.2812,0.3515,0.41979999999999995,,0.1304,0.31037779911532487,0.38960813787572746,0.2754379015439319,-0.029177799115324865,-0.10840813787572745,46,True,0.07850624096569732,0.07831046976589624,-1.375091228579476,long_correlation
2013-12-24,0.2572,0.3406,0.4108,,0.12480000000000001,0.3063845030482701,0.3645522066692387,0.27380469049413614,-0.0491845030482701,-0.10735220666923873,46,True,0.07807027319208994,0.07845092391899539,-1.6220940415151404,long_correlation
2013-12-26,0.2434,0.3381,0.4094,,0.1233,0.30695422097297165,0.356622311741561,0.27372469961968543,-0.06355422097297164,-0.113222311741561,46,True,0.07755714909434656,0.07870786339227094,-1.7928497101240746,long_correlation
2013-12-27,0.2425,0.34299999999999997,0.4083,,0.1246,0.30779214479411915,0.367570137712835,0.2739990399382163,-0.06529214479411916,-0.12507013771283498,46,True,0.07699043676475892,0.07905642140661365,-1.799759956589372,long_correlation
2013-12-30,0.2827,0.3785,0.4346,,0.1356,0.2995050840831804,0.38924176647140807,0.26801278298664244,-0.016805084083180377,-0.10654176647140806,46,True,0.07642130643852343,0.07940903617556659,-1.1740022925802578,long_correlation
2013-12-31,0.299,0.392,0.441,,0.13720000000000002,0.2996488846850703,0.3653507764907278,0.2673641612067919,-0.0006488846850702945,-0.06635077649072779,46,True,0.07604988655596684,0.07946821994511932,-0.9651502360818606,long_correlation
2014-01-02,0.2928,0.38530000000000003,0.4376,,0.1423,0.29747522037890306,0.42339526131205524,0.2638281607110121,-0.0046752203789030555,-0.13059526131205523,46,True,0.07574552635262939,0.07945679255757061,-1.0121318032471975,long_correlation
2014-01-03,0.2891,0.3872,0.44380000000000003,,0.1376,0.2836894369407732,0.42312398086063,0.25057208334498976,0.005410563059226825,-0.13402398086063,46,True,0.07603108559124472,0.07903515848164287,-0.8935330033964642,no_trade
2014-01-06,0.2743,0.3768,0.43729999999999997,,0.1355,0.2856343292708939,0.42386826308476927,0.24952683734355685,-0.011334329270893895,-0.14956826308476928,46,True,0.07629080426651903,0.07869303267587972,-1.113505612349732,long_correlation
2014-01-07,0.2652,0.37200000000000005,0.43310000000000004,,0.1292,0.2506324293686104,0.4379069167418892,0.2116315930973997,0.014567570631389581,-0.1727069167418892,46,True,0.07654818805879803,0.07829738174580325,-0.7916052369239105,no_trade
2014-01-08,0.255,0.3661,0.4302,,0.12869999999999998,0.2474399561080522,0.46481451802838575,0.20721202711074468,0.00756004389194781,-0.20981451802838574,46,True,0.0769714434947202,0.07766787875113368,-0.8936950605434067,no_trade
2014-01-09,0.2433,0.358,0.426,,0.12890000000000001,0.24475583417415034,0.46930403853058267,0.20317975234238114,-0.00145583417415035,-0.22600403853058268,46,True,0.07732884817808149,0.07713649785243393,-1.0213671160304811,long_correlation
2014-01-10,0.22399999999999998,0.35350000000000004,0.4236,,0.12140000000000001,0.23548944120521967,0.4833405824401693,0.19831801992975975,-0.011489441205219691,-0.25934058244016933,46,True,0.07763262408824771,0.0766716572016198,-1.1623860569376683,long_correlation
2014-01-13,0.287,0.39840000000000003,0.456,,0.1328,0.23307730595127496,0.4727621393295134,0.1915178743847616,0.05392269404872502,-0.1857621393295134,46,True,0.07790023427335362,0.07623950550314916,-0.31450282981751737,no_trade
2014-01-14,0.2527,0.3775,0.4461,,0.12279999999999999,0.2490878414341611,0.4609161444507895,0.21024931824900545,0.00361215856583888,-0.2082161444507895,46,True,0.07841066864584371,0.07564196385061372,-0.9888493935419943,long_correlation
2014-01-15,0.24600000000000002,0.3771,0.4443,,0.12279999999999999,0.26385156190547737,0.45450099995407856,0.23514702363245052,-0.017851561905477348,-0.20850099995407853,46,True,0.07869580851480247,0.07522119796233101,-1.2835128000570857,long_correlation
2014-01-16,0.23870000000000002,0.377,0.4501,,0.1253,0.26373744149232975,0.4547302700011649,0.23622604052578394,-0.025037441492329726,-0.21603027000116487,46,True,0.07897234720681295,0.07473414747042591,-1.3917304501306025,long_correlation
2014-01-17,0.2407,0.3893,0.4572,,0.1244,0.2680291286975588,0.46376753488133227,0.23807107927142748,-0.027329128697558797,-0.22306753488133227,46,True,0.0792149350379518,0.0742938803256523,-1.4340893660217515,long_correlation
2014-01-21,0.2522,0.3874,0.4568,,0.12869999999999998,0.26630805229821913,0.4694140009949337,0.2357646600407093,-0.014108052298219154,-0.2172140009949337,46,True,0.0794201461460924,0.07392551458095113,-1.2651680407566832,long_correlation
2014-01-22,0.2635,0.38299999999999995,0.4573,,0.1284,0.2649201953243554,0.4844551393862823,0.2287150826316061,-0.0014201953243553889,-0.2209551393862823,46,True,0.07978291620189516,0.07323540747937218,-1.1087957904668255,long_correlation
2014-01-23,0.29760000000000003,0.3937,0.4632,,0.1377,0.277179898028138,0.47620656094104497,0.23844190599838194,0.020420101971862004,-0.17860656094104493,46,True,0.08019887738421273,0.07246828052430253,-0.8248957334140649,no_trade
2014-01-24,0.40740000000000004,0.452,0.5042,,0.1814,0.3160017630287485,0.4211597645451789,0.27568220638910823,0.09139823697125155,-0.013759764545178854,46,True,0.08059353512654073,0.07186596162543442,0.15034519263827498,no_trade
2014-01-27,0.41590000000000005,0.46270000000000006,0.5177,,0.17420000000000002,0.30663506534451157,0.4288840919506453,0.2695723537053181,0.10926493465548848,-0.01298409195064526,46,True,0.08105756124046515,0.07155480879886005,0.3942065374573778,no_trade
2014-01-28,0.40549999999999997,0.4547,0.5129,,0.158,0.30409841246480324,0.43441962515062144,0.26546961959681326,0.10140158753519674,-0.028919625150621464,46,True,0.08155617341408962,0.0713104609964035,0.2782959729023209,no_trade
2014-01-29,0.4592,0.4763,0.5205,,0.17350000000000002,0.313211516670054,0.4069785071809301,0.2747571060013984,0.14598848332994602,0.052221492819069903,46,True,0.08191504354061625,0.07118124281924872,0.9001449996037879,short_correlation
2014-01-30,0.4303,0.4558,0.5047,,0.1729,0.3226868008738963,0.4205422141023379,0.28722748725319835,0.10761319912610373,0.00975778589766213,46,True,0.08254738162906532,0.07103913613637983,0.35284519013459636,no_trade
2014-01-31,0.5513,0.517,0.5458,,0.1841,0.31660830345168794,0.47111427430822045,0.28148181384329946,0.23469169654831207,0.08018572569177956,46,True,0.08273195324340715,0.07104361614866202,2.1389640835134602,short_correlation
2014-02-03,0.603,0.5517,0.5766,,0.2144,0.35188927317397295,0.33507111392117256,0.31389395705752154,0.25111072682602703,0.2679288860788274,46,True,0.08333228308524358,0.0716856387140978,2.3404749786764176,short_correlation
2014-02-04,0.5193,0.5039,0.5485,,0.1911,0.35223689702340094,0.345980771231097,0.3151847718266414,0.16706310297659904,0.173319228768903,46,True,0.08428027318091343,0.07231825181546798,1.1447017553316934,short_correlation
2014-02-05,0.562,0.5295000000000001,0.5617,,0.19949999999999998,0.34017347907953915,0.3454183603175282,0.3022464723351782,0.2218265209204609,0.21658163968247185,46,True,0.08472018342180167,0.07248377659286463,1.8915451697387982,short_correlation
2014-02-06,0.4911,0.4733,0.5158,,0.1723,0.3429617189282519,0.3257600405337484,0.3045495860721066,0.1481382810717481,0.16533995946625157,46,True,0.08541321018751567,0.07295680376073946,0.8597562893508627,short_correlation
2014-02-07,0.423,0.42619999999999997,0.4797,,0.15289999999999998,0.35276729245615485,0.28176362043228376,0.31528260531109936,0.07023270754384514,0.14123637956771623,46,True,0.08581883992462329,0.07302048297171769,-0.2134487714469784,no_trade
2014-02-10,0.41,0.413,0.47009999999999996,,0.15259999999999999,0.35165630671909054,0.2858814539324526,0.3145210766790316,0.05834369328090944,0.12411854606754735,46,True,0.08592846948541787,0.0729760720106493,-0.37799754692857435,no_trade
2014-02-11,0.3824,0.4004,0.46090000000000003,,0.1451,0.3548261345467671,0.30469495054056844,0.31642150201189617,0.027573865453232926,0.07770504945943157,46,True,0.08601699085392335,0.0729288250980033,-0.8013720956309568,no_trade
2014-02-12,0.39390000000000003,0.4102,0.4678,,0.14300000000000002,0.36304337951129073,0.319662595360696,0.32632102464028195,0.030856620488709297,0.074237404639304,46,True,0.08602504653004754,0.07292223047492133,-0.7565378305359325,no_trade
2014-02-13,0.39380000000000004,0.40630000000000005,0.4643,,0.1414,0.361454755788172,0.33989410584714,0.32602891013688745,0.03234524421182805,0.05390589415286001,46,True,0.08600289406960852,0.0729381999946205,-0.7356590903221898,no_trade
2014-02-14,0.3791,0.40159999999999996,0.4619,,0.13570000000000002,0.36109831385856556,0.3518485625693797,0.3263485535815977,0.018001686141434436,0.027251437430620307,46,True,0.0858707543663948,0.07300536226021233,-0.929644975708158,long_correlation
2014-02-18,0.3946,0.40340000000000004,0.4597,,0.1387,0.3615592945304464,0.3621709076214106,0.32631110952685405,0.03304070546955362,0.03242909237858943,46,True,0.08575100199258831,0.07309213370167529,-0.7211486907492831,no_trade
2014-02-19,0.4595,0.4451,0.4903,,0.155,0.36265496039720774,0.3479126534266223,0.3276173391327944,0.09684503960279228,0.11158734657337771,46,True,0.08564322212738192,0.07314996111260075,0.1531349751255131,no_trade
2014-02-20,0.40270000000000006,0.4106,0.46549999999999997,,0.1479,0.3618655986267125,0.3355199836878747,0.3269762863309771,0.04083440137328753,0.06718001631212533,46,True,0.0858468669645662,0.07310925626720036,-0.6156876418871874,no_trade
2014-02-21,0.39289999999999997,0.4046,0.461,,0.14679999999999999,0.36525372998948386,0.3305036908288511,0.32935892427015656,0.027646270010516116,0.062396309171148856,46,True,0.08543450280826778,0.0730687465766276,-0.7908748337040218,no_trade
2014-02-24,0.40909999999999996,0.4057,0.4619,,0.1423,0.36657558365936155,0.31571292754375163,0.33214455124494896,0.042524416340638416,0.09338707245624833,46,True,0.08474767853149086,0.07279365453530871,-0.5800404233087647,no_trade
2014-02-25,0.4252,0.4129,0.4717,,0.1367,0.36350423961646244,0.3420768475205131,0.33089857725206273,0.06169576038353758,0.08312315247948693,46,True,0.08436678311347579,0.07276233759454212,-0.3115763385210256,no_trade
2014-02-26,0.4174,0.41729999999999995,0.47850000000000004,,0.1435,0.3620963898749173,0.33848887165036995,0.3297264143900649,0.05530361012508267,0.07891112834963004,46,True,0.08335594715697316,0.07127994888726069,-0.39355158736518203,no_trade
2014-02-27,0.39299999999999996,0.4025,0.46840000000000004,,0.1404,0.3618691896455686,0.3395700875235033,0.3297909237709007,0.031130810354431382,0.053429912476496644,46,True,0.08275026396721762,0.07086441133030763,-0.7284256320451417,no_trade
2014-02-28,0.3881,0.41,0.4736,,0.14,0.35937222283470494,0.351964217146624,0.32766218785799567,0.028727777165295065,0.036135782853375986,46,True,0.08241403633032747,0.07090768299758302,-0.7571289442198016,no_trade
2014-03-03,0.4833,0.4569,0.5055,,0.16,0.3671603523734666,0.32604972439001695,0.334451171317286,0.1161396476265334,0.15725027560998306,46,True,0.0819817195785911,0.07090155046729729,0.4817656006506844,no_trade
2014-03-04,0.4229,0.41409999999999997,0.47240000000000004,,0.141,0.37954022141531474,0.2685800809105299,0.3485444181126813,0.04335977858468526,0.15431991908947013,46,True,0.08192349367042574,0.07086730632772716,-0.5441679257202451,no_trade
2014-03-05,0.41409999999999997,0.40659999999999996,0.47009999999999996,,0.1389,0.378256402633354,0.2740083345846808,0.3498161245144789,0.03584359736664594,0.14009166541531914,46,True,0.08191753347995147,0.07087049885832089,-0.6501144602553619,no_trade
2014-03-06,0.4236,0.4152,0.4808,,0.1421,0.37183859288147525,0.3100540721743344,0.3447700161640879,0.05176140711852473,0.11354592782566558,46,True,0.08191151988080618,0.0708743590499282,-0.4254022634764412,no_trade
2014-03-07,0.4265,0.4168,0.4799,,0.1411,0.37026087132311064,0.31628507440022646,0.34227688111667937,0.05623912867688935,0.11021492559977353,46,True,0.08198006773403606,0.07083665235651533,-0.3633844655390344,no_trade
2014-03-10,0.4164,0.4219,0.4826,,0.142,0.37110234633558326,0.320471871843137,0.34379424007137976,0.04529765366441674,0.09592812815686297,46,True,0.08213075043199412,0.07074090515262317,-0.5206760740212492,no_trade
2014-03-11,0.43939999999999996,0.4328,0.49229999999999996,,0.14800000000000002,0.3646157076143553,0.34607883224118535,0.339216700683083,0.07478429238564466,0.0933211677588146,46,True,0.08224606421377116,0.07065670158461344,-0.10560600283882225,no_trade
2014-03-12,0.42829999999999996,0.4267,0.4868,,0.1447,0.36225344383223185,0.41363907340247125,0.3397349757024598,0.06604655616776811,0.014660926597528712,46,True,0.08253050220453234,0.07048089980419835,-0.23387820079706656,no_trade
2014-03-13,0.4982,0.465,0.5154,,0.16219999999999998,0.376437840513321,0.4079685772033272,0.35667081259128575,0.12176215948667896,0.09023142279667279,46,True,0.08272490166878184,0.07036706267401363,0.5547660558000451,no_trade
2014-03-14,0.5531,0.4861,0.5303,,0.1782,0.3803407051660968,0.4218872025137772,0.3616668533432366,0.17275929483390323,0.13121279748622283,46,True,0.08314139887122791,0.07028590283940289,1.275047944784096,short_correlation
2014-03-17,0.4483,0.4461,0.49520000000000003,,0.1564,0.38866924433810557,0.40533854573175,0.3717313341324944,0.05963075566189441,0.04296145426824999,46,True,0.08386127345614902,0.07027102974060087,-0.34481518036236797,no_trade
2014-03-18,0.40619999999999995,0.4277,0.48109999999999997,,0.1452,0.37528828217233023,0.401024653912189,0.36054259628138396,0.030911717827669716,0.00517534608781095,46,True,0.08414726832123665,0.07002375815540798,-0.76024983371241,no_trade
2014-03-19,0.41350000000000003,0.43450000000000005,0.4841,,0.1512,0.3803752392350505,0.3880020853179727,0.36377280746000124,0.033124760764949523,0.025497914682027334,46,True,0.08391553379970434,0.0701031923752932,-0.7245144095984887,no_trade
2014-03-20,0.3725,0.4229,0.4767,,0.1452,0.38042706104692114,0.3825951507493804,0.36366115494242124,-0.007927061046921147,-0.010095150749380388,46,True,0.08358642880859354,0.07014634800922398,-1.3046080437926864,long_correlation
2014-03-21,0.3803,0.44179999999999997,0.4932,,0.15,0.37328763622789857,0.38627613212686207,0.3577689375062141,0.00701236377210146,-0.005976132126862044,46,True,0.0834427636350537,0.07029699038719588,-1.0872499582410788,long_correlation
2014-03-24,0.371,0.4489,0.4986,,0.1509,0.3691099155520316,0.39193145176053945,0.35492303821473153,0.0018900844479683987,-0.020931451760539455,46,True,0.08311823401995448,0.0704607718521907,-1.152813791798686,long_correlation
2014-03-25,0.3353,0.4336,0.48460000000000003,,0.1402,0.3630175846024843,0.3708251749088215,0.34953871010087967,-0.027717584602484302,-0.03552517490882151,46,True,0.08277454330290016,0.07064540522451397,-1.564038419119205,long_correlation
2014-03-26,0.36810000000000004,0.4632,0.5077,,0.1493,0.3650411778808085,0.3635380599103902,0.3527904101160249,0.003058822119191562,0.004561940089609862,46,True,0.08239326829215436,0.07098196556097469,-1.1176704610245427,long_correlation
2014-03-27,0.3605,0.4643,0.5161,,0.1462,0.3618566824494791,0.350071535032041,0.35075897590132926,-0.0013566824494791185,0.010428464967958961,46,True,0.0823311952334041,0.07104469739929005,-1.1779609280694818,long_correlation
2014-03-28,0.3527,0.45409999999999995,0.51,,0.1441,0.36079420499603826,0.34465844319195665,0.3488621973338973,-0.008094204996038246,0.00804155680804336,46,True,0.08213215726305743,0.0712090800128695,-1.2670626027297252,long_correlation
2014-03-31,0.32630000000000003,0.4316,0.49340000000000006,,0.1388,0.36178016354075837,0.3339592763208855,0.35167031666755333,-0.035480163540758336,-0.0076592763208854775,46,True,0.08203490545278445,0.0713158465033,-1.6478114578378456,long_correlation
2014-04-01,0.2927,0.4125,0.4806,,0.131,0.3611353213089921,0.3343295556307204,0.35272874691092615,-0.0684353213089921,-0.041629555630720405,46,True,0.08142180894474045,0.07165990392937237,-2.091227060553011,long_correlation
2014-04-02,0.29460000000000003,0.41729999999999995,0.48310000000000003,,0.1309,0.3619672350656166,0.33697518256657266,0.3552032047538145,-0.06736723506561659,-0.04237518256657263,46,True,0.08083556498414789,0.0722789704349953,-2.0504276576968112,long_correlation
2014-04-03,0.2833,0.39590000000000003,0.4803,,0.13369999999999999,0.35831896568403,0.3387747386078236,0.3509637210549518,-0.07501896568402999,-0.05547473860782359,46,True,0.08011599600812824,0.07284822206372926,-2.1295641444267877,long_correlation
2014-04-04,0.2932,0.4056,0.49229999999999996,,0.1396,0.3671098561027055,0.33391131451366524,0.36270529091701853,-0.0739098561027055,-0.04071131451366522,46,True,0.0794457777080086,0.07349518369879396,-2.0866079393612105,long_correlation
2014-04-07,0.34090000000000004,0.4368,0.5214,,0.1557,0.3695198651375316,0.3314307984968105,0.366409920859696,-0.028619865137531564,0.009469201503189528,46,True,0.07886432534532006,0.07412633657633354,-1.45001352349535,long_correlation
2014-04-08,0.32030000000000003,0.423,0.5115,,0.1489,0.3687387409297519,0.32989537462629487,0.3656061619112493,-0.04843874092975187,-0.00959537462629484,46,True,0.0785918928139743,0.07439528975867223,-1.7075090930594603,long_correlation
2014-04-09,0.2664,0.38439999999999996,0.45189999999999997,,0.1382,0.3690005680076704,0.31410518513270036,0.3691601924680585,-0.10260056800767037,-0.047705185132700334,46,True,0.07828814216190345,0.07475762142789005,-2.4196691483029062,long_correlation
2014-04-10,0.3398,0.431,0.4842,,0.1589,0.3852989761608875,0.23116410403906212,0.38798117003689553,-0.045498976160887494,0.10863589596093787,46,True,0.0779083038838143,0.07543221337216344,-1.6360023725651736,long_correlation
2014-04-11,0.39890000000000003,0.4739,0.5178,,0.1703,0.38748031036747127,0.1989733164742468,0.3920768420043613,0.011419689632528762,0.19992668352575324,46,True,0.07775810397637971,0.07564064787374193,-0.8770207052507256,no_trade
2014-04-14,0.3729,0.4661,0.5104,,0.1611,0.3924257067771191,0.20140065801688015,0.3967889832864003,-0.019525706777119067,0.17149934198311986,46,True,0.07783821229236075,0.07555929256337272,-1.2885763718316874,long_correlation
2014-04-15,0.3607,0.46590000000000004,0.5335,,0.1561,0.39569712942597435,0.21510360617426216,0.40070245134177923,-0.03499712942597433,0.14559639382573786,46,True,0.07743156713976146,0.07580702127097877,-1.4830908098057258,long_correlation
2014-04-16,0.3121,0.4359,0.48869999999999997,,0.1418,0.39899835285658586,0.20337122278910547,0.4043929388683974,-0.08689835285658587,0.10872877721089452,46,True,0.07735394780419444,0.07591242950302762,-2.163707600139835,long_correlation
2014-04-17,0.3208,0.44549999999999995,0.4935,,0.1336,0.39976963094222356,0.21206989541218518,0.4091030542492066,-0.07896963094222359,0.10873010458781479,46,True,0.07683687943350012,0.07658538717214942,-2.0344156519767957,long_correlation
2014-04-21,0.3335,0.45899999999999996,0.5044,,0.1325,0.39440496659798957,0.2181950716021892,0.40235700238546107,-0.06090496659798955,0.11530492839781081,46,True,0.07616079096836728,0.07720578296904211,-1.7753301928343543,long_correlation
2014-04-22,0.3336,0.4435,0.49479999999999996,,0.1319,0.3727174802990644,0.2411704859328073,0.3821323649965235,-0.03911748029906437,0.09242951406719271,46,True,0.07575532219025771,0.07765672776945373,-1.4792382551883327,long_correlation
2014-04-23,0.3525,0.4596,0.5065999999999999,,0.13269999999999998,0.37885898254615147,0.2425120575809503,0.38703317324892633,-0.026358982546151488,0.10998794241904969,46,True,0.0754766759998666,0.07794304355018065,-1.3065394152905394,long_correlation
2014-04-24,0.3772,0.46049999999999996,0.5038,,0.1332,0.3745154668965205,0.2621875376517696,0.38200312365843675,0.0026845331034794917,0.11501246234823037,46,True,0.07544084796885603,0.07798793621861666,-0.9329175561387497,long_correlation
2014-04-25,0.4343,0.4814,0.521,,0.1406,0.3677499805009671,0.25418774238952807,0.3807095463387862,0.06655001949903294,0.18011225761047195,46,True,0.0752845510164491,0.07809447414862489,-0.1118457049956326,no_trade
2014-04-28,0.3818,0.449,0.5191,,0.13970000000000002,0.35509453548494446,0.28498101699125955,0.36139065545028803,0.02670546451505551,0.09681898300874042,46,True,0.07526952092362911,0.07809579450209918,-0.6218523893404814,no_trade
2014-04-29,0.37770000000000004,0.4456,0.4925,,0.1371,0.3584652769412926,0.29372768510654135,0.3692867593338199,0.019234723058707437,0.08397231489345869,46,True,0.07504435257058968,0.07815389961063515,-0.7140991017713426,no_trade
2014-04-30,0.36979999999999996,0.4395,0.4876,,0.1341,0.31914062351932504,0.2893082097017611,0.3400612012004748,0.05065937648067492,0.08049179029823889,46,True,0.07489435727157998,0.07822484432752748,-0.30981181233717986,no_trade
2014-05-01,0.3699,0.4396,0.4886,,0.1325,0.31932502652481887,0.29150421972740376,0.3388762373392885,0.05057497347518114,0.07839578027259625,46,True,0.07487256987229451,0.07823085028646475,-0.31058842270205095,no_trade
2014-05-02,0.35350000000000004,0.4664,0.49829999999999997,,0.1291,0.3212831834955791,0.2842368355956853,0.3398700878514659,0.03221681650442093,0.06926316440431474,46,True,0.07457268639830864,0.07817834693610594,-0.5417851816245816,no_trade
2014-05-05,0.3689,0.445,0.502,,0.1329,0.3116275247313866,0.29239793698904837,0.3299491351302647,0.0572724752686134,0.07650206301095164,46,True,0.07436859357924944,0.07822168146386695,-0.2185598416026543,no_trade
2014-05-06,0.4311,0.4757,0.5212,,0.138,0.30817832709350806,0.265438504619271,0.32426536519235344,0.12292167290649192,0.165661495380729,46,True,0.07438709624649092,0.07821706542471103,0.620511347446532,no_trade
2014-05-07,0.4127,0.45439999999999997,0.5065999999999999,,0.134,0.30806783000967475,0.27969605591687663,0.32252916794047704,0.10463216999032526,0.13300394408312338,46,True,0.0747368340612649,0.07823633398655039,0.38211575626996624,no_trade
2014-05-08,0.431,0.4592,0.5104,,0.1343,0.2968130193598851,0.2888639848221146,0.31257777829754485,0.13418698064011492,0.14213601517788538,46,True,0.07496109631977069,0.07824072598785538,0.7569700251699779,short_correlation
2014-05-09,0.3871,0.4637,0.4935,,0.1292,0.2984082692283481,0.28565390103324184,0.31427863911016013,0.08869173077165188,0.10144609896675816,46,True,0.0752928346688815,0.07831416915063709,0.17109159489386452,no_trade
2014-05-12,0.37979999999999997,0.4285,0.4839,,0.1223,0.3010943007596095,0.2835593923428179,0.3201777019394328,0.07870569924039045,0.09624060765718206,46,True,0.07531350855834455,0.07831702717868642,0.04331357821213447,no_trade
2014-05-13,0.40399999999999997,0.4547,0.5043,,0.1213,0.3006619325905002,0.31259086299232347,0.32099267369092843,0.10333806740949975,0.0914091370076765,46,True,0.07546346201605358,0.07828707752563616,0.35605627741459944,no_trade
2014-05-14,0.419,0.4708,0.5233,,0.1217,0.30453885736758335,0.29396696890770985,0.32529926730790076,0.11446114263241663,0.12503303109229014,46,True,0.07556532986063148,0.07830665571835636,0.4967114533875737,no_trade
2014-05-15,0.47619999999999996,0.48810000000000003,0.5326,,0.1317,0.30476359240772066,0.24064157927917498,0.3248855527754675,0.1714364075922793,0.23555842072082497,46,True,0.07568571891504583,0.07834317731071345,1.2221956265250877,short_correlation
2014-05-16,0.4158,0.4621,0.5112,,0.1244,0.3052187309912464,0.24048923895989294,0.32578145102621336,0.11058126900875359,0.17531076104010707,46,True,0.0761374404656792,0.07856635697110936,0.43840429760209154,no_trade
2014-05-19,0.4362,0.4789,0.5377000000000001,,0.1242,0.3047941025370717,0.25117092443924216,0.326519377356003,0.1314058974629283,0.18502907556075782,46,True,0.0761496653260422,0.07857149600246505,0.7032605327401751,no_trade
2014-05-20,0.47450000000000003,0.4705,0.5204,,0.12960000000000002,0.30576373534855533,0.21417355871842805,0.3258435286603703,0.1687362646514447,0.260326441281572,46,True,0.07642275445042492,0.07864373243835537,1.1738190360354452,short_correlation
2014-05-21,0.4387,0.4458,0.5047,,0.1191,0.3137006837155695,0.1816107128104952,0.3311382022015806,0.1249993162844305,0.25708928718950474,46,True,0.07667339511042079,0.07883742185122629,0.6129820082803484,no_trade
2014-05-22,0.45039999999999997,0.4549,0.5136,,0.12029999999999999,0.31440361820619983,0.181709521276317,0.331817147957334,0.13599638179380014,0.26869047872368296,46,True,0.07656296062089187,0.07874976214684686,0.754712389633395,short_correlation
2014-05-23,0.423,0.4482,0.5119,,0.11359999999999999,0.315699311038051,0.21161603817155272,0.3341198126961091,0.107300688961949,0.21138396182844726,46,True,0.07643695682555132,0.07862858780023156,0.3925255813421436,no_trade
2014-05-27,0.39520000000000005,0.4363,0.5036,,0.1151,0.3162100499469504,0.22049879493981026,0.3370913238804775,0.07898995005304965,0.1747012050601898,46,True,0.07623416089405993,0.07848210297962423,0.03511359984460643,no_trade
2014-05-28,0.4023,0.4388,0.5044,,0.1168,0.3096605970332636,0.22307839106702212,0.3321512955749264,0.0926394029667364,0.17922160893297787,46,True,0.07579762743373834,0.078157666190703,0.21548462682988112,no_trade
2014-05-29,0.3801,0.43320000000000003,0.5017,,0.1157,0.29430351274839955,0.21245651905210652,0.3187731391811806,0.08579648725160044,0.16764348094789347,46,True,0.0755126388632797,0.07796379268710774,0.13190544012645622,no_trade
2014-05-30,0.35369999999999996,0.4277,0.5055,,0.114,0.2973664003883854,0.21232641743396918,0.32090310352647444,0.05633359961161455,0.14137358256603078,46,True,0.07516251513353794,0.0777173408026431,-0.24227431519740109,no_trade
2014-06-02,0.4117,0.43799999999999994,0.509,,0.1158,0.29802587440965406,0.2328739883149643,0.3216156488840563,0.11367412559034595,0.1788260116850357,46,True,0.0748056409647187,0.07759592428891382,0.5009088425947188,no_trade
2014-06-03,0.4153,0.4397,0.5057,,0.11869999999999999,0.29894246181040124,0.23220905133973865,0.3234719544613028,0.11635753818959876,0.18309094866026135,46,True,0.074461081854498,0.07722745429708382,0.5425072821114967,no_trade
2014-06-04,0.41979999999999995,0.4302,0.5154,,0.1208,0.29887294883352084,0.24361148683384698,0.32423379187533,0.12092705116647912,0.17618851316615297,46,True,0.07422328834009027,0.07700462213045517,0.6065059672296944,no_trade
2014-06-05,0.3981,0.408,0.4978,,0.1168,0.30501002156447266,0.23626189527369662,0.3314115200291587,0.09308997843552735,0.1618381047263034,46,True,0.07394816023864804,0.07671168851339243,0.24952935553670555,no_trade
2014-06-06,0.33840000000000003,0.3788,0.47259999999999996,,0.1073,0.30547482607716614,0.2545221153746608,0.3319190163494589,0.032925173922833895,0.08387788462533924,46,True,0.07352269538416001,0.07630432038641259,-0.5320474811352263,no_trade
2014-06-09,0.34700000000000003,0.37929999999999997,0.4517,,0.1115,0.29213868152353856,0.2644068976625888,0.32122781994983707,0.054861318476461474,0.08259310233741124,46,True,0.07297826309098082,0.07610151779719808,-0.23806285523501583,no_trade
2014-06-10,0.3379,0.37979999999999997,0.45049999999999996,,0.1099,0.2895539247674065,0.2719154890548886,0.3196794190112471,0.04834607523259349,0.06598451094511137,46,True,0.07277512217192975,0.07608119984360984,-0.3210917676055563,no_trade
2014-06-11,0.3611,0.3893,0.45990000000000003,,0.11599999999999999,0.2840355054574144,0.25809988070782514,0.3130749892237449,0.07706449454258557,0.10300011929217484,46,True,0.0724782685917178,0.07602977542396133,0.06032144545073048,no_trade
2014-06-12,0.3969,0.4169,0.5036,,0.12560000000000002,0.28654028797241626,0.23042015074108138,0.312555677574245,0.11035971202758371,0.1664798492589186,46,True,0.07204018079098848,0.07568185356606497,0.5063238997330445,no_trade
2014-06-13,0.3721,0.40159999999999996,0.4705,,0.12179999999999999,0.28221670548641464,0.22370350850271156,0.3106276181936285,0.08988329451358534,0.14839649149728842,46,True,0.07145920449953903,0.07481513150716634,0.24626154686744772,no_trade
2014-06-16,0.3552,0.4004,0.46880000000000005,,0.1265,0.27945572572568933,0.2189491650317378,0.308824199785294,0.07574427427431069,0.1362508349682622,46,True,0.07117735287261438,0.0746103097857582,0.06121032622448712,no_trade
2014-06-17,0.3237,0.3768,0.4524,,0.1206,0.28274672806642803,0.27357077000002933,0.31182151004376574,0.040953271933571955,0.05012922999997066,46,True,0.07074773264474915,0.07426894006909625,-0.4011698656727545,no_trade
2014-06-18,0.2447,0.3331,0.4215,,0.1061,0.28796973278655613,0.2751333619453314,0.31405051312807547,-0.04326973278655613,-0.03043336194533139,46,True,0.07016578585087699,0.07392339503800321,-1.5345009327441894,long_correlation
2014-06-19,0.2235,0.3301,0.4164,0.17809999999999998,0.10619999999999999,0.28923533082803277,0.28106732419855746,0.31567915343407693,-0.06573533082803276,-0.05756732419855745,46,True,0.06929438753194846,0.0739612997176622,-1.825680712419061,long_correlation
2014-06-20,0.2228,0.3394,0.4285,0.17370000000000002,0.1085,0.28250767399118065,0.2811815541257152,0.3081651093304083,-0.059707673991180654,-0.05838155412571522,46,True,0.06835623589006468,0.07416926786997846,-1.7266438453423354,long_correlation
2014-06-23,0.22089999999999999,0.3616,0.4485,0.177,0.10980000000000001,0.2855961036778921,0.2726827494306061,0.31132875954133976,-0.06469610367789214,-0.05178274943060612,46,True,0.06721736473851066,0.0739221462036594,-1.7844918632769973,long_correlation
2014-06-24,0.2751,0.3911,0.4879,0.1659,0.1213,0.28907747823372515,0.24957865576940344,0.3142863823047938,-0.013977478233725138,0.02552134423059657,46,True,0.06628245923358728,0.07409523873850188,-1.0831996607847785,long_correlation
2014-06-25,0.2391,0.3667,0.4446,0.1778,0.1159,0.2857797237900968,0.2420772462173924,0.3118108676834907,-0.0466797237900968,-0.0029772462173923986,46,True,0.0654722795324472,0.07385082188743426,-1.518629047805177,long_correlation
2014-06-26,0.2361,0.3843,0.4421,0.1743,0.11630000000000001,0.28610169002520386,0.23845825790796762,0.3090843036258889,-0.050001690025203854,-0.0023582579079676202,46,True,0.06467419008183915,0.07397217183207352,-1.5502570394630593,long_correlation
2014-06-27,0.2235,0.3558,0.4372,0.1809,0.11259999999999999,0.2858476971798292,0.24488100944320426,0.3090393034783315,-0.062347697179829215,-0.021381009443204257,46,True,0.06399372576114631,0.07423581299970615,-1.701893167674686,long_correlation
2014-06-30,0.2261,0.35109999999999997,0.4338,0.1941,0.1157,0.2871269894085289,0.23669607533433956,0.3104985233079579,-0.06102698940852888,-0.010596075334339566,46,True,0.0632777166133204,0.07458135111541603,-1.6666995725176048,long_correlation
2014-07-01,0.20329999999999998,0.3429,0.42950000000000005,0.1943,0.1115,0.27905297642314614,0.33523752202114493,0.30184513461284934,-0.07575297642314616,-0.13193752202114495,46,True,0.06253804124466769,0.07488676833957993,-1.8466682530713887,long_correlation
2014-07-02,0.1918,0.3343,0.4217,0.1954,0.1082,0.27649891675250077,0.3251852216655748,0.2983759667448772,-0.08469891675250077,-0.1333852216655748,46,True,0.06188624538979385,0.07537313266730196,-1.9447932831626293,long_correlation
2014-07-03,0.1759,0.32439999999999997,0.41340000000000005,0.20600000000000002,0.1032,0.27952732344198816,0.32710463822425684,0.3009237298912775,-0.10362732344198816,-0.15120463822425684,46,True,0.06115444964310057,0.0758978066069685,-2.1711005950198228,long_correlation
2014-07-07,0.2118,0.3531,0.4582,0.2027,0.1133,0.27364527515675846,0.3374936073207977,0.29032353104644887,-0.06184527515675847,-0.1256936073207977,46,True,0.0604096696449238,0.07658988028793765,-1.5962284356897807,long_correlation
2014-07-08,0.24539999999999998,0.3728,0.4744,0.2115,0.1198,0.23393987985946219,0.3340790260205126,0.25083757706625787,0.011460120140537794,-0.08867902602051261,46,True,0.06005450938774072,0.0769490459477942,-0.631513862825169,no_trade
2014-07-09,0.21289999999999998,0.3568,0.4384,0.2194,0.1165,0.22253542182481517,0.32758107442786133,0.23994502247228933,-0.009635421824815193,-0.11468107442786135,46,True,0.06008969582035986,0.07692468939161486,-0.906407529190172,long_correlation
2014-07-10,0.2547,0.3875,0.46159999999999995,0.2032,0.1259,0.21886176157991613,0.3693525301782485,0.2326001350810828,0.03583823842008385,-0.1146525301782485,46,True,0.06008947624189634,0.07692488913226336,-0.3152586645931373,no_trade
2014-07-11,0.2466,0.3716,0.44770000000000004,0.2061,0.1208,0.21511773316281776,0.37376740278198706,0.2285884015344783,0.03148226683718225,-0.12716740278198704,46,True,0.060193924092260556,0.07687380140727937,-0.3734907956868584,no_trade
2014-07-14,0.221,0.3601,0.43979999999999997,0.2079,0.1182,0.21183800015463033,0.3681739224309439,0.22745246528697544,0.009161999845369667,-0.14717392243094388,46,True,0.06028098146686943,0.07682862214060492,-0.6653637693507811,no_trade
2014-07-15,0.2402,0.3743,0.4493,0.2115,0.11960000000000001,0.21384339792094642,0.39637230147685254,0.22941442808085638,0.026356602079053576,-0.15617230147685254,46,True,0.060280940032759106,0.07682864981635346,-0.4415584295024865,no_trade
2014-07-16,0.20800000000000002,0.3542,0.43310000000000004,0.217,0.11,0.21029759245563123,0.4055093088565532,0.22476526592061,-0.0022975924556312144,-0.19750930885655316,46,True,0.06033962420960216,0.0767969346058928,-0.8156213133593887,no_trade
2014-07-17,0.3443,0.4437,0.4899,0.20370000000000002,0.1454,0.2247426945602059,0.3888090175295376,0.23487660699812246,0.11955730543979409,-0.04450901752953762,46,True,0.060136923335741096,0.07689490868198615,0.7727479377054409,short_correlation
2014-07-18,0.2582,0.3858,0.45189999999999997,0.2014,0.1206,0.22754236635258476,0.39221516235605053,0.22290521452879933,0.030657633647415222,-0.13401516235605054,46,True,0.060520117023427134,0.07694965608823458,-0.38807819156163603,no_trade
2014-07-21,0.2816,0.41409999999999997,0.467,0.20550000000000002,0.1281,0.23642196575575788,0.3948641923431153,0.23145165154557612,0.04517803424424213,-0.1132641923431153,46,True,0.06048496075280438,0.07696131300865233,-0.19889118194801814,no_trade
2014-07-22,0.2673,0.40149999999999997,0.4621,0.2002,0.12240000000000001,0.22762388762410404,0.40586297767550467,0.21394048409062005,0.03967611237589594,-0.13856297767550468,46,True,0.06062894178883816,0.0768983263972985,-0.27247445288586036,no_trade
2014-07-23,0.3071,0.4277,0.4828,0.1754,0.1152,0.23714986791805578,0.41313826449299096,0.2246704169443071,0.0699501320819442,-0.10603826449299097,46,True,0.060810415954947246,0.07679422047317312,0.11901567683976651,no_trade
2014-07-24,0.32799999999999996,0.4409,0.49060000000000004,0.17,0.1184,0.23566741840786265,0.4276608235195941,0.22009840294715752,0.09233258159213731,-0.09966082351959415,46,True,0.06102540768966929,0.07674345096768426,0.4079458703994311,no_trade
2014-07-25,0.3736,0.4618,0.5015999999999999,0.1618,0.12689999999999999,0.23716544704190873,0.4436487225333135,0.21962920115921328,0.13643455295809126,-0.07004872253331351,46,True,0.06113201063718586,0.07676830165619168,0.9809067114464677,short_correlation
2014-07-28,0.3625,0.4415,0.4899,0.16699999999999998,0.12560000000000002,0.23767625416103097,0.4438997367279269,0.22020619353787094,0.12482374583896902,-0.08139973672792689,46,True,0.06146699783641904,0.0769124180351531,0.823751867657997,short_correlation
2014-07-29,0.4068,0.456,0.4963,0.15710000000000002,0.1328,0.2384254422921177,0.44548817661720147,0.2206760935558599,0.1683745577078823,-0.038688176617201475,46,True,0.06175657172387219,0.07701337426191228,1.3844087083032677,short_correlation
2014-07-30,0.414,0.4746,0.48960000000000004,0.1547,0.1333,0.23870438766421564,0.4662884438152632,0.21985476147700345,0.17529561233578433,-0.05228844381526321,46,True,0.06215589206515647,0.07730488494224871,1.4635520168634863,short_correlation
2014-07-31,0.5765,0.5296,0.5321,0.151,0.16949999999999998,0.2823221903352345,0.31595109511157965,0.25350842693266146,0.29417780966476553,0.26054890488842036,46,True,0.06259002512801835,0.07763245926584911,2.983130854372196,short_correlation
2014-08-01,0.5372,0.5201,0.5271,0.1616,0.1703,0.28317346155668033,0.30640193110368263,0.256031337956074,0.2540265384433197,0.23079806889631738,46,True,0.06344716858520368,0.07898588471823159,2.4128281975694112,short_correlation
2014-08-04,0.43979999999999997,0.4927,0.49329999999999996,0.1736,0.1512,0.2888757574961458,0.29649199410514065,0.26242879586671863,0.15092424250385417,0.1433080058948593,46,True,0.06420058247368171,0.07989306104360606,1.0854967740294519,short_correlation
2014-08-05,0.5252,0.5086999999999999,0.5232,0.1685,0.16870000000000002,0.29794780426625694,0.2364424314509431,0.26931641749724944,0.22725219573374306,0.2887575685490569,46,True,0.06469801641042482,0.08004168702275528,2.0308689805239264,short_correlation
2014-08-06,0.517,0.4996,0.5205,0.175,0.1637,0.28894488162291715,0.26062045087669106,0.256223667114063,0.22805511837708287,0.25637954912330896,46,True,0.06560807295419496,0.08058130840661504,2.0159395352973988,short_correlation
2014-08-07,0.5465,0.5091,0.5222,0.1592,0.1666,0.2923747282923883,0.24110293508438202,0.258666186344227,0.2541252717076117,0.30539706491561797,46,True,0.06632339516641862,0.08122010126220039,2.3122585865156453,short_correlation
2014-08-08,0.491,0.4793,0.501,0.16390000000000002,0.1577,0.3039786742295602,0.2322761858389065,0.2670331250970324,0.18702132577043978,0.25872381416109347,46,True,0.0671365325120977,0.08206942772326678,1.4607728673652565,short_correlation
2014-08-11,0.4486,0.4813,0.5114,0.1698,0.1423,0.30186406170304214,0.224458006301418,0.26489834277447993,0.14673593829695786,0.224141993698582,46,True,0.0677037179931254,0.08240274509915442,0.9590969355296812,short_correlation
2014-08-12,0.479,0.4746,0.5051,0.1628,0.1413,0.3016051062896772,0.21177185237703,0.2633769343428959,0.1773948937103228,0.26722814762297,46,True,0.06799616204397178,0.08255239495179621,1.3252036083293628,short_correlation
2014-08-13,0.4353,0.4421,0.4863,0.15869999999999998,0.129,0.30792161360392906,0.21453583460621334,0.2697113050045961,0.12737838639607096,0.22076416539378668,46,True,0.06840001037418894,0.0828382996953581,0.7119699008644298,no_trade
2014-08-14,0.4179,0.4181,0.4668,0.15710000000000002,0.1242,0.3045788265702753,0.21403608255982534,0.2682508521047026,0.1133211734297247,0.20386391744017465,46,True,0.06875209778418935,0.08289989270328287,0.5376252512781647,no_trade
2014-08-15,0.43189999999999995,0.4215,0.4685,0.1476,0.1315,0.29838401624946187,0.22971546757363584,0.26309322423999465,0.13351598375053808,0.2021845324263641,46,True,0.06904324875970629,0.08292717463728627,0.7774620957825703,short_correlation
2014-08-18,0.406,0.39880000000000004,0.4582,0.1467,0.1232,0.3070849465687989,0.1741180780704699,0.27363489563715826,0.0989150534312011,0.23188192192953014,46,True,0.06913266543011998,0.08298470475551714,0.35889008810507433,no_trade
2014-08-19,0.41200000000000003,0.39549999999999996,0.4595,0.1414,0.12210000000000001,0.3046991992654238,0.18338081820699062,0.2709869746497903,0.10730080073457621,0.2286191817930094,46,True,0.0691210776136108,0.08298032381359868,0.4601057379184217,no_trade
2014-08-20,0.4053,0.3985,0.48469999999999996,0.14300000000000002,0.11779999999999999,0.3042055460283854,0.17702474523389883,0.26881973061848474,0.1010944539716146,0.22827525476610117,46,True,0.0689448930688374,0.08285132785384476,0.3880391749362322,no_trade
2014-08-21,0.4052,0.3957,0.48369999999999996,0.1424,0.1176,0.30321470048356836,0.20950221309690284,0.2680610317525192,0.10198529951643165,0.19569778690309717,46,True,0.06881142914825404,0.08277198908831594,0.4007861926911264,no_trade
2014-08-22,0.4023,0.4046,0.4725,0.14300000000000002,0.11470000000000001,0.3014843374300508,0.23626264130945937,0.2633762248762532,0.10081566256994917,0.16603735869054062,46,True,0.0685761297550799,0.08259216089601759,0.39034615955209606,no_trade
2014-08-25,0.3986,0.3899,0.4578,0.1482,0.11699999999999999,0.3032971313490988,0.27877189704996747,0.2652832685849996,0.0953028686509012,0.11982810295003254,46,True,0.06848213763365553,0.08254172480388604,0.3249354321219971,no_trade
2014-08-26,0.3883,0.3997,0.46869999999999995,0.1476,0.11630000000000001,0.3038251877295924,0.40738706081832227,0.26558366717590176,0.0844748122704076,-0.019087060818322288,46,True,0.06848678429665568,0.08254320744939082,0.19369283636760237,no_trade
2014-08-27,0.3834,0.426,0.4779,0.14880000000000002,0.11779999999999999,0.30475093187601665,0.41570814376566423,0.2664636077255876,0.07864906812398337,-0.03230814376566421,46,True,0.06827707764322842,0.08243469118512928,0.1258206991697446,no_trade
2014-08-28,0.39020000000000005,0.4252,0.4955,0.1512,0.12050000000000001,0.3067023808246697,0.4103678795617597,0.26729994474661767,0.08349761917533033,-0.02016787956175964,46,True,0.06787173060123525,0.0821297827173353,0.1902584915861088,no_trade
2014-08-29,0.37450000000000006,0.4235,0.4975,0.1543,0.1198,0.3005160646200968,0.4031106239434962,0.2604650793453267,0.07398393537990328,-0.028610623943496172,46,True,0.06754180717203326,0.08189811233944361,0.07866027706681797,no_trade
2014-09-02,0.3788,0.4436,0.4876,0.16140000000000002,0.1225,0.2971072088662977,0.4540053182934351,0.2570380989402977,0.08169279113370231,-0.07520531829343508,46,True,0.06704321876539307,0.08147212608181507,0.17981085154937537,no_trade
2014-09-03,0.3666,0.4171,0.4867,0.1814,0.12359999999999999,0.29577978995148857,0.45613937823270734,0.25556529881510137,0.07082021004851141,-0.08953937823270736,46,True,0.06655609712119374,0.08101299466385319,0.052634925359946634,no_trade
2014-09-04,0.3956,0.42460000000000003,0.4935,0.175,0.1264,0.294906452276572,0.5007089367847356,0.2545006989687343,0.10069354772342803,-0.1051089367847356,46,True,0.06606713259737514,0.08061134451356966,0.4295476689416101,no_trade
2014-09-05,0.32659999999999995,0.3907,0.4927,0.18,0.1209,0.2966600094729083,0.4906242529542326,0.2581729757418071,0.02993999052709162,-0.16402425295423267,46,True,0.06578992265888041,0.08037036441315412,-0.44605909645373304,no_trade
2014-09-08,0.34299999999999997,0.3985,0.47409999999999997,0.1818,0.1266,0.28933009886693506,0.5327062203761367,0.25186288653429273,0.05366990113306491,-0.1897062203761367,46,True,0.06526007360295302,0.08016374949887,-0.14458121710052357,no_trade
2014-09-09,0.4022,0.4213,0.4886,0.172,0.135,0.29466177500643154,0.5910772865690884,0.2571201230198763,0.10753822499356847,-0.18887728656908842,46,True,0.06478146776543083,0.07986977661160954,0.5353308728538837,no_trade
2014-09-10,0.3839,0.41200000000000003,0.48009999999999997,0.168,0.1288,0.294599709875914,0.6408248283619975,0.25816177864370865,0.08930029012408602,-0.2569248283619975,46,True,0.06461924552733268,0.0797406374883,0.3095165197340526,no_trade
2014-09-11,0.3586,0.405,0.47479999999999994,0.16440000000000002,0.128,0.29412636536997483,0.59391661948842,0.2581366201100505,0.06447363463002515,-0.23531661948842003,46,True,0.0645685143493416,0.07972077122686042,-0.001190150544912086,no_trade
2014-09-12,0.40009999999999996,0.4243,0.48840000000000006,0.1686,0.1331,0.2945791247555998,0.6064578718312519,0.25831062654621356,0.10552087524440018,-0.20635787183125193,46,True,0.06450311585834498,0.07971403541310945,0.5145613212715309,no_trade
2014-09-15,0.4031,0.4387,0.5142,0.16829999999999998,0.1412,0.2949557632469257,0.5940694094519198,0.258782118605781,0.10814423675307433,-0.19096940945191976,46,True,0.06440370376763388,0.07964690406624225,0.5491805801900534,no_trade
2014-09-16,0.3336,0.4007,0.4697,0.1718,0.1273,0.301535385082397,0.5608759052660549,0.2648096495222372,0.032064614917602985,-0.2272759052660549,46,True,0.06432435998460567,0.07959309960063683,-0.40530831477688267,no_trade
2014-09-17,0.3121,0.3897,0.46270000000000006,0.1685,0.1265,0.29856862059530753,0.5347142681030075,0.2627761911465778,0.013531379404692456,-0.2226142681030075,46,True,0.06369977124536524,0.07922391605631739,-0.6332480687398728,no_trade
2014-09-18,0.2809,0.38079999999999997,0.45530000000000004,0.1991,0.12029999999999999,0.2972822410470979,0.5485359611531707,0.2633005067073106,-0.0163822410470979,-0.26763596115317073,46,True,0.06296821997747398,0.0788301088745753,-1.0066009315149431,long_correlation
2014-09-19,0.27190000000000003,0.39049999999999996,0.4668,0.1931,0.1211,0.29313580690193264,0.5406677279766412,0.2578678890632274,-0.021235806901932608,-0.26876772797664117,46,True,0.06220943823092816,0.07866918179999195,-1.0607107284401591,long_correlation
2014-09-22,0.3593,0.4587,0.5209,0.18789999999999998,0.1369,0.29918261892655484,0.5468794074795401,0.26444186954760285,0.060117381073445164,-0.1875794074795401,46,True,0.06155912644049001,0.07867898108638399,-0.01832440312695346,no_trade
2014-09-23,0.40380000000000005,0.47479999999999994,0.5276,0.1832,0.1493,0.3045209731504647,0.5447353011298036,0.2674114242416122,0.09927902684953532,-0.14093530112980357,46,True,0.0612684087492939,0.07854779278751522,0.4839170745773396,no_trade
2014-09-24,0.3245,0.43090000000000006,0.4971,0.18960000000000002,0.13269999999999998,0.3139505508642042,0.5388401362836472,0.27652963079164045,0.010549449135795808,-0.21434013628364723,46,True,0.061066011350218524,0.07838305039025648,-0.6444832392068051,no_trade
2014-09-25,0.4215,0.4832,0.5315,0.19579999999999997,0.1564,0.34528682528940474,0.5009333101587555,0.30344133978307486,0.07621317471059524,-0.07943331015875554,46,True,0.06053783671993331,0.07827271630083939,0.20026567022938274,no_trade
2014-09-26,0.4006,0.4603,0.5381,0.1929,0.1485,0.34525327042540177,0.5032736738001935,0.30305933168449845,0.05534672957459824,-0.10267367380019349,46,True,0.06040797271747096,0.07821922279486854,-0.06470587359511269,no_trade
2014-09-29,0.387,0.48109999999999997,0.5367000000000001,0.20170000000000002,0.1598,0.3423715905632254,0.5153563432112637,0.30104892421245594,0.044628409436774596,-0.12835634321126366,46,True,0.06022362249941954,0.07817600571944572,-0.19948848651352552,no_trade
2014-09-30,0.4138,0.4986,0.5462,0.20010000000000003,0.1631,0.33946097719321405,0.5118271208814364,0.298657772365289,0.07433902280678595,-0.09802712088143645,46,True,0.059833930937844185,0.07800716258533136,0.18594564124896568,no_trade
2014-10-01,0.4403,0.5124,0.5856,0.2126,0.1671,0.352310682166444,0.4756528632232219,0.3091755706079612,0.08798931783355601,-0.0353528632232219,46,True,0.05938421597389561,0.07759283246948485,0.3686564976334639,no_trade
2014-10-02,0.3865,0.4959,0.5475,0.2167,0.1616,0.3508248875777985,0.4857893078839985,0.3069923863839884,0.035675112422201505,-0.09928930788399848,46,True,0.059143250544210456,0.07740838611991395,-0.30317307075300953,no_trade
2014-10-03,0.35119999999999996,0.45640000000000003,0.517,0.21489999999999998,0.14550000000000002,0.36251748010154866,0.47372815966420057,0.3176927427519662,-0.011317480101548705,-0.12252815966420061,46,True,0.05865013591773511,0.07715912339208314,-0.906796409074585,long_correlation
2014-10-06,0.3746,0.47619999999999996,0.5289,0.2181,0.15460000000000002,0.3642082006453633,0.469823696435581,0.3195262365711346,0.010391799354636688,-0.09522369643558098,46,True,0.05784940200157923,0.07683205136898257,-0.6176797547553362,no_trade
2014-10-07,0.4586,0.5207999999999999,0.5629,0.21899999999999997,0.172,0.38313144695279455,0.4375642538055178,0.3392070331459971,0.07546855304720546,0.02103574619448223,46,True,0.05715932859553377,0.07647198572363648,0.2394239443165466,no_trade
2014-10-08,0.3478,0.4483,0.5031,0.231,0.15109999999999998,0.41502367451149674,0.4020849001457032,0.3684030239241023,-0.06722367451149674,-0.0542849001457032,46,True,0.05646866579516218,0.07550766319921759,-1.6381428727348117,long_correlation
2014-10-09,0.4818,0.5452,0.5578,0.22149999999999997,0.18760000000000002,0.4551127018038378,0.3352674251637611,0.4111682996907434,0.026687298196162224,0.14653257483623888,46,True,0.05510707947049393,0.07462355528214729,-0.380841962928169,no_trade
2014-10-10,0.5125,0.5427000000000001,0.5768,0.22920000000000001,0.21239999999999998,0.44090047862355525,0.32694318214360163,0.4030212269058634,0.07159952137644471,0.18555681785639833,46,True,0.05433604775104431,0.07390310910838942,0.23359603991871386,no_trade
2014-10-13,0.5724,0.5914,0.6195,0.25,0.2464,0.4548677431450025,0.26670981785567643,0.4365619352972384,0.11753225685499752,0.3056901821443236,46,True,0.05428046291965854,0.07388476103736628,0.8560871422910901,short_correlation
2014-10-14,0.5592,0.5965,0.6248,0.2525,0.2279,0.4483972044349487,0.2771919295511045,0.4300367563980338,0.11080279556505135,0.28200807044889553,46,True,0.05454028297303499,0.07399195802657962,0.7603868594990494,short_correlation
2014-10-15,0.5095000000000001,0.5653,0.6318,0.2657,0.2625,0.4454572157954889,0.24725276914723898,0.42680778755780796,0.06404278420451115,0.2622472308527611,46,True,0.054812861501843675,0.07407247400634208,0.124606648103548,no_trade
2014-10-16,0.5302,0.5659000000000001,0.6079,0.2644,0.252,0.4358167203649917,0.26081652405986494,0.41895501395807316,0.09438327963500831,0.26938347594013506,46,True,0.05460162959528533,0.0739694734413988,0.5378117240653254,no_trade
2014-10-17,0.5263,0.5932999999999999,0.6156,0.2451,0.21989999999999998,0.4495974533991637,0.24554244361972663,0.4318692965599781,0.07670254660083631,0.28075755638027333,46,True,0.05504537491620097,0.07387091997497414,0.2931758761359993,no_trade
2014-10-20,0.4993,0.5909,0.6192,0.2488,0.1857,0.4467636218364246,0.23860372140874375,0.42999438557901526,0.052536378163575426,0.26069627859125627,46,True,0.0554921197361421,0.07365897923797017,-0.04012737622955043,no_trade
2014-10-21,0.4765,0.556,0.5871,0.2261,0.16079999999999997,0.4520994423485308,0.20247400497226767,0.4379577458542289,0.0244005576514692,0.2740259950277323,46,True,0.055913627778688205,0.07333494534092812,-0.42971423760824173,no_trade
2014-10-22,0.5517,0.6442,0.6297,0.21420000000000003,0.1787,0.45359736843372306,0.17223350159905923,0.43998451313295367,0.09810263156627691,0.3794664984009407,46,True,0.05620987481202553,0.07305461100228844,0.5734443887866173,no_trade
2014-10-23,0.5123,0.6007,0.6091,0.2121,0.1653,0.459291559222709,0.15173198115056857,0.4488059719147577,0.053008440777291,0.3605680188494314,46,True,0.056708912717524,0.07290882711063869,-0.050754786311643124,no_trade
2014-10-24,0.5315,0.5961,0.5918,0.1986,0.1611,0.4324291597907067,0.14438403968109306,0.42201231398899003,0.0990708402092933,0.38711596031890694,46,True,0.05706895285261991,0.07266426249895029,0.5780267481181708,no_trade
2014-10-27,0.5357999999999999,0.6022,0.6042000000000001,0.2079,0.1604,0.4332522867729068,0.14366179581463676,0.4233789338859299,0.10254771322709316,0.39213820418536316,46,True,0.057623753324593754,0.07244792266999384,0.6200862391476936,no_trade
2014-10-28,0.45,0.5323,0.5467,0.2069,0.1439,0.4375493638991225,0.11042079501228558,0.4289504442451318,0.012450636100877488,0.33957920498771443,46,True,0.0581403758669429,0.07230151765467599,-0.6319333431462278,no_trade
2014-10-29,0.46990000000000004,0.5429999999999999,0.5616,0.1953,0.1515,0.43018953208117194,0.10160894612261775,0.42261121060904083,0.039710467918828096,0.36829105387738226,46,True,0.05821038365097916,0.07224847249099385,-0.2560596105953267,no_trade
2014-10-30,0.47509999999999997,0.5382,0.5824,0.1913,0.1452,0.4190999254245438,0.14118033319756215,0.4096732578205498,0.056000074575456193,0.3339196668024378,46,True,0.05820250842463279,0.07225038800481051,-0.030483349778411616,no_trade
2014-10-31,0.4642,0.5209,0.5509000000000001,0.19079999999999997,0.14029999999999998,0.42505384927964357,0.08128847072794172,0.4193910105489019,0.03914615072035643,0.3829115292720583,46,True,0.058208087573219304,0.07225016253991344,-0.26383244248526655,no_trade
2014-11-03,0.4718,0.5514,0.5595,0.19210000000000002,0.14730000000000001,0.41796014408200427,0.07532218887248486,0.41273501772114857,0.05383985591799573,0.3964778111275151,46,True,0.058055296677692374,0.07224959753698842,-0.05834552583546971,no_trade
2014-11-04,0.4746,0.5504,0.5637,0.1918,0.1489,0.41535840499567706,0.07708553076874487,0.4098480061926204,0.05924159500432297,0.39751446923125516,46,True,0.058081150296014475,0.07224690807019313,0.016062205834207262,no_trade
2014-11-05,0.4299,0.4993,0.5489999999999999,0.19699999999999998,0.1417,0.411361986735717,0.06973653155457367,0.40601991511264507,0.018538013264283004,0.36016346844542635,46,True,0.05813380903280495,0.07224288254364662,-0.5480926891946698,no_trade
2014-11-06,0.406,0.4698,0.546,0.1953,0.1367,0.4067988030509031,0.0998308252598763,0.4011899940202527,-0.0007988030509030741,0.30616917474012373,46,True,0.05795156597249305,0.07228476635262837,-0.8127627989664226,no_trade
2014-11-07,0.37929999999999997,0.45,0.5126,0.1945,0.13119999999999998,0.4048152332955965,0.10397033130025116,0.3992532168803481,-0.025515233295596518,0.27532966869974884,46,True,0.057728845960353534,0.07237928993471618,-1.150109089644753,long_correlation
2014-11-10,0.36090000000000005,0.42810000000000004,0.4935,0.1937,0.1267,0.40460161579778237,0.2099737132261625,0.39923387337599153,-0.04370161579778231,0.15092628677383754,46,True,0.05719565595794228,0.07249601900426049,-1.391762929076078,long_correlation
2014-11-11,0.3786,0.436,0.4984,0.187,0.1292,0.4003098006423875,0.21379705098817353,0.394135440827456,-0.021709800642387533,0.16480294901182646,46,True,0.05673066891894391,0.07276646644982274,-1.0779755207080353,long_correlation
2014-11-12,0.39020000000000005,0.4435,0.5289,0.1886,0.13019999999999998,0.4009366383245345,0.26418333941695876,0.39422169398295576,-0.010736638324534475,0.12601666058304128,46,True,0.056339533608363815,0.07292259532631955,-0.9198269978288727,long_correlation
2014-11-13,0.4146,0.4462,0.5089,0.1869,0.1379,0.39690613597435825,0.27488230315894513,0.39018554573568104,0.01769386402564177,0.1397176968410549,46,True,0.055983137119977766,0.0730304259674707,-0.524292068505678,no_trade
2014-11-14,0.3872,0.44079999999999997,0.5292,0.1956,0.1331,0.3953476362838154,0.2947637027600234,0.3886228157510775,-0.00814763628381543,0.0924362972399766,46,True,0.05582458652339008,0.07307015627182115,-0.875490433730957,no_trade
2014-11-17,0.3967,0.4326,0.5025999999999999,0.2047,0.1399,0.3960893264925149,0.37251462559282666,0.3901658532276114,0.0006106735074851155,0.024185374407173332,46,True,0.05553314868923294,0.07317861520464979,-0.75052629826559,no_trade
2014-11-18,0.3901,0.41619999999999996,0.4936,0.2003,0.1386,0.39419278106402417,0.4558544454412331,0.3890097843007962,-0.004092781064024165,-0.0657544454412331,46,True,0.055325359101827426,0.07326020827671871,-0.8110561185059314,no_trade
2014-11-19,0.405,0.4296,0.5033,0.1936,0.1396,0.3922123952717942,0.4552928147419651,0.3870585171177255,0.012787604728205837,-0.050292814741965064,46,True,0.054882946905104445,0.07328114072165715,-0.5744362295994931,no_trade
2014-11-20,0.3871,0.41229999999999994,0.49810000000000004,0.19640000000000002,0.1358,0.389231470359038,0.47030380182912046,0.383832664424385,-0.00213147035903799,-0.08320380182912046,46,True,0.05434990796342998,0.07309589507530809,-0.7727024652243087,no_trade
2014-11-21,0.3518,0.41479999999999995,0.5079,0.1967,0.129,0.3882179440395092,0.45872584966897123,0.3838204175519906,-0.03641794403950921,-0.10692584966897123,46,True,0.05375875095985821,0.0729471545063007,-1.2361920846628576,long_correlation
2014-11-24,0.34840000000000004,0.40149999999999997,0.5192,0.1862,0.12619999999999998,0.3867231604345662,0.4639192291192887,0.38327117428315133,-0.038323160434566184,-0.11551922911928864,46,True,0.05310886856898621,0.07301837628070183,-1.2521783373005124,long_correlation
2014-11-25,0.3421,0.4018,0.5021,0.1898,0.1225,0.3865444213205744,0.46959936624143983,0.3836765466272204,-0.04444442132057441,-0.12749936624143982,46,True,0.05266014380740051,0.07323196243711177,-1.3259861117522806,long_correlation
2014-11-26,0.3393,0.39759999999999995,0.5053,0.1909,0.1207,0.38755521935239723,0.47357561508509466,0.3853617049465291,-0.04825521935239724,-0.13427561508509467,46,True,0.052103075358813665,0.07343510087452447,-1.3666256805814019,long_correlation
2014-11-28,0.3933,0.4391,0.5144,0.1973,0.1333,0.37990674739309194,0.4980310500576768,0.3773526503927918,0.013393252606908046,-0.1047310500576768,46,True,0.05149949947229395,0.07363292954286696,-0.5175163761914641,no_trade
2014-12-01,0.40979999999999994,0.4341,0.5196999999999999,0.2134,0.1429,0.37790616101857455,0.5132008639592441,0.37426738057086023,0.03189383898142539,-0.1034008639592442,46,True,0.05116979799913734,0.07361673960326238,-0.2618420636609899,no_trade
2014-12-02,0.3575,0.4064,0.5008,0.2145,0.1285,0.3774470305150909,0.5087735120213649,0.3752421125584658,-0.01994703051509089,-0.1512735120213649,46,True,0.050876703087020775,0.07354555240374024,-0.9629913881578221,long_correlation
2014-12-03,0.33740000000000003,0.3875,0.4867,0.21289999999999998,0.1247,0.3712432979502979,0.5420698955998209,0.3705652870069286,-0.03384329795029789,-0.20466989559982085,46,True,0.05034184899918106,0.0735686554312947,-1.144307265858609,long_correlation
2014-12-04,0.33549999999999996,0.3873,0.4851,0.2134,0.12380000000000001,0.37078071385900635,0.5384470215994053,0.368222606337869,-0.035280713859006385,-0.2029470215994053,46,True,0.0497135885981139,0.07360902875075512,-1.1546722446904771,long_correlation
2014-12-05,0.3109,0.37520000000000003,0.4939,0.2116,0.1182,0.36849365829395203,0.5502216615107324,0.3661912274276115,-0.05759365829395202,-0.23932166151073236,46,True,0.0490425205071477,0.07360998238352923,-1.4486646423238425,long_correlation
2014-12-08,0.382,0.40380000000000005,0.4905,0.22089999999999999,0.1421,0.36612473436212944,0.5876212432519903,0.3651187008993132,0.01587526563787056,-0.20562124325199027,46,True,0.048217699645082664,0.07363581150873792,-0.4392215329001191,no_trade
2014-12-09,0.38,0.39840000000000003,0.48200000000000004,0.2205,0.1489,0.3635166373621157,0.6004964785369694,0.36228039317982275,0.016483362637884302,-0.2204964785369694,46,True,0.048004951685145424,0.07365156010705409,-0.4279826388123188,no_trade
2014-12-10,0.5284,0.46259999999999996,0.5453,0.2217,0.18530000000000002,0.3771798004943613,0.5801867147746087,0.374510392199697,0.1512201995056387,-0.05178671477460872,46,True,0.047791103114959134,0.07366458864098888,1.4040544893931433,short_correlation
2014-12-11,0.5609000000000001,0.5099,0.5490999999999999,0.18600000000000003,0.20079999999999998,0.379898648332861,0.5766661507036812,0.3770394245386553,0.18100135166713904,-0.015766150703681148,46,True,0.04806484919376848,0.07392083109086708,1.7983632017064115,short_correlation
2014-12-12,0.5664,0.5163,0.5631,0.204,0.2108,0.383899877068146,0.5765562491195383,0.37569951178013977,0.18250012293185403,-0.010156249119538274,46,True,0.048245425499842884,0.07419035158985621,1.8095978055772863,short_correlation
2014-12-15,0.4661,0.4797,0.5344,0.23879999999999998,0.20420000000000002,0.3867559772633495,0.5806675842075661,0.37798916156556495,0.07934402273665053,-0.11456758420756613,46,True,0.04835380888579778,0.07436694392963454,0.41672028206746625,no_trade
2014-12-16,0.5693,0.5533,0.5826,0.2372,0.2357,0.3858684856333756,0.5812541752009369,0.37716380560014373,0.18343151436662442,-0.01195417520093689,46,True,0.04800616881285957,0.07401426782955413,1.829719451736427,short_correlation
2014-12-17,0.4343,0.4664,0.523,0.2465,0.19440000000000002,0.40177967675329074,0.5457587990677947,0.3932081409033113,0.03252032324670928,-0.11145879906779466,46,True,0.04810008371080412,0.07417148877651221,-0.21005052913308192,no_trade
2014-12-18,0.3653,0.4217,0.4858,0.2157,0.1681,0.422707660103282,0.4664924632290476,0.4115408497701101,-0.057407660103281966,-0.10119246322904757,46,True,0.047639557381739125,0.07390497645418924,-1.4213821927152048,long_correlation
2014-12-19,0.36369999999999997,0.4191,0.4861,0.20370000000000002,0.1649,0.4043363409799654,0.5042527996987853,0.39446422544661375,-0.040636340979965435,-0.14055279969878537,46,True,0.047303448646469244,0.0741899346645203,-1.1853331590611298,long_correlation
2014-12-22,0.3309,0.4057,0.4768,0.2073,0.1525,0.411034502841696,0.46853902384055807,0.401860483378762,-0.08013450284169599,-0.13763902384055804,46,True,0.04704352851636721,0.07438335020675688,-1.7097647659665445,long_correlation
2014-12-23,0.318,0.4114,0.4925,0.2082,0.14800000000000002,0.40737403978921416,0.47332837286328644,0.398856692599665,-0.08937403978921415,-0.15532837286328643,46,True,0.046695271908034096,0.0747730574297283,-1.819763914630964,long_correlation
2014-12-24,0.2994,0.4004,0.4829,0.2122,0.1437,0.40864312180377177,0.47903754141812777,0.40002522069719415,-0.10924312180377177,-0.17963754141812777,46,True,0.046456397937105966,0.0751117970169225,-2.0729036705885098,long_correlation
2014-12-26,0.3015,0.409,0.4858,0.2112,0.145,0.39978137176459083,0.4810012927061945,0.3924693304648327,-0.09828137176459084,-0.17950129270619453,46,True,0.04621807008490159,0.07551069525822693,-1.9136288092083107,long_correlation
2014-12-29,0.284,0.3969,0.4778,0.2151,0.1506,0.40075527374114284,0.491314117528828,0.3931550310250558,-0.11675527374114286,-0.207314117528828,46,True,0.04608026393096659,0.07574315707824798,-2.1498382686093866,long_correlation
2014-12-30,0.3066,0.4243,0.4987,0.2082,0.1592,0.3984147648725482,0.4661879899160203,0.3896096274819235,-0.0918147648725482,-0.1595879899160203,46,True,0.045876045165303796,0.0761131097925709,-1.8090288310791298,long_correlation
2014-12-31,0.4111,0.48710000000000003,0.5489999999999999,0.1906,0.192,0.40399283932849206,0.4731878399175843,0.393188250289573,0.007107160671507962,-0.062087839917584264,46,True,0.04557838770185393,0.07650487795478415,-0.5028597921962988,no_trade
2015-01-02,0.33880000000000005,0.4532,0.5368999999999999,0.2173,0.1779,0.3903781773991643,0.48935040667153207,0.38059521620043096,-0.05157817739916426,-0.15055040667153202,46,True,0.04560916565961813,0.07648776481985839,-1.2706260051875617,long_correlation
2015-01-05,0.4032,0.48460000000000003,0.5359,0.2262,0.19920000000000002,0.38785062614781596,0.45077334326475393,0.37691628937900307,0.015349373852184045,-0.04757334326475393,46,True,0.04542304281429963,0.07666746767207382,-0.3922611490280113,no_trade
2015-01-06,0.4411,0.5019,0.5614,0.22870000000000001,0.2112,0.36198490076185136,0.4607748317727087,0.3525156326584198,0.07911509923814863,-0.019674831772708734,46,True,0.0454624825396685,0.0766493564646085,0.4390463045050957,no_trade
2015-01-07,0.39520000000000005,0.4736,0.5188,0.2322,0.1931,0.36776599512466435,0.45009326386713566,0.35488261027005136,0.027434004875335705,-0.05489326386713561,46,True,0.04582140884327582,0.0765940882106978,-0.2400629656607358,no_trade
2015-01-08,0.324,0.42700000000000005,0.4816,0.2482,0.17010000000000003,0.3693046177191996,0.4211129041488965,0.36252738837396625,-0.04530461771919958,-0.0971129041488965,46,True,0.045872466122021636,0.07657745808696945,-1.1906517416348672,long_correlation
2015-01-09,0.3453,0.4518,0.5224,0.2444,0.17550000000000002,0.3773077336175244,0.42195924495978265,0.36921380670380577,-0.0320077336175244,-0.07665924495978266,46,True,0.0456626857188028,0.07675503559542714,-1.0119260415137454,long_correlation
2015-01-12,0.40299999999999997,0.4968,0.536,0.244,0.196,0.3806403733984724,0.4126718492321531,0.3737956731365105,0.02235962660152757,-0.00967184923215314,46,True,0.04554144802259893,0.07685382313855674,-0.3016352404392136,no_trade
2015-01-13,0.44530000000000003,0.5216,0.5528,0.2361,0.20559999999999998,0.38847636787673745,0.40695025224625825,0.38080451858979525,0.05682363212326258,0.03834974775374178,46,True,0.04567576972024475,0.07678329755759038,0.14518603339035432,no_trade
2015-01-14,0.47729999999999995,0.5268999999999999,0.5497,0.2325,0.2148,0.3835275213720713,0.4014493252448463,0.37261659093804134,0.09377247862792865,0.07585067475515367,46,True,0.0456872813792707,0.07678475634166983,0.6262336372429549,no_trade
2015-01-15,0.522,0.5390999999999999,0.5583,0.2329,0.22390000000000002,0.39166221972599496,0.3946001552842901,0.3815981880306428,0.13033778027400506,0.12739984471570992,46,True,0.04604506042713613,0.07679797612030893,1.0975903806998637,short_correlation
2015-01-16,0.5005,0.5347999999999999,0.5549000000000001,0.22699999999999998,0.2095,0.3908010979526663,0.38576428763954584,0.37394344935410795,0.10969890204733362,0.1147357123604541,46,True,0.04663311337229281,0.07687407704948157,0.820377832106488,short_correlation
2015-01-20,0.4996,0.5526,0.5886,0.2188,0.1989,0.38609685553090356,0.3843087190959731,0.3682821653846276,0.11350314446909643,0.1152912809040269,46,True,0.04716778140221212,0.07684216089193012,0.8632677985224486,short_correlation
2015-01-21,0.4646,0.524,0.5539999999999999,0.2139,0.1885,0.3780483378633734,0.39310650877311165,0.3563293194833693,0.08655166213662663,0.07149349122688836,46,True,0.04772663962906391,0.0768103170420769,0.5054662446751035,no_trade
2015-01-22,0.38079999999999997,0.4728,0.5223,0.2163,0.16399999999999998,0.38982287838577423,0.37469573389099853,0.37235499964477164,-0.009022878385774258,0.006104266109001444,46,True,0.0481260829403133,0.07674918199669266,-0.7446198101310092,no_trade
2015-01-23,0.41090000000000004,0.502,0.5504,0.2094,0.1666,0.3829952295121667,0.38962764888626333,0.3638894265062882,0.027904770487833352,0.02127235111373671,46,True,0.04809591356308546,0.07677022715020161,-0.2630074681913857,no_trade
2015-01-26,0.3447,0.4675,0.5289,0.2291,0.1552,0.3757409752378485,0.3894108796669712,0.35342067242149866,-0.03104097523784849,-0.04471087966697118,46,True,0.048125614628625024,0.07676092448196745,-1.0313397135422882,long_correlation
2015-01-27,0.43189999999999995,0.5102,0.5577000000000001,0.2274,0.1722,0.38784952751076107,0.3311489399941557,0.36447130416103535,0.04405047248923888,0.10075106000584427,46,True,0.047639744738906364,0.07687334906565421,-0.04669072303070916,no_trade
2015-01-28,0.5283,0.56,0.5876,0.20550000000000002,0.20440000000000003,0.4076024824176888,0.305231542823605,0.3825602788453953,0.12069751758231118,0.223068457176395,46,True,0.0473809571906276,0.07677477287083129,0.9549563958337469,short_correlation
2015-01-29,0.4861,0.5234000000000001,0.556,0.2022,0.18760000000000002,0.4046545381920284,0.3028392602405684,0.37793952505745115,0.08144546180797158,0.18326073975943158,46,True,0.04745752834160821,0.07683846083935854,0.44232970175469616,no_trade
2015-01-30,0.6457999999999999,0.5934,0.5938,0.17579999999999998,0.2097,0.40106294637093265,0.2774263168287804,0.369509610869442,0.24473705362906728,0.36837368317121955,46,True,0.047201405240330535,0.07661596981947702,2.57825684193741,short_correlation
2015-02-02,0.5252,0.5345,0.5524,0.1946,0.1943,0.409427561449085,0.27216891156987216,0.3781059717993191,0.11577243855091501,0.25303108843012784,46,True,0.0477455475201042,0.07752824565174568,0.8774465416950792,short_correlation
2015-02-03,0.44270000000000004,0.4932,0.5252,0.1979,0.17329999999999998,0.4201075255795914,0.22610151507945403,0.3900065089277398,0.022592474420408626,0.216598484920546,46,True,0.04727364570265421,0.07674375337975704,-0.3216049540881046,no_trade
2015-02-04,0.489,0.5199,0.5444,0.1885,0.1833,0.4108575303613567,0.3126083693969668,0.37970650897356156,0.0781424696386433,0.1763916306030332,46,True,0.04636682724072715,0.07566815011480214,0.41993417771819186,no_trade
2015-02-05,0.4594,0.5086999999999999,0.5508,0.1843,0.1685,0.41459202673758444,0.3022286958916344,0.3808169218879042,0.044807973262415535,0.15717130410836555,46,True,0.04601396758462416,0.07530955052210055,-0.01601382977122813,no_trade
2015-02-06,0.5528,0.5671,0.5922,0.17629999999999998,0.1729,0.4101937969686873,0.38835016127957916,0.37649149495100787,0.14260620303131266,0.1644498387204208,46,True,0.04531151303042557,0.07448416718272412,1.3062465981824611,short_correlation
2015-02-09,0.5401,0.561,0.5882999999999999,0.18100000000000002,0.1855,0.4114366682725292,0.3780193638786432,0.37751504477391024,0.1286633317274708,0.1620806361213568,46,True,0.04528956033978891,0.07445454969173211,1.1197941795750357,short_correlation
2015-02-10,0.48710000000000003,0.5215,0.562,0.1819,0.1723,0.4143243061831627,0.3649402558609302,0.38074487692839815,0.07277569381683735,0.12215974413906983,46,True,0.04552142789607315,0.07462332901133897,0.36522447178177925,no_trade
2015-02-11,0.5011,0.5186,0.5562,0.16649999999999998,0.1696,0.413497492237928,0.37641685146142595,0.38097617495722275,0.08760250776207201,0.12468314853857404,46,True,0.04557869773946968,0.07463874503657215,0.5630294293133028,no_trade
2015-02-12,0.40590000000000004,0.46090000000000003,0.5139,0.1791,0.1534,0.4120198172099472,0.3969312051619029,0.3828081596881855,-0.006119817209947143,0.00896879483809715,46,True,0.04581690663752063,0.07467683456241041,-0.6954864135820082,no_trade
2015-02-13,0.40659999999999996,0.4669,0.5165,0.179,0.1469,0.41124599278366764,0.39769210149756545,0.38305403273040206,-0.004645992783667674,0.008907898502434508,46,True,0.04567017474189105,0.07474264536791904,-0.6731922221628428,no_trade
2015-02-17,0.44659999999999994,0.4736,0.5223,0.1833,0.158,0.4125626100454618,0.4022836044193995,0.383958388122873,0.034037389954538144,0.044316395580600465,46,True,0.04552338411889304,0.07480521732127628,-0.15354536188330842,no_trade
2015-02-18,0.4462,0.48200000000000004,0.5325,0.1815,0.1545,0.41289404736247237,0.4057858008572833,0.3838692060295992,0.033305952637527614,0.04041419914271671,46,True,0.045587017864183135,0.07478853106116017,-0.16421054207646327,no_trade
2015-02-19,0.4292,0.475,0.5311,0.18030000000000002,0.15289999999999998,0.4132329726872265,0.4247401952991653,0.3840847856995187,0.015967027312773552,0.004459804700834735,46,True,0.045588070432310016,0.07478835564814804,-0.3960649069340778,no_trade
2015-02-20,0.3997,0.44060000000000005,0.5067,0.1821,0.14300000000000002,0.414092992865943,0.4102805438566918,0.3852005196102148,-0.014392992865942977,-0.010580543856691826,46,True,0.045267125939095654,0.07474104045582675,-0.7982243549352086,no_trade
2015-02-23,0.3962,0.4286,0.5045000000000001,0.17809999999999998,0.1456,0.41393283259744157,0.4150139122443476,0.38480511755045865,-0.017732832597441572,-0.018813912244347586,46,True,0.0450479696127495,0.07483499997482435,-0.8389229936702279,no_trade
2015-02-24,0.3652,0.4042,0.4839,0.1789,0.1369,0.41462097935225806,0.457410419099486,0.38593771838756236,-0.04942097935225803,-0.09221041909948596,46,True,0.04486789380874967,0.0749315762468429,-1.2583329736771738,long_correlation
2015-02-25,0.3589,0.4047,0.5049,0.179,0.1384,0.41330299340143495,0.4562259164587559,0.3841907738911366,-0.05440299340143495,-0.09732591645875588,46,True,0.044503031127428656,0.07516651828119082,-1.3158255402873063,long_correlation
2015-02-26,0.3676,0.4067,0.4851,0.1819,0.1391,0.40876440688501403,0.4794803691082378,0.3764664186921963,-0.04116440688501405,-0.11188036910823784,46,True,0.044042321787012104,0.07541610195796866,-1.129821436800248,long_correlation
2015-02-27,0.34729999999999994,0.41359999999999997,0.491,0.1845,0.1334,0.40899082405298715,0.49920354302073466,0.37755222495868324,-0.0616908240529872,-0.15190354302073472,46,True,0.043659512195702195,0.07560331413565705,-1.3934618799865899,long_correlation
2015-03-02,0.30920000000000003,0.38020000000000004,0.45799999999999996,0.19190000000000002,0.1304,0.40968865756747197,0.5053153334241125,0.37814429773230634,-0.10048865756747194,-0.19611533342411247,46,True,0.04329117237662513,0.07589016684215512,-1.8945778607015913,long_correlation
2015-03-03,0.36310000000000003,0.39880000000000004,0.4715,0.1886,0.1386,0.41401580196676263,0.49694561792304065,0.38234104520618123,-0.0509158019667626,-0.13384561792304062,46,True,0.0427784087467332,0.07642361920803196,-1.2259849989366733,long_correlation
2015-03-04,0.3784,0.3994,0.4719,0.19030000000000002,0.1423,0.41590895455013105,0.5004535637600397,0.3852046626224306,-0.037508954550131035,-0.12205356376003967,46,True,0.042115490295966146,0.07650922274426528,-1.040716948755899,long_correlation
2015-03-05,0.3737,0.38539999999999996,0.4606,0.1912,0.1404,0.41510953075750884,0.5185326074496753,0.3836124421073289,-0.04140953075750886,-0.14483260744967535,46,True,0.041794582624796246,0.07667340332052472,-1.0851756903822238,long_correlation
2015-03-06,0.4549,0.4335,0.4947,0.1911,0.152,0.4264115002101492,0.4929037876320958,0.39272990076160885,0.028488499789850852,-0.038003787632095776,46,True,0.04148802259255753,0.07685152375322862,-0.16915113933782677,no_trade
2015-03-09,0.4302,0.4201,0.48460000000000003,0.19510000000000002,0.1506,0.4299917342760419,0.4887915955655188,0.39635266761505517,0.00020826572395810095,-0.058591595565518795,46,True,0.04139566978569772,0.07685311255731613,-0.5359236951011261,no_trade
2015-03-10,0.4921,0.4559,0.5114,0.1975,0.16690000000000002,0.4316611837349833,0.43741630670235265,0.39679343949522794,0.06043881626501668,0.05468369329764733,46,True,0.041173325091440054,0.07689104010519206,0.2505557363669441,no_trade
2015-03-11,0.5028,0.4765,0.5339,0.1766,0.16870000000000002,0.4293973493219736,0.44189597330844566,0.3948737497657213,0.07340265067802643,0.06090402669155437,46,True,0.04123340907001387,0.07690019100390522,0.418324599562814,no_trade
2015-03-12,0.44020000000000004,0.4354,0.5002,0.1852,0.1542,0.4292392878550473,0.44917343822197603,0.39494140482679846,0.010960712144952756,-0.008973438221975993,46,True,0.041227926364824904,0.0768978386343419,-0.39360292509385403,no_trade
2015-03-13,0.4562,0.4583,0.5119,0.18760000000000002,0.16,0.43007302352504245,0.4385137286700814,0.3954619996486369,0.02612697647495754,0.017686271329918568,46,True,0.04100933174568675,0.07690530143645923,-0.1935153362999991,no_trade
2015-03-16,0.43,0.4432,0.4954,0.195,0.1561,0.4343014133986466,0.40368751970838873,0.40044026386306775,-0.004301413398646592,0.026312480291611262,46,True,0.0406298270511958,0.07674101278750162,-0.5854918878156908,no_trade
2015-03-17,0.4462,0.4593,0.5161,0.193,0.1566,0.42036543495718237,0.39271557319575195,0.3849511242025834,0.025834565042817614,0.05348442680424803,46,True,0.039927205193130116,0.0763359412444455,-0.18461343268414782,no_trade
2015-03-18,0.3605,0.4165,0.483,0.1974,0.13970000000000002,0.39848793610586775,0.42985230357302473,0.3632153454763091,-0.03798793610586776,-0.06935230357302474,46,True,0.039793093325594095,0.07633087435891794,-1.0189982767094359,long_correlation
2015-03-19,0.35369999999999996,0.4363,0.5047999999999999,0.1937,0.1407,0.4004171157280303,0.45883456332609,0.3641646985797254,-0.046717115728030334,-0.10513456332609006,46,True,0.03951968200046101,0.07648605240252639,-1.1274839662877265,long_correlation
2015-03-20,0.30269999999999997,0.42950000000000005,0.4959,0.1884,0.13019999999999998,0.39900364529386156,0.4497527206337254,0.36342847379938237,-0.0963036452938616,-0.14705272063372543,46,True,0.0392028491572349,0.0766777746638839,-1.7672199675210658,long_correlation
2015-03-23,0.29600000000000004,0.44299999999999995,0.516,0.19039999999999999,0.1341,0.4007475938461397,0.44799640247692996,0.364851182727725,-0.10474759384613969,-0.15199640247692991,46,True,0.03885214842609625,0.07709515905163979,-1.8626298205838077,long_correlation
2015-03-24,0.31379999999999997,0.46,0.5287,0.18739999999999998,0.1362,0.40047144923186206,0.4156866574316854,0.3654535982578792,-0.0866714492318621,-0.10188665743168546,46,True,0.03840865653078576,0.0775988535542655,-1.61188084660527,long_correlation
2015-03-25,0.3614,0.4997,0.5547,0.1962,0.15439999999999998,0.4118597195134152,0.3145483182421089,0.37996091827066425,-0.05045971951341521,0.04685168175789112,46,True,0.03805722187332612,0.0779645798489129,-1.1353481485859065,long_correlation
2015-03-26,0.3685,0.4844,0.5347999999999999,0.20199999999999999,0.158,0.40737729951966306,0.3216806141820673,0.3768023443117731,-0.03887729951966307,0.04681938581793271,46,True,0.03796697530621925,0.07805413064025044,-0.9844997848999907,long_correlation
2015-03-27,0.3356,0.45990000000000003,0.5207,0.2109,0.1507,0.4039568268732523,0.3099737720461578,0.3731706153621482,-0.06835682687325229,0.02562622795384223,46,True,0.03780056212511269,0.07817346528911709,-1.3579721534123121,long_correlation
2015-03-30,0.2978,0.4437,0.5077,0.21350000000000002,0.1451,0.4036981142974568,0.2636779680233261,0.373512258885895,-0.10589811429745677,0.034122031976673906,46,True,0.03753468853612946,0.0784207176303879,-1.829016708436831,long_correlation
2015-03-31,0.33520000000000005,0.46869999999999995,0.5312,0.2141,0.15289999999999998,0.40825251547951646,0.25904656536460535,0.3776030114157902,-0.07305251547951641,0.0761534346353947,46,True,0.03714657778493335,0.07888806588290012,-1.3969044877843388,long_correlation
2015-04-01,0.33990000000000004,0.47259999999999996,0.5357999999999999,0.2195,0.15109999999999998,0.3973943743419962,0.27841644788815817,0.36668419475484215,-0.05749437434199617,0.061483552111841866,46,True,0.036997481150255744,0.07906119109593332,-1.1951736899282852,long_correlation
2015-04-02,0.3053,0.4556,0.5159,0.21760000000000002,0.1467,0.4010497832278229,0.2754626288706142,0.36831836650559147,-0.0957497832278229,0.029837371129385837,46,True,0.03704089760647398,0.07900604687678395,-1.6807660436598508,long_correlation
2015-04-06,0.3106,0.4499,0.5125,0.2275,0.1474,0.40026702264803726,0.29620845681370517,0.36731696476391146,-0.08966702264803728,0.01439154318629482,46,True,0.03692826844710015,0.07917553060426179,-1.598919389980358,long_correlation
2015-04-07,0.3176,0.46149999999999997,0.5227,0.221,0.1478,0.38455497110553666,0.2979426245006512,0.3515588107293901,-0.06695497110553666,0.019657375499348817,46,True,0.036870141236925516,0.07926337305470221,-1.3098750197119307,long_correlation
2015-04-08,0.2848,0.44170000000000004,0.5092,0.2365,0.1398,0.38128517288828595,0.3028280626815198,0.34921158955038967,-0.09648517288828595,-0.018028062681519796,46,True,0.03689773998691428,0.07922584877154386,-1.6835782127096426,long_correlation
2015-04-09,0.2422,0.40149999999999997,0.48090000000000005,0.23920000000000002,0.1309,0.37976403429360517,0.32147986039297244,0.34771603816861346,-0.13756403429360517,-0.07927986039297244,46,True,0.03662843321012557,0.07956406829270896,-2.1893358552618567,long_correlation
2015-04-10,0.2193,0.3791,0.4636,0.2398,0.1258,0.37989761716991305,0.324824807428149,0.348646734487882,-0.16059761716991305,-0.10552480742814901,46,True,0.036274761411062666,0.08013971247230438,-2.4566144862200896,long_correlation
2015-04-13,0.27940000000000004,0.4303,0.4986,0.2378,0.1394,0.38141897995589985,0.32158696217043,0.34932253735090874,-0.10201897995589981,-0.04218696217042994,46,True,0.03604461439057757,0.08062195436120204,-1.7124813636732947,long_correlation
2015-04-14,0.276,0.4216,0.49570000000000003,0.23920000000000002,0.1367,0.3774343789531383,0.32290234047704114,0.3443730931710785,-0.10143437895313828,-0.046902340477041116,46,True,0.03582032866123228,0.08092774562685608,-1.6960154586194507,long_correlation
2015-04-15,0.24530000000000002,0.4079,0.48700000000000004,0.23739999999999997,0.1284,0.3730343634649849,0.3514168434306234,0.3413792504964503,-0.1277343634649849,-0.10611684343062339,46,True,0.0353724950557336,0.0813743312114155,-2.004401831542638,long_correlation
2015-04-16,0.24719999999999998,0.40909999999999996,0.4892,0.2352,0.126,0.3686440376867938,0.3556914478414701,0.33784353362600417,-0.12144403768679385,-0.10849144784147013,46,True,0.034943095624432555,0.08194864772377908,-1.9083552646085638,long_correlation
2015-04-17,0.2792,0.4305,0.508,0.2395,0.1389,0.38304905192690586,0.29459410820340104,0.35245809478489987,-0.10384905192690586,-0.015394108203401036,46,True,0.03460005233768327,0.08242215794399668,-1.6797558777660373,long_correlation
2015-04-20,0.2611,0.418,0.4996,0.2227,0.133,0.37876133845775506,0.2682633367805729,0.34664234003104893,-0.11766133845775506,-0.007163336780572904,46,True,0.03453278765883279,0.08252855582049645,-1.8441389723045356,long_correlation
2015-04-21,0.2692,0.41950000000000004,0.5032,0.22010000000000002,0.1325,0.3899834983055889,0.2682651871562636,0.35458369449787464,-0.12078349830558893,0.0009348128437364212,46,True,0.03437924913694577,0.0827761803967172,-1.8744854703236373,long_correlation
2015-04-22,0.2422,0.39770000000000005,0.48219999999999996,0.221,0.12710000000000002,0.3894492491269504,0.2725219100104418,0.3548003903101839,-0.1472492491269504,-0.030321910010441794,46,True,0.034141635915883865,0.0831359486347043,-2.181858606556086,long_correlation
2015-04-23,0.2589,0.4068,0.49219999999999997,0.21280000000000002,0.12480000000000001,0.3716283694271599,0.30058758443342687,0.34059347212237645,-0.11272836942715986,-0.04168758443342685,46,True,0.033712541595138285,0.08379203603780518,-1.7476709953226,long_correlation
2015-04-24,0.2658,0.4152,0.4919,0.20350000000000001,0.1229,0.3576308287876046,0.3573216663042222,0.3231036818718132,-0.09183082878760462,-0.0915216663042222,46,True,0.03336980593291206,0.08421430123560593,-1.4866908931565375,long_correlation
2015-04-27,0.3063,0.4339,0.5014,0.20420000000000002,0.13119999999999998,0.35283812053880315,0.3880557497099434,0.31583853495720315,-0.04653812053880313,-0.08175574970994337,46,True,0.0329947449730268,0.0845612615485769,-0.940535465712531,long_correlation
2015-04-28,0.30579999999999996,0.4189,0.4879,0.2002,0.1241,0.3417472750754221,0.40959921263241617,0.3157953526834873,-0.035947275075422114,-0.1037992126324162,46,True,0.032545982512559204,0.08468246562725291,-0.8088245551265396,no_trade
2015-04-29,0.3281,0.4254,0.49090000000000006,0.2005,0.13390000000000002,0.3300558801107133,0.42050102759883284,0.3005518996979672,-0.001955880110713293,-0.09240102759883284,46,True,0.032297360530057294,0.08479158310664815,-0.4039698208923396,no_trade
2015-04-30,0.4007,0.4576,0.5063,0.20079999999999998,0.14550000000000002,0.322860857714527,0.40160272300483707,0.29357924970355126,0.077839142285473,-0.0009027230048370694,46,True,0.032213270834940556,0.08481509356212517,0.5379451879884152,no_trade
2015-05-01,0.3226,0.408,0.4696,0.198,0.127,0.3372562749951221,0.38395473117646367,0.3084558590306016,-0.01465627499512212,-0.06135473117646367,46,True,0.03232112704845166,0.08485591617323726,-0.5536137509571784,no_trade
2015-05-04,0.34509999999999996,0.42700000000000005,0.4875,0.1894,0.1285,0.33556073999628255,0.38280095731322317,0.3051404140984994,0.009539260003717409,-0.037700957313223205,46,True,0.03206227288785522,0.08489949394080948,-0.265290307853195,no_trade
2015-05-05,0.43310000000000004,0.4807,0.5246999999999999,0.1873,0.1431,0.3475388744441479,0.3782018549754829,0.31512476054961763,0.08556112555585216,0.05489814502451712,46,True,0.031972282584280996,0.08491134733314079,0.6311152119789236,no_trade
2015-05-06,0.45539999999999997,0.48619999999999997,0.5279,0.17980000000000002,0.1515,0.34541315780066206,0.37377011325760895,0.31321490666688323,0.10998684219933791,0.08162988674239102,46,True,0.03208453913303987,0.08496361190053024,0.9168901995068297,short_correlation
2015-05-07,0.45740000000000003,0.479,0.5201,0.1707,0.15130000000000002,0.34108693408401075,0.37729178135772096,0.3082652834538585,0.11631306591598928,0.08010821864227907,46,True,0.03203321043975752,0.0849124079306548,0.9925505297772309,short_correlation
2015-05-08,0.3638,0.44299999999999995,0.4954,0.17010000000000003,0.1286,0.3486171656715759,0.3401544743473184,0.3110586746299399,0.0151828343284241,0.02364552565268163,46,True,0.0320795632013673,0.08495537417337672,-0.19888946446707892,no_trade
2015-05-11,0.41840000000000005,0.4767,0.5211,0.16649999999999998,0.13849999999999998,0.3489392387523359,0.39983314609214765,0.3073006683884348,0.06946076124766415,0.0185668539078524,46,True,0.03160732452552725,0.08471594656552398,0.4468277609677532,no_trade
2015-05-12,0.42310000000000003,0.4915,0.5154,0.17170000000000002,0.1386,0.35080543210381065,0.3988757638963631,0.30811792387518466,0.07229456789618938,0.024224236103636942,46,True,0.031531011154400324,0.08467297009120901,0.48142348966711446,no_trade
2015-05-13,0.4296,0.4673,0.5136,0.16440000000000002,0.1376,0.35043175791094294,0.4272713418669247,0.30822230095273395,0.07916824208905704,0.0023286581330752565,46,True,0.0315055701570027,0.08465970153675534,0.5629912587320121,no_trade
2015-05-14,0.3933,0.4435,0.4951,0.16440000000000002,0.1274,0.3622108780385066,0.38817962262482825,0.3193837135028439,0.031089121961493382,0.005120377375171736,46,True,0.03140965815176285,0.0845916612072225,-0.003789217349500431,no_trade
2015-05-15,0.38,0.44770000000000004,0.4999,0.16269999999999998,0.12380000000000001,0.36383803179171875,0.4191151872205899,0.32132282681518587,0.016161968208281252,-0.039115187220589875,46,True,0.0310788167998941,0.08442842760502652,-0.17668040273587615,no_trade
2015-05-18,0.4183,0.4454,0.5035000000000001,0.1494,0.1273,0.3613190331251236,0.4174758987448537,0.31843155899976217,0.056980966874876415,0.0008241012551463145,46,True,0.03046264838964015,0.08396533600424039,0.3158245979495282,no_trade
2015-05-19,0.42229999999999995,0.433,0.49420000000000003,0.1497,0.1285,0.35889753034734967,0.48843652741064797,0.31667666003680917,0.06340246965265028,-0.06613652741064802,46,True,0.030249948777997773,0.08382935183049331,0.3954762878482991,no_trade
2015-05-20,0.4293,0.42950000000000005,0.4861,0.151,0.1288,0.35989943868440166,0.49222020251024357,0.3170601833765192,0.06940056131559835,-0.06292020251024355,46,True,0.02998009390573477,0.0836115956315652,0.4714712966795899,no_trade
2015-05-21,0.4068,0.40549999999999997,0.47159999999999996,0.1547,0.1211,0.3628383808809525,0.505541400204433,0.31927839955040305,0.0439616191190475,-0.09874140020443295,46,True,0.029585904606782995,0.08318790641491093,0.17281014911667192,no_trade
2015-05-22,0.4153,0.41,0.47590000000000005,0.1497,0.1213,0.3720217433339306,0.4956383631505817,0.3335253009011919,0.04327825666606938,-0.08033836315058168,46,True,0.0292643264434283,0.08297395677634088,0.16889552779092004,no_trade
2015-05-26,0.4819,0.4517,0.5023,0.15789999999999998,0.1406,0.37974572237167864,0.48104020874706305,0.34014492911465577,0.10215427762832135,0.0008597912529369478,46,True,0.028896397375461114,0.08270392154071146,0.8857848441539576,short_correlation
2015-05-27,0.4175,0.4089,0.4673,0.1586,0.13269999999999998,0.3838295987372846,0.45211032202636453,0.34395170419895704,0.033670401262715366,-0.03461032202636455,46,True,0.028875975108264184,0.0826851171269782,0.057984149034807066,no_trade
2015-05-28,0.4396,0.4194,0.4778,0.1573,0.1331,0.3807827791692561,0.44323921504861336,0.3408570876943595,0.058817220830743866,-0.0036392150486133645,46,True,0.02869613562893746,0.08262494831174505,0.3645519400285631,no_trade
2015-05-29,0.47450000000000003,0.4347,0.48950000000000005,0.1558,0.1384,0.37943062643653674,0.5604157724012766,0.339388511477298,0.09506937356346329,-0.08591577240127657,46,True,0.028561920620461298,0.08254810023259367,0.8056812059345478,short_correlation
2015-06-01,0.4918,0.4335,0.4841,0.1522,0.13970000000000002,0.38422345225549925,0.5594156620066554,0.34421978828828176,0.10757654774450076,-0.06761566200665536,46,True,0.028598717788365518,0.08257577725529042,0.9564285385043146,short_correlation
2015-06-02,0.5099,0.4439,0.4894,0.152,0.1424,0.369101867173834,0.5659564232848356,0.3286249148983156,0.14079813282616604,-0.05605642328483562,46,True,0.028802062820638876,0.08270733599498056,1.3541249836933946,short_correlation
2015-06-03,0.4882,0.4382,0.48719999999999997,0.1547,0.1366,0.3677347530361121,0.5662170283788973,0.32689150607801565,0.12046524696388794,-0.07801702837889729,46,True,0.028909697769987367,0.08283577795449175,1.1052657614225496,short_correlation
2015-06-04,0.5446,0.4661,0.5107,0.1549,0.1471,0.34981719890667246,0.5593204808353991,0.30972903920044303,0.19478280109332752,-0.014720480835399119,46,True,0.028925998201631376,0.08285345677707352,2.00180908972757,short_correlation
2015-06-05,0.5161,0.46020000000000005,0.5096,0.1604,0.1421,0.3492122779273108,0.5491913016512703,0.30896595244254665,0.1668877220726892,-0.03309130165127028,46,True,0.029219076574356958,0.08330955953223765,1.6524951790803752,short_correlation
2015-06-08,0.5654,0.48840000000000006,0.5261,0.15960000000000002,0.15289999999999998,0.34928089132713525,0.5851609981539048,0.3118507974855745,0.21611910867286477,-0.019760998153904752,46,True,0.029511924763393316,0.0836639243675777,2.2304378538306695,short_correlation
2015-06-09,0.5186999999999999,0.47340000000000004,0.514,0.1637,0.1447,0.34720307615603807,0.5743878172210359,0.3100012851322417,0.17149692384396187,-0.055687817221035996,46,True,0.030238884821925188,0.08448555661775056,1.6719785567744976,short_correlation
2015-06-10,0.46509999999999996,0.42869999999999997,0.4825,0.1449,0.1322,0.34811678592829004,0.5775219770930191,0.3106053287042207,0.11698321407170992,-0.11242197709301915,46,True,0.030701724525764477,0.08493924977623662,1.0158023501884559,short_correlation
2015-06-11,0.4341,0.4157,0.4718,0.1501,0.1285,0.3493197932440135,0.5939306051236124,0.3122225383150168,0.08478020675598646,-0.1598306051236124,46,True,0.030974094124332396,0.08510593801284215,0.632225128915622,no_trade
2015-06-12,0.47950000000000004,0.44049999999999995,0.48950000000000005,0.1501,0.1378,0.35172173774767845,0.5820511174360188,0.31477291757964004,0.12777826225232158,-0.10255111743601875,46,True,0.03100471202994113,0.08512397166255198,1.1368542648128506,short_correlation
2015-06-15,0.5274,0.47509999999999997,0.5139,0.1561,0.1539,0.3561467670546324,0.5802622989720593,0.3186325625358734,0.1712532329453676,-0.052862298972059296,46,True,0.03107383326099168,0.0851957069336198,1.6453810259899204,short_correlation
2015-06-16,0.4962,0.46840000000000004,0.5125,0.1588,0.1481,0.35570438953722017,0.5661348406245585,0.3181662010859829,0.1404956104627798,-0.06993484062455857,46,True,0.03139672984207018,0.08557284973951296,1.2749240086407174,short_correlation
2015-06-17,0.4689,0.46130000000000004,0.5062,0.1654,0.145,0.3574959228259912,0.54225215145202,0.31920633135701937,0.1114040771740088,-0.07335215145202001,46,True,0.03165367958884982,0.08580344649333865,0.9294544781642354,short_correlation
2015-06-18,0.4188,0.4596,0.49770000000000003,0.1648,0.1319,0.3676483508555068,0.5115094414314404,0.3298114363276182,0.051151649144493216,-0.09270944143144039,46,True,0.03193324627631187,0.08594851689717702,0.22360365905060287,no_trade
2015-06-19,0.478,0.49119999999999997,0.525,0.1576,0.1396,0.3418656601093157,0.48276729411362856,0.29925798602255343,0.1361343398906843,-0.004767294113628584,46,True,0.032307934299847775,0.08582509122319262,1.2097441914839397,short_correlation
2015-06-22,0.3857,0.46759999999999996,0.5127,0.1536,0.1274,0.35123590231306373,0.45977874561214266,0.3071748327633992,0.03446409768693626,-0.07407874561214267,46,True,0.03310900442174745,0.08584843138645076,0.015784717825405498,no_trade
2015-06-23,0.3214,0.43979999999999997,0.4949,0.1656,0.1211,0.35216025936034395,0.46003064515798664,0.3064895163448613,-0.030760259360343933,-0.13863064515798662,46,True,0.03348270192840665,0.08564752085033439,-0.7500854741728319,no_trade
2015-06-24,0.37229999999999996,0.4671,0.5146999999999999,0.16269999999999998,0.1326,0.3479269700635522,0.4299127514448856,0.30255793684140414,0.024373029936447743,-0.057612751444885646,46,True,0.03361736797728581,0.08551911938737283,-0.10809674032030576,no_trade
2015-06-25,0.4014,0.48700000000000004,0.519,0.1613,0.1401,0.33755572927399446,0.4339240777116296,0.2931912796011728,0.06384427072600551,-0.03252407771162963,46,True,0.03376955253351665,0.08546819303117635,0.35188199405969034,no_trade
2015-06-26,0.38520000000000004,0.49920000000000003,0.5108,0.1654,0.1402,0.33414101116691863,0.4534721346327332,0.2893494375945152,0.05105898883308141,-0.06827213463273318,46,True,0.034208139813342454,0.08533719723513133,0.19746194585357033,no_trade
2015-06-29,0.5266,0.5781000000000001,0.5731,0.16449999999999998,0.1885,0.3764431394326413,0.3762567777122134,0.33031710432175615,0.15015686056735866,0.15034322228778657,46,True,0.034609174253256283,0.08517719688293449,1.3565565731507738,short_correlation
2015-06-30,0.4839,0.5549000000000001,0.5499,0.1672,0.18230000000000002,0.374028480195188,0.3671710063396219,0.32689476818064706,0.10987151980481202,0.11672899366037809,46,True,0.03545244630780862,0.08526535346353888,0.8727938192249031,short_correlation
2015-07-01,0.4194,0.5096,0.5207,0.1805,0.1609,0.3784825917805941,0.3509468554889665,0.33152398186773807,0.04091740821940587,0.06845314451103351,46,True,0.036130614995163145,0.08517451793296045,0.0561998276058379,no_trade
2015-07-02,0.4592,0.5457,0.563,0.1754,0.1679,0.37910193162247974,0.34706369660259484,0.3314273348486729,0.08009806837752026,0.11213630339740516,46,True,0.03659359271199866,0.0848805179538264,0.5125378203887412,no_trade
2015-07-06,0.4804,0.5669,0.5550999999999999,0.1873,0.17010000000000003,0.3813054730714679,0.34310744129981896,0.33322409657505697,0.0990945269285321,0.13729255870018103,46,True,0.037247549002197164,0.0845765944114337,0.7312540586048236,no_trade
2015-07-07,0.40509999999999996,0.5152,0.5144,0.20329999999999998,0.1609,0.3740843342204339,0.3399965414493036,0.31618059171375146,0.03101566577956605,0.06510345855069638,46,True,0.03805200078938177,0.08419455556583148,-0.08357232795550577,no_trade
2015-07-08,0.5075,0.5777,0.5496,0.20199999999999999,0.1966,0.3920373510518234,0.2942010022023567,0.3344896681964148,0.11546264894817654,0.21329899779764327,46,True,0.038420496586748135,0.08395847354594224,0.9176221185020805,short_correlation
2015-07-09,0.4986,0.5745,0.5563,0.2082,0.1997,0.39231214266061354,0.2900129441070008,0.33465162617783395,0.10628785733938645,0.2085870558929992,46,True,0.03883320503439749,0.08408094785738049,0.8022584666791182,short_correlation
2015-07-10,0.4111,0.5205,0.5214,0.2167,0.16829999999999998,0.4093151777865477,0.2716603626467749,0.34958946888862485,0.0017848222134523306,0.13943963735322512,46,True,0.039293218046953855,0.0841318129627592,-0.445828926212544,no_trade
2015-07-13,0.3179,0.44909999999999994,0.4789,0.2206,0.139,0.42663335225811283,0.259796877687148,0.3676789617695286,-0.10873335225811281,0.05810312231285203,46,True,0.03915808544295928,0.08416472634160682,-1.757166501092299,long_correlation
2015-07-14,0.29969999999999997,0.4506,0.4875,0.2187,0.13369999999999999,0.4113777159817277,0.24926924148312582,0.351248892844795,-0.11167771598172771,0.05043075851687415,46,True,0.038601674256073186,0.08467759179999118,-1.7747244228763783,long_correlation
2015-07-15,0.3184,0.45890000000000003,0.4985,0.2152,0.1323,0.40374918410465016,0.24762780121673428,0.34387502717461005,-0.08534918410465014,0.07077219878326574,46,True,0.03812215157421963,0.08518559976249186,-1.4494390603942844,long_correlation
2015-07-16,0.258,0.418,0.4753,0.2121,0.1211,0.4043814939850956,0.24622866214634542,0.3443416524071687,-0.1463814939850956,0.011771337853654584,46,True,0.037678874644919216,0.08553698238206082,-2.1518220950078395,long_correlation
2015-07-17,0.22640000000000002,0.3868,0.446,0.22469999999999998,0.1195,0.3947207482485515,0.2541096045497879,0.3289604516291629,-0.1683207482485515,-0.02770960454978791,46,True,0.0371071131309134,0.08628356229869084,-2.3808458518243376,long_correlation
2015-07-20,0.2273,0.38549999999999995,0.446,0.2359,0.1225,0.403369435516215,0.2522661940549514,0.3355230337621567,-0.176069435516215,-0.024966194054951374,46,True,0.0359647399019914,0.08708954593262407,-2.4346685144304745,long_correlation
2015-07-21,0.2347,0.3826,0.444,0.2305,0.1222,0.40943489398903954,0.274032863343179,0.34901614683549326,-0.17473489398903955,-0.03933286334317901,46,True,0.03514439438943731,0.0881074267379769,-2.3820839644158247,long_correlation
2015-07-22,0.2564,0.39,0.445,0.218,0.12119999999999999,0.40558928816899725,0.3765227823676258,0.34565478509042274,-0.14918928816899724,-0.1201227823676258,46,True,0.03427172403930524,0.08909123553445118,-2.059248714059633,long_correlation
2015-07-23,0.2966,0.4096,0.4596,0.2224,0.1264,0.41249697768123506,0.4951137887888512,0.35034026318105665,-0.11589697768123508,-0.19851378878885123,46,True,0.033522258164127086,0.0898368707066081,-1.663228412455949,long_correlation
2015-07-24,0.3478,0.42840000000000006,0.47,0.2232,0.1374,0.41041590174302506,0.6157224747423575,0.3507758270339689,-0.06261590174302506,-0.26792247474235753,46,True,0.03278476963332083,0.0902982785384265,-1.0565059812934094,long_correlation
2015-07-27,0.43479999999999996,0.48310000000000003,0.49810000000000004,0.2207,0.156,0.4059197938990103,0.6099520946473296,0.3458081762471452,0.02888020610098968,-0.17515209464732961,46,True,0.032169894699451126,0.09041865063639122,-0.03638285437028441,no_trade
2015-07-28,0.3231,0.40979999999999994,0.4549,0.2214,0.1344,0.4051571669680838,0.6987442354518609,0.3491109504665562,-0.0820571669680838,-0.37564423545186093,46,True,0.031743091735732476,0.09017805376705397,-1.2619507069622802,long_correlation
2015-07-29,0.2918,0.396,0.4456,0.2125,0.125,0.4103523748088668,0.7141866796779204,0.353799244921203,-0.11855237480886682,-0.4223866796779204,46,True,0.030922135732529884,0.09026894471279749,-1.6558796717627475,long_correlation
2015-07-30,0.29760000000000003,0.4021,0.4459,0.2004,0.1213,0.3991351840118084,0.7164398932347098,0.34445967217795054,-0.10153518401180839,-0.41883989323470977,46,True,0.029783536793971357,0.0903378308325906,-1.4536404028687917,long_correlation
2015-07-31,0.2932,0.4083,0.4521,0.20379999999999998,0.12119999999999999,0.39347478673842584,0.720346328023774,0.34037466820294093,-0.10027478673842583,-0.42714632802377395,46,True,0.028685001887830113,0.09024443516358624,-1.4290054383130695,long_correlation
2015-08-03,0.31,0.3945,0.4422,0.2132,0.12560000000000002,0.38870495127291166,0.7464233287824475,0.3303937202045428,-0.07870495127291166,-0.43642332878244755,46,True,0.027119713806865068,0.089033888121238,-1.1885886072466545,long_correlation
2015-08-04,0.3268,0.39990000000000003,0.4449,0.21530000000000002,0.13,0.3842881674298249,0.7587775621579229,0.33092456990486724,-0.05748816742982493,-0.43197756215792293,46,True,0.025799350752435578,0.0881179526421038,-0.945182175538481,long_correlation
2015-08-05,0.3152,0.3883,0.43420000000000003,0.21289999999999998,0.1251,0.37050909176489955,0.7657295303943692,0.3196546807837452,-0.055309091764899565,-0.4505295303943692,46,True,0.024972317379682887,0.08791671122273562,-0.9131530061581894,long_correlation
2015-08-06,0.35200000000000004,0.4003,0.43450000000000005,0.22190000000000001,0.1377,0.37194743980561107,0.7698089709486166,0.32263134538061916,-0.019947439805611034,-0.4178089709486165,46,True,0.023851042429291442,0.08712489324454874,-0.5027091638662394,no_trade
2015-08-07,0.3481,0.39840000000000003,0.4339,0.2261,0.13390000000000002,0.36869371538282275,0.796186562667624,0.31372333655550627,-0.02059371538282273,-0.448086562667624,46,True,0.022866905293645833,0.0862048989795464,-0.5041548820419167,no_trade
2015-08-10,0.3035,0.3788,0.4497,0.2175,0.1223,0.3654893080371319,0.8031119952940151,0.30720990662601894,-0.06198930803713193,-0.4996119952940151,46,True,0.021776750582969507,0.08499733635249387,-0.985513925668374,long_correlation
2015-08-11,0.3408,0.40049999999999997,0.4412,0.22940000000000002,0.1371,0.37064148378271433,0.8113860659416141,0.31098504612233935,-0.02984148378271434,-0.4705860659416141,46,True,0.02078861314722518,0.08451469779905486,-0.5990685436788691,no_trade
2015-08-12,0.3347,0.39380000000000004,0.4351,0.22190000000000001,0.1361,0.36886266244240995,0.8134275714716532,0.30977339167191775,-0.03416266244240995,-0.47872757147165323,46,True,0.02008790909135346,0.084197718824021,-0.6443235314623051,no_trade
2015-08-13,0.355,0.41979999999999995,0.4403,0.2143,0.1349,0.3727171958349145,0.8163206453381193,0.31176531876561997,-0.017717195834914545,-0.46132064533811934,46,True,0.01924839497963627,0.08367607937602355,-0.44177011028964264,no_trade
2015-08-14,0.3417,0.3914,0.43479999999999996,0.2125,0.1283,0.374265523670949,0.8166454337115016,0.3129259707438484,-0.032565523670949004,-0.47494543371150155,46,True,0.018672618859672037,0.08342790547705944,-0.6141607204163867,no_trade
2015-08-17,0.3554,0.3774,0.42619999999999997,0.214,0.13019999999999998,0.37528589033456494,0.8167745451295777,0.31329817354686557,-0.01988589033456495,-0.4613745451295777,46,True,0.018093703394986827,0.08327453303226823,-0.4560769342871605,no_trade
2015-08-18,0.38770000000000004,0.3934,0.441,0.2065,0.1379,0.37299877410653365,0.8142518266431161,0.3123216548924228,0.014701225893466396,-0.4265518266431161,46,True,0.01748496579941102,0.08298762390418132,-0.03354403674888644,no_trade
2015-08-19,0.4265,0.4068,0.4497,0.20879999999999999,0.1525,0.37044727380207504,0.8105570317212332,0.3086920546429309,0.05605272619792495,-0.3840570317212332,46,True,0.01715078394410255,0.08282781360468729,0.4696724513276409,no_trade
2015-08-20,0.5117,0.4576,0.4824,0.2296,0.19140000000000001,0.39402735084422724,0.8113245972835254,0.33876227830652117,0.1176726491557728,-0.2996245972835253,46,True,0.016947418568957106,0.08266834898353705,1.2184255743014123,short_correlation
2015-08-21,0.6211,0.5123,0.539,0.2379,0.2803,0.4476665452418811,0.8093455933210161,0.38611461978395134,0.1734334547581189,-0.1882455933210161,46,True,0.01701320505778313,0.08274214240875563,1.8904544304352413,short_correlation
2015-08-24,0.7261,0.5726,0.5339,0.2371,0.40740000000000004,0.5150952952223425,0.7798834995650445,0.45463218630884783,0.21100470477765743,-0.05378349956504458,46,True,0.017296729483345385,0.08315584598545042,2.329457093470069,short_correlation
2015-08-25,0.703,0.5772999999999999,0.5696,0.2382,0.3602,0.5143801567838497,0.7704260121367341,0.4577393820630535,0.18861984321615022,-0.06742601213673416,46,True,0.01773398758734422,0.08388328453614562,2.037186032637654,short_correlation
2015-08-26,0.6224000000000001,0.5124,0.5438000000000001,0.24309999999999998,0.3032,0.5762328013184307,0.6854699594901995,0.5206953758035847,0.04616719868156938,-0.06306995949019945,46,True,0.018104293041968228,0.08443126462823324,0.3323757587093763,no_trade
2015-08-27,0.5958,0.5183,0.5302,0.2408,0.261,0.5919245195446573,0.6677637280687314,0.5371091930371943,0.0038754804553426947,-0.07196372806873141,46,True,0.017952278702329984,0.08434573385421945,-0.1668940159002848,no_trade
2015-08-28,0.6103000000000001,0.5808,0.5672999999999999,0.23190000000000002,0.2605,0.5876855061394891,0.6656659325974058,0.5335133792676873,0.022614493860510954,-0.05536593259740574,46,True,0.017655558116343312,0.0842628399855765,0.05885080238236067,no_trade
2015-08-31,0.6144,0.557,0.5787,0.2394,0.2843,0.5910313879711175,0.68269574014381,0.5368784228018052,0.023368612028882407,-0.06829574014381001,46,True,0.01741395841271308,0.08416052489273386,0.07075352279181701,no_trade
2015-09-01,0.6106,0.5669,0.5797,0.26539999999999997,0.314,0.6125388463607931,0.6168679165655094,0.5622275809581802,-0.0019388463607931117,-0.006267916565509402,46,True,0.01721310395497093,0.084085343924722,-0.22776799644073478,no_trade
2015-09-02,0.5644,0.5318,0.5760000000000001,0.263,0.2609,0.6191506642643958,0.6045050550788116,0.5692406157144007,-0.05475066426439579,-0.04010505507881157,46,True,0.01688123237761182,0.0839948305888111,-0.8528131569509904,no_trade
2015-09-03,0.5809000000000001,0.5421,0.5658,0.2522,0.2561,0.6135034993696501,0.6217430052286259,0.564223850705683,-0.03260349936965001,-0.04084300522862583,46,True,0.01638293525732251,0.08404602151069196,-0.5828525104039659,no_trade
2015-09-04,0.6071,0.5692,0.5858,0.2541,0.278,0.6179594714519931,0.5892131577082815,0.5690487854763506,-0.010859471451993175,0.01788684229171844,46,True,0.015853978721238865,0.08393267197722744,-0.31827236693334293,no_trade
2015-09-08,0.5669,0.5378000000000001,0.5670000000000001,0.2556,0.249,0.6323238812526243,0.5289397591709871,0.5830140274162934,-0.06542388125262433,0.03796024082901284,46,True,0.015692076094337735,0.08394474175830374,-0.9663018272247903,long_correlation
2015-09-09,0.6406000000000001,0.5957,0.5849,0.2132,0.2623,0.6358868921991297,0.5004822583962352,0.5872635089624203,0.004713107800870309,0.1401177416037649,46,True,0.015219481719791348,0.08406523356730206,-0.12497882267239177,no_trade
2015-09-10,0.5958,0.5443,0.5685,0.23309999999999997,0.2437,0.6347680889635261,0.4987819260490087,0.5863392234277677,-0.038968088963526104,0.09701807395099132,46,True,0.014811445540455244,0.0838646584302988,-0.6412657668984407,no_trade
2015-09-11,0.5716,0.5293,0.5613,0.2347,0.23199999999999998,0.6356837595596359,0.5009755594436477,0.5864232259128417,-0.06408375955963586,0.07062444055635231,46,True,0.014302444036139325,0.0837999865908064,-0.9353963739700031,long_correlation
2015-09-14,0.5668,0.5398,0.5756,0.24170000000000003,0.2425,0.6318245183755327,0.4995826863363899,0.5816835365664134,-0.06502451837553269,0.06721731366361006,46,True,0.013792295646497815,0.083884609159358,-0.939586114924848,long_correlation
2015-09-15,0.5567,0.5189,0.5512,0.2303,0.2254,0.6347465476731817,0.4597431524650491,0.5848587153833529,-0.07804654767318175,0.09695684753495087,46,True,0.013115528211498079,0.08382955766693961,-1.0874693654817171,long_correlation
2015-09-16,0.5382,0.49670000000000003,0.5374,0.22399999999999998,0.21350000000000002,0.6350739581954816,0.46587860662380015,0.5850458196135875,-0.09687395819548161,0.07232139337619986,46,True,0.01237667589234627,0.08380917854575251,-1.303564072378857,long_correlation
2015-09-17,0.5327000000000001,0.5122,0.5311,0.2113,0.2114,0.634015547672982,0.47358162958376515,0.5843690225589967,-0.1013155476729819,0.05911837041623491,46,True,0.011865014887929265,0.08408165007712398,-1.346079227240381,long_correlation
2015-09-18,0.59,0.5617,0.585,0.2104,0.2228,0.6335928726515277,0.4428323666424965,0.5845214309388694,-0.04359287265152778,0.1471676333575035,46,True,0.01140927311381151,0.08438328926332223,-0.6518132469771637,no_trade
2015-09-21,0.49329999999999996,0.5375,0.5672,0.213,0.2014,0.6333207759393802,0.4293375325408873,0.583304202158151,-0.14002077593938023,0.06396246745911266,46,True,0.011301294416968536,0.08443638652790114,-1.792142896905541,long_correlation
2015-09-22,0.5029,0.5742,0.5719,0.222,0.22440000000000002,0.6382481446812905,0.4007710705626767,0.5890731313681452,-0.13534814468129053,0.10212892943732332,46,True,0.010829925492216758,0.08494875559387051,-1.7207794175628253,long_correlation
2015-09-23,0.48119999999999996,0.5274,0.5598,0.2248,0.2213,0.6284118831792828,0.4068577290380147,0.5774047453764724,-0.1472118831792828,0.07434227096198526,46,True,0.01005426864398368,0.0853881743741863,-1.8417790633876066,long_correlation
2015-09-24,0.4978,0.5431,0.5706,0.23800000000000002,0.2347,0.6242797545940485,0.38551896715256134,0.5733840721263062,-0.12647975459404848,0.11228103284743868,46,True,0.00907613011212329,0.08577294923267136,-1.580403681100636,long_correlation
2015-09-25,0.4804,0.5367000000000001,0.5771999999999999,0.23199999999999998,0.23620000000000002,0.6115183518184298,0.39920744581987627,0.5625098898632548,-0.13111835181842985,0.08119255418012372,46,True,0.008532363430655655,0.08619687968977931,-1.6201365496255247,long_correlation
2015-09-28,0.5176,0.5672,0.5917,0.2582,0.2763,0.6154614601887535,0.31650086361847857,0.5703049136576461,-0.09786146018875352,0.20109913638152138,46,True,0.007709619277762697,0.0865371087382968,-1.219951544553926,long_correlation
2015-09-29,0.49060000000000004,0.5468,0.5693,0.2702,0.2683,0.6119537360856062,0.3161465970019723,0.5669446895546193,-0.12135373608560618,0.17445340299802775,46,True,0.007101650270765271,0.08673904815298694,-1.4809406961649711,long_correlation
2015-09-30,0.4721,0.5272,0.5554,0.26539999999999997,0.245,0.6243368081553347,0.29206837339619934,0.5856517247264921,-0.15223680815533464,0.18003162660380068,46,True,0.006442990963136775,0.0870824695913321,-1.8221784460539217,long_correlation
2015-10-01,0.4366,0.5065,0.5421,0.2682,0.2255,0.6168068592635492,0.3033995852788375,0.5769284979058767,-0.18020685926354918,0.1332004147211625,46,True,0.0055438805228109,0.08754710001214046,-2.1217235038122495,long_correlation
2015-10-02,0.4012,0.4778,0.5144,0.26899999999999996,0.2094,0.6198230482733087,0.29165163288049606,0.5800509368184259,-0.2186230482733087,0.10954836711950394,46,True,0.00447960997877477,0.08816881735414964,-2.5304032077003153,long_correlation
2015-10-05,0.3661,0.46149999999999997,0.5021,0.2699,0.1954,0.6207620723206956,0.2530600807864998,0.5800515263682334,-0.2546620723206956,0.1130399192135002,46,True,0.0034704902934751267,0.08925887522082823,-2.8919540155031713,long_correlation
2015-10-06,0.3553,0.455,0.5042,0.2695,0.19399999999999998,0.6144080274010273,0.2585016557356027,0.5738761019036269,-0.2591080274010273,0.09679834426439732,46,True,0.0025048371497483537,0.09072379600543107,-2.8836190290705486,long_correlation
2015-10-07,0.3207,0.43810000000000004,0.49200000000000005,0.2961,0.184,0.6110312336847141,0.2621416539458956,0.5710295815811806,-0.29033123368471414,0.05855834605410437,46,True,0.0014353933927814299,0.09220675428304378,-3.1642652357317553,long_correlation
2015-10-08,0.28850000000000003,0.41200000000000003,0.4705,0.2986,0.17420000000000002,0.6115410758569249,0.24246025638383328,0.5712085976342818,-0.3230410758569248,0.04603974361616675,46,True,-1.6193062503963528e-05,0.09390041633842273,-3.44007934565721,long_correlation
2015-10-09,0.2804,0.4219,0.4816,0.2916,0.17079999999999998,0.6119623410736424,0.27422532080446954,0.5721247738162326,-0.33156234107364246,0.006174679195530441,46,True,-0.0010313414805413752,0.09598945559688055,-3.443409461360073,long_correlation
2015-10-12,0.27440000000000003,0.4129,0.47619999999999996,0.28809999999999997,0.1617,0.6215464622678768,0.2717115548884562,0.5850136410565602,-0.34714646226787677,0.0026884451115438135,46,True,-0.002452967033199331,0.09820461998320014,-3.5099519278588334,long_correlation
2015-10-13,0.3215,0.4572,0.5129,0.2853,0.17670000000000002,0.6219389209580681,0.26552697138187437,0.5849364044437679,-0.3004389209580681,0.05597302861812564,46,True,-0.004114657444486319,0.10046336872459316,-2.949575226030047,long_correlation
2015-10-14,0.33659999999999995,0.4732,0.5301,0.27440000000000003,0.18030000000000002,0.6181768052566181,0.2989015602004398,0.5790457054062624,-0.28157680525661816,0.03769843979956017,46,True,-0.0057732732294588016,0.10188720906478828,-2.7069495234851386,long_correlation
2015-10-15,0.2948,0.4379,0.5022,0.2718,0.1605,0.6235305041706674,0.294144667015498,0.5843974908492292,-0.32873050417066735,0.0006553329845019884,46,True,-0.007330335137481298,0.10308968932366187,-3.117675212155441,long_correlation
2015-10-16,0.2764,0.43479999999999996,0.5012,0.2664,0.1505,0.624909813230363,0.3275722553001406,0.5857194833956768,-0.348509813230363,-0.051172255300140634,46,True,-0.008888959297700267,0.10495854343445228,-3.2357618810207627,long_correlation
2015-10-19,0.2523,0.406,0.4758,0.2637,0.14980000000000002,0.6321962602291908,0.31910351977452805,0.5941079595614485,-0.3798962602291908,-0.06680351977452803,46,True,-0.010646471570975544,0.10691227805368331,-3.453764108111192,long_correlation
2015-10-20,0.2699,0.4125,0.4841,0.26539999999999997,0.1575,0.6254181258587747,0.3594097700536898,0.5886426006316717,-0.3555181258587747,-0.08950977005368982,46,True,-0.01245837159807883,0.10926916360618019,-3.1395843341230867,long_correlation
2015-10-21,0.3075,0.4432,0.5084000000000001,0.2633,0.16699999999999998,0.6245518113429747,0.3504479980977908,0.5869304146714611,-0.31705181134297467,-0.04294799809779082,46,True,-0.014077635502929425,0.11130665813572248,-2.721977111832895,long_correlation
2015-10-22,0.2539,0.3826,0.4619,0.2639,0.1445,0.6101395374554592,0.33032203266151244,0.5722555186623871,-0.3562395374554592,-0.07642203266151243,46,True,-0.01543260522116135,0.11290323626855696,-3.0185754057894183,long_correlation
2015-10-23,0.2772,0.41869999999999996,0.46130000000000004,0.2409,0.1446,0.6050662900744447,0.3325727725251252,0.5689587234457512,-0.3278662900744447,-0.05537277252512518,46,True,-0.01723555033632697,0.11469641709688708,-2.7082863405900444,long_correlation
2015-10-26,0.3013,0.4117,0.4769,0.2534,0.15289999999999998,0.6052550161950334,0.33352719913290085,0.5681522239428964,-0.3039550161950334,-0.03222719913290084,46,True,-0.018746957998437026,0.11626583554067516,-2.453068494887455,long_correlation
2015-10-27,0.3178,0.4172,0.47200000000000003,0.24789999999999998,0.1543,0.6055996316873156,0.340286841765727,0.573248000707842,-0.28779963168731554,-0.02248684176572696,46,True,-0.020346266952422448,0.11740507589004785,-2.278039196408922,long_correlation
2015-10-28,0.3071,0.3993,0.4607,0.2255,0.1433,0.6036319272129126,0.3340506063933435,0.5734564045874773,-0.2965319272129126,-0.026950606393343512,46,True,-0.021895264352876455,0.11834845636221047,-2.320576637007406,long_correlation
2015-10-29,0.3153,0.4078,0.4685,0.2232,0.1461,0.6065110450478537,0.3420991658133902,0.5767851264640249,-0.29121104504785367,-0.026799165813390202,46,True,-0.023121385635867683,0.11958531341898597,-2.241827627048914,long_correlation
2015-10-30,0.3274,0.4268,0.4782,0.215,0.1507,0.6020124675877246,0.359685471934859,0.5695436190372094,-0.2746124675877246,-0.03228547193485898,46,True,-0.02443456624287833,0.12070430940451495,-2.0726509482476554,long_correlation
2015-11-02,0.2938,0.3818,0.4457,0.217,0.14150000000000001,0.6056434902509406,0.3785615658734552,0.5755336214842329,-0.31184349025094055,-0.08476156587345518,46,True,-0.0257465207752719,0.12161983760668559,-2.3523873662855603,long_correlation
2015-11-03,0.3234,0.3898,0.4507,0.21230000000000002,0.1454,0.6049642598501884,0.39359724608231855,0.5767008759430381,-0.2815642598501884,-0.07019724608231853,46,True,-0.027139336810872283,0.12287701821402564,-2.070565568218477,long_correlation
2015-11-04,0.3651,0.41590000000000005,0.4696,0.2108,0.1551,0.6052961567981295,0.4636770393475662,0.5765666434523415,-0.24019615679812956,-0.09857703934756623,46,True,-0.0284703055242381,0.12380934389111413,-1.710095899224672,long_correlation
2015-11-05,0.355,0.40840000000000004,0.4611,0.21230000000000002,0.1505,0.6041824195153966,0.4679401838320677,0.5749015565773937,-0.24918241951539666,-0.11294018383206772,46,True,-0.029658550571073226,0.12439968703121775,-1.764665765511408,long_correlation
2015-11-06,0.3236,0.3957,0.4506,0.2112,0.1433,0.5938295641698605,0.49644729154289285,0.5637120496064665,-0.27022956416986055,-0.17284729154289286,46,True,-0.030720933240833855,0.12512749218173644,-1.9141167680493583,long_correlation
2015-11-09,0.3832,0.42469999999999997,0.4706,0.2096,0.16519999999999999,0.5955152746397181,0.4874065187093846,0.5655473546256374,-0.2123152746397181,-0.10420651870938463,46,True,-0.03179010292781385,0.12601872050637744,-1.4325266197474875,long_correlation
2015-11-10,0.3591,0.40950000000000003,0.45740000000000003,0.2133,0.15289999999999998,0.5940636434146231,0.49782176491032454,0.5635196932800549,-0.23496364341462317,-0.13872176491032456,46,True,-0.03253137293314765,0.12653002559742987,-1.5998753618017714,long_correlation
2015-11-11,0.38189999999999996,0.4179,0.4916,0.19210000000000002,0.1606,0.5947807486195728,0.5234301548294443,0.5637010128969752,-0.2128807486195728,-0.14153015482944437,46,True,-0.033290349233214486,0.12716931302926007,-1.412214905533356,long_correlation
2015-11-12,0.4523,0.4754,0.5061,0.19219999999999998,0.1837,0.5951072157208664,0.5190187516605601,0.5643402313627794,-0.14280721572086646,-0.06671875166056013,46,True,-0.03404896410613983,0.12766917774678363,-0.8518755547281386,no_trade
2015-11-13,0.495,0.5015,0.5278,0.1953,0.20079999999999998,0.5871531142873274,0.5136538594202158,0.555522541478823,-0.09215311428732742,-0.0186538594202158,46,True,-0.03457305369898242,0.1278440570165521,-0.45039293911714684,no_trade
2015-11-16,0.4226,0.4551,0.47509999999999997,0.2214,0.1816,0.5750265232606552,0.5144596640608182,0.5461463051637089,-0.1524265232606552,-0.09185966406081825,46,True,-0.03500895440657357,0.12785240466198217,-0.9183837344671907,long_correlation
2015-11-17,0.4797,0.4598,0.4953,0.2089,0.1884,0.5340430121756581,0.5444264522782082,0.5102269518439824,-0.05434301217565807,-0.06472645227820817,46,True,-0.03558148967235468,0.12805452542837184,-0.1465119833956807,no_trade
2015-11-18,0.4067,0.4108,0.4836,0.209,0.1685,0.5342451351772397,0.5482335059347186,0.5142794728230177,-0.1275451351772397,-0.14153350593471864,46,True,-0.03579955985363699,0.12803943725201333,-0.7165415382373533,no_trade
2015-11-19,0.4318,0.4596,0.4877,0.2132,0.1699,0.4850617676086379,0.5719784770122496,0.45871714701944255,-0.05326176760863788,-0.14017847701224956,46,True,-0.03628945014773705,0.12815375978811125,-0.13243714026777495,no_trade
2015-11-20,0.4047,0.41979999999999995,0.4805,0.209,0.1547,0.4670470199361232,0.590351162395124,0.43742573586369843,-0.06234701993612318,-0.18565116239512397,46,True,-0.03655155083161341,0.1281205252063065,-0.20133752232885815,no_trade
2015-11-23,0.419,0.4188,0.4842,0.1974,0.1562,0.46801475630474976,0.5954856293175148,0.43881723584820215,-0.049014756304749774,-0.17648562931751482,46,True,-0.036790501425173275,0.12811222653473286,-0.0954183313351622,no_trade
2015-11-24,0.4073,0.4102,0.4858,0.2022,0.1593,0.46349305676195923,0.6025053509939577,0.4350749254036071,-0.05619305676195924,-0.19520535099395775,46,True,-0.03684048877543217,0.12811453810652723,-0.1510567674250631,no_trade
2015-11-25,0.3978,0.40909999999999996,0.48479999999999995,0.1974,0.1519,0.4235111072824367,0.6041596181844132,0.39825903634729143,-0.025711107282436696,-0.20635961818441323,46,True,-0.036911401062445635,0.12812030747117575,0.08742012879206335,no_trade
2015-11-27,0.40659999999999996,0.4113,0.46950000000000003,0.2054,0.1512,0.4130370825315393,0.6155207517167519,0.38503345993333604,-0.006437082531539351,-0.20892075171675195,46,True,-0.036837062514675244,0.12812135397424826,0.237274888534554,no_trade
2015-11-30,0.46630000000000005,0.425,0.4988,0.2006,0.1613,0.4146283546540889,0.6264641076888022,0.385020646555941,0.05167164534591112,-0.16016410768880218,46,True,-0.03667111752729089,0.12813358726228444,0.6894582814759398,no_trade
2015-12-01,0.3859,0.38530000000000003,0.45799999999999996,0.2077,0.1467,0.40184294167219625,0.6407822114961265,0.37757902224714285,-0.01594294167219623,-0.25488221149612644,46,True,-0.03651921914340595,0.12821583599430286,0.16048156073422948,no_trade
2015-12-02,0.4595,0.4486,0.4869,0.20440000000000003,0.1591,0.37875013658624185,0.6461627037284996,0.34892932985063924,0.08074986341375817,-0.18666270372849958,46,True,-0.036709047638063194,0.12814953924239741,0.9165769283777563,short_correlation
2015-12-03,0.5188,0.46340000000000003,0.5124,0.2057,0.18109999999999998,0.36984918907926945,0.6518482772015923,0.33857984644984646,0.1489508109207306,-0.1330482772015923,46,True,-0.03630945678913919,0.128358837766553,1.4432996662590836,short_correlation
2015-12-04,0.4182,0.41,0.4738,0.213,0.1481,0.38811171766984137,0.6185768550347798,0.35758333758681454,0.030088282330158644,-0.20037685503477976,46,True,-0.03558408334123829,0.12888823550712789,0.5095295580159065,no_trade
2015-12-07,0.4575,0.4571,0.4866,0.21600000000000003,0.15839999999999999,0.38903223543255216,0.642528777318238,0.35699985597749306,0.06846776456744785,-0.18502877731823797,46,True,-0.03532468256270985,0.12895461231088148,0.8048758029680763,short_correlation
2015-12-08,0.4963,0.4471,0.5,0.2232,0.17600000000000002,0.38766713781672923,0.6528969763306969,0.3566609153181438,0.10863286218327078,-0.15659697633069686,46,True,-0.03482443882119636,0.1291122956125197,1.1111048744342553,short_correlation
2015-12-09,0.5344,0.4623,0.5075,0.1943,0.1961,0.38552467390821993,0.6500204981482015,0.35148760423045133,0.14887532609178006,-0.11562049814820152,46,True,-0.034456353120619364,0.12938933493763294,1.4168994631649299,short_correlation
2015-12-10,0.5445,0.4971,0.5156000000000001,0.19219999999999998,0.1934,0.3836910857909386,0.6510299522030994,0.3493851018822913,0.1608089142090614,-0.10652995220309947,46,True,-0.03393098818627851,0.12986489600424347,1.4995576817693412,short_correlation
2015-12-11,0.6091,0.5291,0.5589,0.1912,0.2439,0.39878594713300214,0.6706261420902667,0.3640471987651186,0.21031405286699784,-0.061526142090266744,46,True,-0.033892937731106194,0.1299207542282519,1.879661121494629,short_correlation
2015-12-14,0.5271,0.4777,0.5136,0.2279,0.2273,0.39104198019678577,0.6672175503026008,0.35939892538129276,0.13605801980321425,-0.14011755030260076,46,True,-0.033776617488249616,0.13012687780534526,1.305146485920586,short_correlation
2015-12-15,0.5086999999999999,0.4813,0.5123,0.2231,0.2095,0.39144187749998016,0.679114346406186,0.3624347789179469,0.11725812250001977,-0.17041434640618602,46,True,-0.0339609115482839,0.12985194914280543,1.164549589332692,short_correlation
2015-12-16,0.47979999999999995,0.45130000000000003,0.48590000000000005,0.21760000000000002,0.17859999999999998,0.3923927047710705,0.6457135190255022,0.3667542994860974,0.08740729522892943,-0.16591351902550228,46,True,-0.03381045877144513,0.13000562639657484,0.9324039071248088,short_correlation
2015-12-17,0.5129,0.4904,0.5267000000000001,0.2118,0.1894,0.4026930868421885,0.6227766749980298,0.37531532844804444,0.1102069131578115,-0.10987667499802978,46,True,-0.034191507260086774,0.12950611463505105,1.1149930705960396,short_correlation
2015-12-18,0.5443,0.529,0.5575,0.21109999999999998,0.207,0.42049513216156315,0.6074586552507872,0.3912741942778473,0.12380486783843686,-0.06315865525078723,46,True,-0.03388322714139192,0.12975776929741095,1.2152497367490973,short_correlation
2015-12-21,0.5191,0.513,0.5440999999999999,0.2051,0.187,0.43001000975846654,0.6216161831674635,0.4017618955574124,0.08908999024153347,-0.10251618316746347,46,True,-0.03316412980828985,0.13012847740947076,0.9394878237538317,short_correlation
2015-12-22,0.4752,0.4869,0.5225,0.20379999999999998,0.166,0.41361278818990427,0.6057666264759183,0.3864099880787847,0.06158721181009574,-0.13056662647591827,46,True,-0.03264934277963313,0.13035520020522268,0.7229213291174347,no_trade
2015-12-23,0.4201,0.4715,0.5065,0.2025,0.1557,0.4174305260443593,0.5963053538610751,0.39145386110017694,0.0026694739556406555,-0.1762053538610751,46,True,-0.032086955023078394,0.13045519477201553,0.2664242619043239,no_trade
2015-12-24,0.42219999999999996,0.5196000000000001,0.5206000000000001,0.2021,0.1574,0.40853185734351505,0.5811994061673141,0.37730871714395053,0.013668142656484916,-0.15899940616731417,46,True,-0.03172170298440834,0.13042301080774485,0.3480202255704857,no_trade
2015-12-28,0.39,0.4804,0.511,0.2118,0.1691,0.4118138997631178,0.5469032908271366,0.37995250052954044,-0.02181389976311776,-0.1569032908271366,46,True,-0.031233959871470814,0.13036176017315493,0.07226091528559234,no_trade
2015-12-29,0.344,0.4623,0.5041,0.20929999999999999,0.16079999999999997,0.41236245016701717,0.5601452695285564,0.37977315756584545,-0.0683624501670172,-0.2161452695285564,46,True,-0.03093051752225862,0.13029405137876524,-0.2872881167532647,no_trade
2015-12-30,0.3664,0.4836,0.5221,0.2064,0.1729,0.40412707274362736,0.5559703338869493,0.3702065248295786,-0.037727072743627355,-0.18957033388694927,46,True,-0.03073848250807558,0.13020268391678516,-0.05367470182118755,no_trade
2015-12-31,0.39890000000000003,0.49560000000000004,0.5337,0.2082,0.1821,0.4156328683941324,0.5574128961236368,0.38103284420505906,-0.01673286839413235,-0.15851289612363673,46,True,-0.030523848809151283,0.13014616947629212,0.10596531938292003,no_trade
2016-01-04,0.4139,0.5108,0.5506,0.2418,0.207,0.4277412144462254,0.528032947204454,0.3925399577703182,-0.013841214446225436,-0.11413294720445405,46,True,-0.0306184520990943,0.13012736980843223,0.12892935342939438,no_trade
2016-01-05,0.3882,0.49520000000000003,0.5341,0.24309999999999998,0.1934,0.42517740096658474,0.5065452165310819,0.38963595365788506,-0.03697740096658475,-0.11834521653108188,46,True,-0.030468702246106455,0.13012486709565807,-0.05001886930415527,no_trade
2016-01-06,0.4045,0.5088,0.5426,0.25920000000000004,0.2059,0.431797024303434,0.49189404191336217,0.39650082476233095,-0.027297024303433948,-0.08739404191336214,46,True,-0.030676348177926967,0.13009320810904768,0.025976174495292468,no_trade
2016-01-07,0.4567,0.5377000000000001,0.5603,0.2525,0.24989999999999998,0.45063177128747584,0.45810324599129154,0.4186195487333739,0.00606822871252416,-0.0014032459912915463,46,True,-0.031098618509441196,0.12990798559476258,0.28610132819628437,no_trade
2016-01-08,0.5264,0.6007,0.609,0.23440000000000003,0.2701,0.45533356894694244,0.4449531400421618,0.4245199090387386,0.07106643105305754,0.08144685995783818,46,True,-0.031183403335484087,0.12987660033688872,0.7872845002357188,short_correlation
2016-01-11,0.44270000000000004,0.5476,0.5676,0.256,0.243,0.459300707375354,0.4350497760978542,0.43270771431141986,-0.016600707375353962,0.007650223902145814,46,True,-0.030721613459403704,0.1300329814283672,0.10859480363317435,no_trade
2016-01-12,0.4215,0.5288,0.591,0.2546,0.22469999999999998,0.45659459360415044,0.4183265264063138,0.43034780725555033,-0.03509459360415046,0.0031734735936861935,46,True,-0.03066047446637922,0.13003599631827623,-0.03409916687159673,no_trade
2016-01-13,0.47240000000000004,0.5722999999999999,0.5931000000000001,0.25420000000000004,0.2522,0.47678596075756946,0.3993517972755906,0.4535068559085874,-0.004385960757569418,0.07304820272440943,46,True,-0.030888467403703344,0.12999302580279695,0.2038763732320453,no_trade
2016-01-14,0.46299999999999997,0.5543,0.5767,0.2507,0.2395,0.48095719592202546,0.40076230124949336,0.4566639690588109,-0.017957195922025493,0.06223769875050661,46,True,-0.031131362613547913,0.129885622056028,0.10142898407831129,no_trade
2016-01-15,0.4765,0.5722999999999999,0.5887,0.2588,0.2702,0.5018700464815917,0.379845432716693,0.47701267135092146,-0.025370046481591746,0.09665456728330696,46,True,-0.03157473433795249,0.12964803765122052,0.0478579388378605,no_trade
2016-01-19,0.4844,0.5942000000000001,0.5966,0.2561,0.2605,0.499321777050721,0.37778752121687104,0.4730361183887741,-0.014921777050721008,0.10661247878312896,46,True,-0.032192622539363586,0.12924371887616593,0.13363005675494785,no_trade
2016-01-20,0.48109999999999997,0.5727,0.5801,0.2757,0.2759,0.5035914205834172,0.37245519073554756,0.48053889283199397,-0.022491420583417243,0.10864480926445241,46,True,-0.032687149043720956,0.1289366888901354,0.07907546368738619,no_trade
2016-01-21,0.5471,0.6012,0.604,0.2575,0.2669,0.5058962629533404,0.3814267850565725,0.47906685966298795,0.04120373704665958,0.16567321494342752,46,True,-0.03322681001615154,0.1286065537918481,0.578746143709583,no_trade
2016-01-22,0.43439999999999995,0.5597,0.5786,0.2561,0.2234,0.5167851563946774,0.37522097560432366,0.4882170069368674,-0.08238515639467742,0.059179024395676294,46,True,-0.0334067620998419,0.1284699405014396,-0.3812440023219804,no_trade
2016-01-25,0.474,0.5870000000000001,0.6347999999999999,0.2635,0.2415,0.5193690077160639,0.36967485054342036,0.48930258700517204,-0.04536900771606389,0.10432514945657961,46,True,-0.03369788225067088,0.1284975836629059,-0.09082758704638724,no_trade
2016-01-26,0.4523,0.5661999999999999,0.5818,0.2697,0.225,0.5173515019330333,0.3767062358002689,0.4864562059653895,-0.06505150193303327,0.07559376419973107,46,True,-0.03398865121179746,0.12844052219873195,-0.24184618833278523,no_trade
2016-01-27,0.4972,0.632,0.596,0.2648,0.2311,0.5166406182441003,0.3769505198285328,0.4871114785679719,-0.01944061824410037,0.1202494801714672,46,True,-0.03412361361931803,0.12845528040696044,0.1143043347747194,no_trade
2016-01-28,0.4506,0.5552,0.5659000000000001,0.2655,0.2242,0.5036147390466102,0.4009622284405372,0.47461275833317745,-0.05301473904661025,0.04963777155946281,46,True,-0.034375562392069375,0.12836357309433988,-0.14520612199570157,no_trade
2016-01-29,0.4658,0.5603,0.564,0.2339,0.20199999999999999,0.5147772749772038,0.39887032916852366,0.48284334031562076,-0.04897727497720383,0.06692967083147633,46,True,-0.035064896743771445,0.1279933847928262,-0.1086960725036795,no_trade
2016-02-01,0.4521,0.5367999999999999,0.5537,0.23800000000000002,0.1998,0.514714918527479,0.4007108824656341,0.4820567595011877,-0.06261491852747897,0.051389117534365925,46,True,-0.03558244728656976,0.1277839052159487,-0.2115483260213845,no_trade
2016-02-02,0.5490999999999999,0.5837,0.5820000000000001,0.2266,0.2198,0.5211278104004085,0.3682560678676415,0.4933522242517764,0.027972189599591468,0.18084393213235844,46,True,-0.03680209796973066,0.12655860498380064,0.5118125913098771,no_trade
2016-02-03,0.5296,0.5659000000000001,0.5743,0.2398,0.2165,0.511430836282857,0.3869113557961587,0.4845785722044392,0.018169163717142944,0.14268864420384125,46,True,-0.03715051165604544,0.12625739428757124,0.43814998468279054,no_trade
2016-02-04,0.5294,0.5771999999999999,0.5837,0.2366,0.2184,0.5140818694068399,0.39313528142701754,0.48966870257030765,0.015318130593160117,0.13626471857298245,46,True,-0.037168064476296496,0.1262493627003059,0.415734336766909,no_trade
2016-02-05,0.5377000000000001,0.5807,0.5911,0.25429999999999997,0.23379999999999998,0.5047824873460534,0.37921598642037657,0.4855748314614076,0.03291751265394671,0.1584840135796235,46,True,-0.03741736740901666,0.12608267249610228,0.5578473129615626,no_trade
2016-02-08,0.5613,0.5902000000000001,0.6,0.267,0.26,0.49676096417279997,0.3889794645911158,0.48158531545327726,0.06453903582720005,0.1723205354088842,46,True,-0.03746455177651059,0.12605400006303313,0.809205479815824,short_correlation
2016-02-09,0.5613,0.5838,0.5931000000000001,0.2662,0.26539999999999997,0.49339742567731043,0.39939622516720025,0.4782918289430873,0.06790257432268959,0.16190377483279977,46,True,-0.037774342122558646,0.12570514121655696,0.840672986184349,short_correlation
2016-02-10,0.5899,0.5963,0.6014,0.24789999999999998,0.26289999999999997,0.4862330295944594,0.4154227593705527,0.47086408324077483,0.10366697040554057,0.1744772406294473,46,True,-0.038015456239244294,0.12544262471136114,1.1294599979137148,short_correlation
2016-02-11,0.5982,0.5956,0.6009,0.24420000000000003,0.2814,0.47747574485259103,0.4168249300979614,0.46139204391272975,0.12072425514740892,0.18137506990203855,46,True,-0.03789287180833674,0.12556635553159107,1.2632135916044755,short_correlation
2016-02-12,0.5870000000000001,0.5981000000000001,0.6076,0.2494,0.254,0.47415613210765506,0.40410645478970164,0.46055806572428115,0.11284386789234502,0.18289354521029844,46,True,-0.03776143630283937,0.12571548648860198,1.1979852952232664,short_correlation
2016-02-16,0.5842,0.5853,0.5987,0.24309999999999998,0.24109999999999998,0.4811587921607774,0.39251660089208973,0.4665711546119976,0.10304120783922266,0.19168339910791032,46,True,-0.037289358187354085,0.1260576746953641,1.1132250881646442,short_correlation
2016-02-17,0.5835,0.5792,0.5924,0.2325,0.2231,0.47900340728741414,0.3715451442021594,0.46625829528190044,0.10449659271258588,0.21195485579784062,46,True,-0.036862028026152134,0.12635096152762534,1.1187775623522374,short_correlation
2016-02-18,0.5565,0.5592,0.5787,0.23809999999999998,0.2164,0.47657174244674805,0.3777710499810425,0.46348056764332585,0.07992825755325195,0.1787289500189575,46,True,-0.0365824280152075,0.12658621877955295,0.920405765270232,short_correlation
2016-02-19,0.552,0.5553,0.6117,0.23120000000000002,0.2053,0.47921083914187595,0.37842233336665254,0.46528857000306045,0.07278916085812409,0.1735776666333475,46,True,-0.03639741886871653,0.126722765692906,0.8616177143058751,short_correlation
2016-02-22,0.527,0.5257000000000001,0.5654,0.21660000000000001,0.1938,0.4839682082004335,0.36404046716843425,0.47058823994402804,0.04303179179956651,0.16295953283156578,46,True,-0.03617193421179054,0.12686678330128334,0.6243062521989226,no_trade
2016-02-23,0.5854,0.5518,0.5859000000000001,0.2101,0.20980000000000001,0.4864430837631897,0.33686980083051804,0.47436710262715437,0.09895691623681035,0.248530199169482,46,True,-0.0359440580821655,0.1269575983926844,1.0625671564904868,short_correlation
2016-02-24,0.5764,0.5414,0.5769,0.22010000000000002,0.2072,0.48722110302615856,0.3262953130041074,0.47479477936686726,0.08917889697384146,0.2501046869958926,46,True,-0.03548100352329942,0.12723678039517075,0.9797473663666542,short_correlation
2016-02-25,0.5265,0.5055,0.5494,0.21960000000000002,0.1911,0.48991997443516605,0.3128402382915475,0.4762692718874942,0.03658002556483392,0.21365976170845247,46,True,-0.034931004014068866,0.12747561766112542,0.5609780983293919,no_trade
2016-02-26,0.5585,0.5514,0.5585,0.21489999999999998,0.1981,0.48711761185418256,0.3089197360035147,0.4744377389246498,0.07138238814581743,0.2495802639964853,46,True,-0.03456996028801224,0.12754907075008878,0.8306791089166435,short_correlation
2016-02-29,0.5901,0.5454,0.5799,0.2125,0.20550000000000002,0.48657199856371514,0.2724898082297551,0.47400073326640296,0.10352800143628482,0.31761019177024485,46,True,-0.03412334602201688,0.1277228117373303,1.0777350231013552,short_correlation
2016-03-01,0.5286,0.49829999999999997,0.5456,0.21109999999999998,0.177,0.4956916880460708,0.1691220586286079,0.48453746090838373,0.03290831195392918,0.35947794137139205,46,True,-0.03346771576213882,0.1280044801461821,0.5185445668797378,no_trade
2016-03-02,0.4892,0.4788,0.5327000000000001,0.21359999999999998,0.1709,0.4963802414953722,0.18368421079583838,0.4863107258216259,-0.007180241495372164,0.30551578920416167,46,True,-0.032938362708482466,0.12800204240204463,0.20123211106433764,no_trade
2016-03-03,0.4949,0.4647,0.5217,0.2119,0.16699999999999998,0.4831809943433684,0.19178257304013724,0.47498448149168243,0.011719005656631587,0.30311742695986277,46,True,-0.03276480889708806,0.1280072199726345,0.34751019952803786,no_trade
2016-03-04,0.5104,0.4765,0.5313,0.209,0.1686,0.4822831643874458,0.24153469368012548,0.47338100985510045,0.02811683561255418,0.2688653063198745,46,True,-0.03256945984864852,0.12803751046881176,0.47397278531110676,no_trade
2016-03-07,0.4968,0.4825,0.5329,0.21960000000000002,0.17350000000000002,0.4801617021254394,0.27380585634943516,0.4708193662588085,0.016638297874560615,0.22299414365056486,46,True,-0.032293561569402246,0.1280932821706254,0.3820017616441716,no_trade
2016-03-08,0.5597,0.5212,0.562,0.2152,0.1867,0.47715621552415693,0.32930617410070917,0.468872244695612,0.08254378447584304,0.2303938258992908,46,True,-0.03234058618017721,0.12807305301232794,0.8970221912720533,short_correlation
2016-03-09,0.5457,0.5202,0.5616,0.196,0.1834,0.47575629590628743,0.3349970911705238,0.4673390882375934,0.06994370409371253,0.21070290882947618,46,True,-0.0320138579311618,0.1282613045490928,0.7949206690459745,short_correlation
2016-03-10,0.5257999999999999,0.5425,0.5538000000000001,0.2043,0.1805,0.46897087043956115,0.3460713697017015,0.46046279090979325,0.056829129560438785,0.17972863029829844,46,True,-0.03197614012231776,0.12828999477167954,0.6922228802082748,no_trade
2016-03-11,0.4727,0.48469999999999996,0.5349,0.20670000000000002,0.165,0.46963819442916194,0.3364713009629012,0.463593703830283,0.003061805570838072,0.13622869903709883,46,True,-0.03204190806326057,0.12823999551318166,0.2737345201364294,no_trade
2016-03-14,0.4546,0.5077,0.5305,0.2112,0.16920000000000002,0.46893806357459633,0.3324423367181719,0.46199655464162925,-0.014338063574596327,0.12215766328182809,46,True,-0.03207325293061816,0.12823040776748973,0.13830720548108746,no_trade
2016-03-15,0.4711,0.5244,0.5422,0.2094,0.1684,0.4611328244237048,0.3370903858683256,0.45502481711183546,0.009967175576295229,0.1340096141316744,46,True,-0.03223382848637036,0.12818256370403872,0.32922577644884427,no_trade
2016-03-16,0.4211,0.4758,0.5273,0.21710000000000002,0.1499,0.456296565956013,0.33573168480703164,0.450692462673691,-0.035196565956013004,0.08536831519296834,46,True,-0.03217720710154916,0.1281981017457825,-0.02355228988063529,no_trade
2016-03-17,0.3884,0.49729999999999996,0.5255,0.2073,0.1444,0.445581088178128,0.35007886014421336,0.4413540772081444,-0.057181088178128,0.03832113985578667,46,True,-0.0324193941293223,0.12814570961334226,-0.1932307692822481,no_trade
2016-03-18,0.3579,0.462,0.5311,0.2134,0.1402,0.44246011560126125,0.3395867478763804,0.4388651675391925,-0.08456011560126125,0.018313252123619617,46,True,-0.032495557431196344,0.128154735857322,-0.40626323968261097,no_trade
2016-03-21,0.3247,0.4603,0.5629,0.19940000000000002,0.1379,0.43937429894285635,0.3231937937243432,0.43616845666336035,-0.11467429894285636,0.0015062062756567851,46,True,-0.03264572806561393,0.1281936331025745,-0.6398802256552557,no_trade
2016-03-22,0.32439999999999997,0.4534,0.5204,0.2002,0.1417,0.43710476331298964,0.33261927335656016,0.4344240469141419,-0.11270476331298968,-0.008219273356560197,46,True,-0.032718627484855975,0.12823519409859752,-0.6237455824072285,no_trade
2016-03-23,0.3508,0.4758,0.5255,0.1977,0.1494,0.4354800317545155,0.30016570303193996,0.43297564822074414,-0.0846800317545155,0.050634296968060044,46,True,-0.03275020355416887,0.12825397914899495,-0.4048983785525969,no_trade
2016-03-24,0.3368,0.4708,0.517,0.2039,0.1474,0.4329045635937993,0.3107071278516563,0.43087724639206576,-0.09610456359379932,0.026092872148343715,46,True,-0.03274230110386194,0.12825070483003612,-0.49405001379063007,no_trade
2016-03-28,0.3197,0.4769,0.5215,0.2155,0.1524,0.42890310918673424,0.3033836519906911,0.42762005115851404,-0.10920310918673426,0.016316348009308868,46,True,-0.032923431437514264,0.1283080467081703,-0.5945042396500196,no_trade
2016-03-29,0.2547,0.4338,0.4921,0.2186,0.1382,0.42973434998036897,0.279676474921909,0.42806460405065755,-0.175034349980369,-0.02497647492190902,46,True,-0.033202502110796284,0.12839749631713843,-1.104630946379607,long_correlation
2016-03-30,0.25129999999999997,0.4625,0.5006,0.2157,0.1356,0.42441689955386935,0.2962563928872998,0.42419096684950786,-0.17311689955386939,-0.044956392887299856,46,True,-0.03362582561518961,0.12868938591133827,-1.083936122243861,long_correlation
2016-03-31,0.2731,0.45020000000000004,0.5144,0.21760000000000002,0.13949999999999999,0.4169916632515396,0.27808004810018294,0.417510620819184,-0.14389166325153957,-0.004980048100182932,46,True,-0.03389256682652457,0.12890926138817055,-0.8533063896300406,no_trade
2016-04-01,0.22920000000000001,0.41159999999999997,0.4827,0.225,0.131,0.4197542084360114,0.283535801179611,0.420529575456266,-0.1905542084360114,-0.05433580117961101,46,True,-0.03417367455577864,0.12907213156432873,-1.2115747372026138,long_correlation
2016-04-04,0.2635,0.4437,0.5005,0.2285,0.1412,0.41409023900443354,0.2940564859861692,0.4152088202828864,-0.15059023900443352,-0.03055648598616917,46,True,-0.03470168977043742,0.12943955442226548,-0.895310168141784,no_trade
2016-04-05,0.3069,0.4792,0.5296,0.2335,0.1542,0.4013613989919431,0.27979351416253534,0.4012053892871466,-0.09446139899194311,0.027106485837464667,46,True,-0.03491931062669382,0.12958861528695392,-0.459470056327113,no_trade
2016-04-06,0.2457,0.42700000000000005,0.4929,0.24710000000000001,0.1409,0.39668805877781305,0.25367723785183033,0.39893052151938985,-0.15098805877781304,-0.007977237851830327,46,True,-0.034938335929645827,0.1295970366544048,-0.8954658674614291,no_trade
2016-04-07,0.3105,0.4794,0.5658,0.2482,0.1616,0.4040165505744669,0.22879338989496362,0.40520654377433085,-0.0935165505744669,0.08170661010503638,46,True,-0.035271800563265975,0.12978771850399826,-0.44876934953908315,no_trade
2016-04-08,0.2909,0.47450000000000003,0.5299,0.24489999999999998,0.1536,0.40290964015402847,0.22473412876974883,0.402845200119227,-0.11200964015402848,0.06616587123025117,46,True,-0.03526002031598891,0.1297822749159798,-0.5913721260297431,no_trade
2016-04-11,0.32270000000000004,0.4999,0.5504,0.2458,0.16260000000000002,0.38038929139025174,0.25384176746047826,0.3833960076851678,-0.057689291390251696,0.06885823253952178,46,True,-0.03515861399003822,0.12971198498085768,-0.1736977304259005,no_trade
2016-04-12,0.2743,0.4635,0.5204,0.2515,0.1485,0.380555793843096,0.2566320927329542,0.3840984280216894,-0.10625579384309602,0.017667907267045813,46,True,-0.034750247617896704,0.12947727614579777,-0.5522632878427298,no_trade
2016-04-13,0.2286,0.4339,0.505,0.24309999999999998,0.1384,0.35766325448418085,0.2489005463670011,0.36858042639759275,-0.12906325448418085,-0.0203005463670011,46,True,-0.034767060371417316,0.1294863206196301,-0.7282328639931116,no_trade
2016-04-14,0.2377,0.4497,0.5219,0.2425,0.13720000000000002,0.3622117368230458,0.2538448711350043,0.37313282980179746,-0.12451173682304581,-0.01614487113500432,46,True,-0.034876698766381775,0.1295546728227357,-0.6918703594682992,no_trade
2016-04-15,0.2412,0.4806,0.5161,0.24739999999999998,0.1362,0.3575547384780147,0.2816266738904854,0.37401796596783266,-0.11635473847801472,-0.040426673890485404,46,True,-0.0348639105654217,0.129545629161457,-0.6290511570330813,no_trade
2016-04-18,0.2349,0.4291,0.49520000000000003,0.23620000000000002,0.1335,0.3601106362545895,0.29351726215325574,0.3793682520028726,-0.1252106362545895,-0.058617262153255745,46,True,-0.03484371493364083,0.12953247393269476,-0.6976391215063448,no_trade
2016-04-19,0.24359999999999998,0.4269,0.5267000000000001,0.2318,0.1324,0.3467640511783942,0.2944059805172722,0.3658891731788292,-0.10316405117839422,-0.0508059805172722,46,True,-0.03492848312541735,0.12958479120060776,-0.5265708068112922,no_trade
2016-04-20,0.2519,0.43189999999999995,0.4999,0.2271,0.1328,0.3366984781161404,0.2935566712280605,0.3600292142672597,-0.08479847811614039,-0.04165667122806049,46,True,-0.03487095420764211,0.12955112942747618,-0.3853885653420577,no_trade
2016-04-21,0.254,0.4294,0.5025999999999999,0.2289,0.13949999999999999,0.33813395824171755,0.2970409398048659,0.3590009451561694,-0.08413395824171754,-0.043040939804865896,46,True,-0.03472815650847763,0.12947586544555545,-0.38158309707545485,no_trade
2016-04-22,0.2762,0.4339,0.501,0.2161,0.1322,0.32777202542778,0.3239996977502712,0.3275665506672619,-0.05157202542778,-0.04779969775027121,46,True,-0.0344776990049648,0.12931828707252596,-0.13218800534550953,no_trade
2016-04-25,0.3156,0.4507,0.509,0.2137,0.1408,0.3376093144362119,0.37227964253409696,0.33770947263729506,-0.022009314436211902,-0.05667964253409696,46,True,-0.03423501510020536,0.12922820651497596,0.09460551216871255,no_trade
2016-04-26,0.313,0.4439,0.506,0.2144,0.1396,0.3159906219559743,0.38509199848506354,0.317657712589964,-0.0029906219559743263,-0.07209199848506354,46,True,-0.03395794559881094,0.12917906768807214,0.23972400635072869,no_trade
2016-04-27,0.3308,0.4464,0.5031,0.2061,0.1377,0.3142680998315786,0.3934606533494937,0.3165751705490339,0.016531900168421376,-0.06266065334949372,46,True,-0.0337851380647521,0.12919129863997175,0.38947699081031917,no_trade
2016-04-28,0.4104,0.49079999999999996,0.5274,0.205,0.1522,0.29864069921300274,0.3942852391661171,0.2984192268327018,0.11175930078699725,0.016114760833882913,46,True,-0.03357688736934002,0.12923009072258787,1.1246311702150205,short_correlation
2016-04-29,0.4292,0.5033,0.5332,0.19899999999999998,0.157,0.30513963527313864,0.4092957884301266,0.3025960040888023,0.12406036472686138,0.01990421156987343,46,True,-0.033125636651491965,0.12953911419666475,1.2134250133879672,short_correlation
2016-05-02,0.3738,0.46630000000000005,0.5029,0.2023,0.14679999999999999,0.3150964871097437,0.39341379944683097,0.31293699344217657,0.058703512890256326,-0.01961379944683095,46,True,-0.032942219102121376,0.12972944091550204,0.7064374234994987,no_trade
2016-05-03,0.4355,0.5027,0.5289,0.1996,0.156,0.30581620907007645,0.38146740763366077,0.2992623162808616,0.12968379092992355,0.05403259236633923,46,True,-0.03265110883273494,0.12985288790102614,1.2501447013361007,short_correlation
2016-05-04,0.46740000000000004,0.506,0.5594,0.19829999999999998,0.1605,0.3137899197132953,0.36781003796613543,0.30010425886660097,0.15361008028670475,0.09958996203386461,46,True,-0.032174344821123024,0.1302284264723145,1.4266042379566342,short_correlation
2016-05-05,0.4597,0.5052,0.5263,0.1984,0.1591,0.3182172101756513,0.36808039527204256,0.30376908139413705,0.1414827898243487,0.09161960472795744,46,True,-0.03190430928647678,0.13054369976172145,1.3281920110070815,short_correlation
2016-05-06,0.4174,0.4757,0.5059,0.2022,0.1472,0.32379333613839223,0.36295884965595576,0.31013958671936254,0.09360666386160776,0.05444115034404423,46,True,-0.03177932536732991,0.13069507858571713,0.9593780468688615,short_correlation
2016-05-09,0.4125,0.4738,0.5084000000000001,0.2022,0.1457,0.32589998449550683,0.36450284416620404,0.31594798582869976,0.08660001550449314,0.047997155833795935,46,True,-0.03186943013738699,0.13060036575212802,0.9071141949688589,short_correlation
2016-05-10,0.3691,0.4401,0.48560000000000003,0.1942,0.1363,0.32226624098375617,0.32689320381722287,0.31093488822554666,0.046833759016243814,0.04220679618277712,46,True,-0.03158602862478353,0.13078023891267518,0.5996302521926875,no_trade
2016-05-11,0.4301,0.474,0.5094,0.1714,0.1469,0.32280209327297305,0.317745589915599,0.3036445277868002,0.10729790672702694,0.112354410084401,46,True,-0.031675818316178064,0.13071833974979644,1.0631539943760753,short_correlation
2016-05-12,0.4143,0.46380000000000005,0.49979999999999997,0.1821,0.1441,0.31173665679437274,0.3333420499920487,0.2871520801451344,0.10256334320562727,0.08095795000795131,46,True,-0.03153691617796046,0.13084779278551903,1.0248568701758693,short_correlation
2016-05-13,0.441,0.47979999999999995,0.5102,0.18309999999999998,0.15039999999999998,0.31766798253548184,0.3125120603739086,0.2853495754291553,0.12333201746451816,0.1284879396260914,46,True,-0.03144407847511692,0.13093492254852349,1.182084144757303,short_correlation
2016-05-16,0.4328,0.456,0.4949,0.1911,0.14679999999999999,0.323797036336034,0.28873853610438904,0.29224021854738325,0.109002963663966,0.14406146389561097,46,True,-0.031078035238993804,0.13123902213197233,1.06737307720943,short_correlation
2016-05-17,0.4603,0.485,0.5185,0.1875,0.1557,0.3256966336306827,0.24189889330655207,0.28392434040528464,0.1346033663693173,0.21840110669344792,46,True,-0.030709618590360133,0.1315022120855069,1.2571118184094556,short_correlation
2016-05-18,0.4765,0.4852,0.5207999999999999,0.1867,0.1595,0.3129219290409288,0.2573919449409782,0.2722730681573165,0.16357807095907118,0.21910805505902176,46,True,-0.030401593195540928,0.13179900809400677,1.4717839455685011,short_correlation
2016-05-19,0.4979,0.4914,0.5267000000000001,0.1957,0.16329999999999997,0.3063978080255035,0.2901059284659599,0.26444501402168213,0.19150219197449653,0.20779407153404011,46,True,-0.03000407096813449,0.13223341517117815,1.675115648006881,short_correlation
2016-05-20,0.4911,0.4804,0.527,0.1801,0.152,0.2983645234714821,0.2970431321531319,0.257884737842016,0.19273547652851786,0.1940568678468681,46,True,-0.029519540687742037,0.13282150019928166,1.6733361457504599,short_correlation
2016-05-23,0.5335,0.4866,0.5372,0.16399999999999998,0.1582,0.29833589762412244,0.2962639290147083,0.25983129766235596,0.23516410237587754,0.23723607098529165,46,True,-0.028929168237704455,0.1334784292458186,1.9785464370967274,short_correlation
2016-05-24,0.457,0.4374,0.5034000000000001,0.16390000000000002,0.1442,0.3030377390907978,0.2778443534635884,0.2708455974929703,0.15396226090920223,0.17915564653641164,46,True,-0.028167716469014743,0.1344358804065572,1.3547720803956846,short_correlation
2016-05-25,0.4228,0.4242,0.49700000000000005,0.166,0.139,0.2682174377842566,0.5315560560893324,0.2332117140324174,0.1545825622157434,-0.10875605608933242,46,True,-0.02796212923377315,0.13467537103720859,1.3554422760720106,short_correlation
2016-05-26,0.42579999999999996,0.4257,0.4999,0.16579999999999998,0.1343,0.2689448801752832,0.537357217583662,0.23290778553442137,0.15685511982471678,-0.111557217583662,46,True,-0.02748231907126113,0.1351105099884465,1.3643456672004337,short_correlation
2016-05-27,0.39189999999999997,0.4079,0.4841,0.16469999999999999,0.13119999999999998,0.2724075271909366,0.5650819343703751,0.23595225866709904,0.11949247280906339,-0.17318193437037516,46,True,-0.02709327978953902,0.1355005750776742,1.0818090809915288,short_correlation
2016-05-31,0.4316,0.4257,0.4966,0.17,0.1419,0.2761203095737049,0.5899329919228249,0.23805583010563502,0.15547969042629506,-0.1583329919228249,46,True,-0.02699636272904061,0.1355970003049544,1.345723376954884,short_correlation
2016-06-01,0.4375,0.4274,0.4935,0.1696,0.142,0.28210926385465507,0.5888439171763329,0.2426876614636784,0.15539073614534493,-0.1513439171763329,46,True,-0.02680627089300174,0.1358198024798589,1.341461287026722,short_correlation
2016-06-02,0.41840000000000005,0.41259999999999997,0.48310000000000003,0.1707,0.1363,0.2809272011718195,0.5903834445573194,0.23928123705172283,0.13747279882818053,-0.17198344455731934,46,True,-0.026748363736973254,0.13589463596903298,1.208444773365269,short_correlation
2016-06-03,0.4215,0.41609999999999997,0.486,0.1691,0.13470000000000001,0.27979606973946064,0.5892400101519051,0.2376503515678135,0.14170393026053935,-0.1677400101519051,46,True,-0.026680873451797493,0.1359722400861917,1.2383763303862545,short_correlation
2016-06-06,0.4307,0.4226,0.48950000000000005,0.177,0.1365,0.28024701073577685,0.5903964769719515,0.23854979950352576,0.15045298926422318,-0.1596964769719515,46,True,-0.02689150389161014,0.1356685830560952,1.3071891012711931,short_correlation
2016-06-07,0.43979999999999997,0.4265,0.4984,0.1703,0.1405,0.2682949673699834,0.5783283140875274,0.22050897940292302,0.1715050326300166,-0.13852831408752742,46,True,-0.02695672108529453,0.13557898097373278,1.4638091560354871,short_correlation
2016-06-08,0.44939999999999997,0.43,0.4989,0.1514,0.1408,0.2688526704657103,0.6001446644120125,0.2214850792012291,0.18054732953428965,-0.15074466441201256,46,True,-0.02713376106959155,0.13528912511177138,1.5350907948610206,short_correlation
2016-06-09,0.46259999999999996,0.4401,0.5084000000000001,0.1534,0.1464,0.2685849958029099,0.6038200320890577,0.22222539659979165,0.19401500419709006,-0.1412200320890577,46,True,-0.0270978467612966,0.13534325480783724,1.6337190299754991,short_correlation
2016-06-10,0.5463,0.4888,0.5338,0.1461,0.1703,0.2728246117119393,0.5939824186245082,0.2253842189042553,0.27347538828806073,-0.04768241862450817,46,True,-0.026792165054449844,0.135756328250521,2.2118125704490557,short_correlation
2016-06-13,0.6192,0.5622,0.6187,0.139,0.2097,0.27756881660251576,0.5914708408789979,0.2260837155267898,0.3416311833974842,0.027729159121002045,46,True,-0.02604337465154479,0.13688983941605598,2.6859156210384447,short_correlation
2016-06-14,0.5966,0.5386,0.5579999999999999,0.162,0.205,0.27785683792516036,0.5924447332727286,0.22439415311656266,0.31874316207483966,0.0041552667272714006,46,True,-0.025194751948587796,0.13850062013448028,2.483295119469308,short_correlation
2016-06-15,0.5972999999999999,0.5387,0.556,0.1559,0.2014,0.2796482871299402,0.5915764523046164,0.22581443851125377,0.3176517128700597,0.005723547695383524,46,True,-0.024609474452042274,0.13964101701079282,2.4510075524274413,short_correlation
2016-06-16,0.5542,0.5156000000000001,0.5377000000000001,0.19510000000000002,0.1937,0.28132264394011675,0.5877457611164542,0.2283226445412958,0.2728773560598833,-0.03354576111645413,46,True,-0.023906474045664178,0.14091563852000047,2.1061099621205224,short_correlation
2016-06-17,0.5602,0.5261,0.5454,0.1953,0.1941,0.28197826343137977,0.5906746540706195,0.2260661395566054,0.27822173656862026,-0.030474654070619445,46,True,-0.02326570706595833,0.1418970748395031,2.1246910408518636,short_correlation
2016-06-20,0.5347,0.5223,0.5352,0.17850000000000002,0.1837,0.2908151689407307,0.581450973475557,0.23095474605446964,0.24388483105926928,-0.04675097347555701,46,True,-0.02236463529046576,0.14308749546774216,1.860745870765197,short_correlation
2016-06-21,0.5624,0.5623,0.5455,0.1787,0.1848,0.2905287804972196,0.5849021016844321,0.23179059020915888,0.2718712195027804,-0.02250210168443212,46,True,-0.02193705397630471,0.14372260039955906,2.044273292177272,short_correlation
2016-06-22,0.622,0.6053000000000001,0.5659000000000001,0.17629999999999998,0.21170000000000003,0.28243734270599696,0.5842725920918305,0.22498536412020106,0.33956265729400303,0.03772740790816953,46,True,-0.020994962223067227,0.14486731399413422,2.4888817882802017,short_correlation
2016-06-23,0.44179999999999997,0.4921,0.5493,0.1834,0.1725,0.2928728209143725,0.5693599917201569,0.23643296740034267,0.14892717908562747,-0.12755999172015697,46,True,-0.019525426839518235,0.14663535060713348,1.1487857820619611,short_correlation
2016-06-24,0.5906,0.5868,0.5867,0.18530000000000002,0.2576,0.3781054780410029,0.38128978665114727,0.3249997664734015,0.2124945219589971,0.20931021334885275,46,True,-0.0190311643428945,0.14699338795138275,1.5750755154950742,short_correlation
2016-06-27,0.5212,0.5724,0.5736,0.2211,0.23850000000000002,0.38071214306676515,0.3249118268023872,0.3321965396987875,0.14048785693323484,0.19628817319761277,46,True,-0.018441282393557232,0.1476242025665734,1.076579155475001,short_correlation
2016-06-28,0.4302,0.532,0.5509000000000001,0.21289999999999998,0.1875,0.3999678088499077,0.2700148214664562,0.3530599461302159,0.030232191150092347,0.1601851785335438,46,True,-0.018086405932842338,0.14789917487983273,0.3266995716655842,no_trade
2016-06-29,0.37439999999999996,0.4978,0.5312,0.20829999999999999,0.1664,0.4079035921525732,0.21186382117075991,0.3608467127427373,-0.03350359215257326,0.16253617882924004,46,True,-0.01856229747814895,0.14754818873075198,-0.10126382982368827,no_trade
2016-06-30,0.3394,0.5069,0.5259,0.2104,0.1563,0.4037196573200534,0.187124386906079,0.3571116852518445,-0.0643196573200534,0.152275613093921,46,True,-0.019131246335122705,0.14732723545740234,-0.3067213665187949,no_trade
2016-07-01,0.3017,0.45899999999999996,0.5143,0.2143,0.1477,0.3952333051837692,0.20927808238394127,0.34810144886170397,-0.09353330518376918,0.09242191761605875,46,True,-0.019548853738057072,0.14730549461902206,-0.5022518110207563,no_trade
2016-07-05,0.3383,0.4689,0.5142,0.23370000000000002,0.1558,0.39394631300051824,0.2048350482866616,0.34825690640393114,-0.055646313000518255,0.1334649517133384,46,True,-0.020237867125205047,0.14724360727350477,-0.2404752676939113,no_trade
2016-07-06,0.292,0.4476,0.5051,0.2553,0.1496,0.39315735524912193,0.20476099805864673,0.3494171628309789,-0.10115735524912195,0.08723900194135326,46,True,-0.02085191807730444,0.14706652382090624,-0.5460483805927947,no_trade
2016-07-07,0.27699999999999997,0.4376,0.4943,0.254,0.1476,0.38551667515711635,0.22555480897145036,0.3415254892501298,-0.10851667515711638,0.05144519102854961,46,True,-0.021376414192497657,0.14711648855466272,-0.59232151216171,no_trade
2016-07-08,0.2325,0.4093,0.47450000000000003,0.2464,0.132,0.3986464531037894,0.14609042174078146,0.3523276173181655,-0.16614645310378937,0.08640957825921855,46,True,-0.02226522103418533,0.14696298669303876,-0.9790304028736735,long_correlation
2016-07-11,0.2576,0.4228,0.4789,0.2412,0.1354,0.3999264417887805,0.14176964045091936,0.3536582994182438,-0.1423264417887805,0.11583035954908064,46,True,-0.023346309567690002,0.14701558815452573,-0.8093028345812717,no_trade
2016-07-12,0.2566,0.4153,0.4707,0.2439,0.1355,0.3997650896697424,0.13375420116188622,0.35545166237707115,-0.1431650896697424,0.12284579883811378,46,True,-0.023918179662936953,0.14719761574619086,-0.8101144125351859,no_trade
2016-07-13,0.2438,0.3934,0.45280000000000004,0.2404,0.1304,0.39858629906276904,0.1416883850255521,0.3535512569565866,-0.15478629906276906,0.1021116149744479,46,True,-0.02405481354155453,0.14729260746839037,-0.8875631151364475,no_trade
2016-07-14,0.24710000000000001,0.4068,0.49770000000000003,0.2389,0.1282,0.4063789672787722,0.13415766906923243,0.3610320942782828,-0.1592789672787722,0.11294233093076758,46,True,-0.024225879347431672,0.14741975654807618,-0.9161125421292995,long_correlation
2016-07-15,0.2444,0.4127,0.47619999999999996,0.2345,0.1267,0.4160444929365446,0.12774198464650077,0.36756360782707764,-0.1716444929365446,0.11665801535349923,46,True,-0.024519251502884542,0.14761531152064647,-0.9966800863546066,long_correlation
2016-07-18,0.2458,0.4064,0.46869999999999995,0.2288,0.1244,0.4155149550327397,0.13827858895989223,0.3687957289853291,-0.16971495503273973,0.10752141104010776,46,True,-0.024619501498723623,0.14770695154128222,-0.9823197352594726,long_correlation
2016-07-19,0.2368,0.4058,0.5034000000000001,0.2309,0.1197,0.4274463317208121,0.14007975561946426,0.4124231706302397,-0.19064633172081208,0.09672024438053575,46,True,-0.024625034065327546,0.14771238152420377,-1.1239497728108914,long_correlation
2016-07-20,0.2441,0.40130000000000005,0.4744,0.22219999999999998,0.1177,0.42620483188025005,0.1416547941507695,0.4173125985500762,-0.18210483188025003,0.1024452058492305,46,True,-0.024682878891536263,0.14777476512156154,-1.0652830532954414,long_correlation
2016-07-21,0.27690000000000003,0.4097,0.486,0.21989999999999998,0.1274,0.43029519278414485,0.12370622060922912,0.4211933267778753,-0.15339519278414482,0.15319377939077092,46,True,-0.024712124676818846,0.1478053060333981,-0.870625497559937,no_trade
2016-07-22,0.2602,0.4122,0.4849,0.2144,0.1202,0.4339521822787017,0.12106510942218629,0.42447589435263217,-0.1737521822787017,0.1391348905778137,46,True,-0.024728814774498002,0.1478196546968372,-1.0081431174347903,long_correlation
2016-07-25,0.2874,0.4226,0.4904,0.2186,0.12869999999999998,0.4333542021068394,0.12183564979863332,0.4189890637314147,-0.1459542021068394,0.16556435020136667,46,True,-0.024958398919726035,0.14800662573308876,-0.8175026123851644,no_trade
2016-07-26,0.3127,0.4205,0.4885,0.2168,0.1305,0.4284765872967632,0.14795906019640676,0.41726393855419464,-0.11577658729676321,0.16474093980359322,46,True,-0.0252891064608523,0.14818410285064335,-0.6106422962732676,no_trade
2016-07-27,0.2986,0.41600000000000004,0.4841,0.21100000000000002,0.1283,0.4187767534033529,0.15033073031049068,0.40609248350578236,-0.12017675340335293,0.1482692696895093,46,True,-0.025863141355287823,0.14825359511328723,-0.6361640807158562,no_trade
2016-07-28,0.3131,0.4122,0.47850000000000004,0.2018,0.1272,0.41653757072825504,0.1595548703845996,0.4025446189357398,-0.10343757072825505,0.1535451296154004,46,True,-0.02601440955542778,0.1483305875923627,-0.5219635574127104,no_trade
2016-07-29,0.33759999999999996,0.41009999999999996,0.47009999999999996,0.17579999999999998,0.11869999999999999,0.4139973626457526,0.1891741469444521,0.39977330143394996,-0.07639736264575264,0.14842585305554787,46,True,-0.025954430174155507,0.1482960715131632,-0.3401501601282787,no_trade
2016-08-01,0.3553,0.4111,0.4678,0.18,0.1244,0.41196273503979947,0.20104728643007763,0.39793627973276363,-0.05666273503979946,0.15425271356992237,46,True,-0.025854676914766398,0.1482534771182644,-0.20780664793755182,no_trade
2016-08-02,0.4071,0.4363,0.48700000000000004,0.1865,0.13369999999999999,0.41312295366815743,0.18368649964536624,0.39836629548067276,-0.006022953668157416,0.22341350035463378,46,True,-0.025681613217549634,0.14819169908265373,0.13265695495148905,no_trade
2016-08-03,0.3782,0.41200000000000003,0.4677,0.1808,0.1286,0.4111409621779837,0.1870858865491462,0.39787471019789206,-0.0329409621779837,0.19111411345085377,46,True,-0.025393192592133938,0.14815881600092107,-0.05094377634472215,no_trade
2016-08-04,0.37070000000000003,0.4032,0.4581,0.1776,0.1242,0.4039584240341717,0.1959926183632225,0.39036516587019,-0.033258424034171674,0.17470738163677754,46,True,-0.025295783047483762,0.14814569945125497,-0.05374871505674651,no_trade
2016-08-05,0.31329999999999997,0.37420000000000003,0.4397,0.1822,0.1139,0.3967684272562487,0.13322507305737658,0.3893804889953402,-0.08346842725624876,0.1800749269426234,46,True,-0.025208280397758655,0.14813441309644867,-0.3932924540670881,no_trade
2016-08-08,0.3169,0.37270000000000003,0.43439999999999995,0.1837,0.115,0.39859605614297056,0.13188517564945543,0.3905956720066575,-0.08169605614297054,0.1850148243505446,46,True,-0.02546034780827706,0.14817946272980315,-0.3795108127584192,no_trade
2016-08-09,0.33130000000000004,0.40369999999999995,0.4346,0.17670000000000002,0.1166,0.4021632512485599,0.1384549595151515,0.40491038962745934,-0.07086325124855986,0.19284504048484855,46,True,-0.025702817414468126,0.14822145327861802,-0.30468216870874815,no_trade
2016-08-10,0.3846,0.4096,0.4493,0.153,0.12050000000000001,0.3961519229070024,0.4144592349300932,0.39812139253647244,-0.01155192290700241,-0.02985923493009318,46,True,-0.02573803147483093,0.14823116227895727,0.09570260631925412,no_trade
2016-08-11,0.3493,0.39909999999999995,0.4436,0.1565,0.1168,0.38663588872924276,0.4709430501009987,0.39537952458030756,-0.03733588872924276,-0.12164305010099868,46,True,-0.02566545385230827,0.14823362261218728,-0.07873001193168563,no_trade
2016-08-12,0.3494,0.40090000000000003,0.4471,0.1559,0.1155,0.3905688923007596,0.5111009724482303,0.39990919977068906,-0.041168892300759596,-0.16170097244823028,46,True,-0.025678046020113157,0.14823448208719534,-0.10450231324405562,no_trade
2016-08-15,0.3353,0.3995,0.4489,0.16649999999999998,0.11810000000000001,0.4018398737643661,0.5025516060638616,0.41528765279719076,-0.0665398737643661,-0.16725160606386164,46,True,-0.025771108307676042,0.14823682583991907,-0.27502454417579236,no_trade
2016-08-16,0.38130000000000003,0.4238,0.46990000000000004,0.16899999999999998,0.1264,0.4046504232036022,0.5308043891605303,0.4152185886755065,-0.0233504232036022,-0.14950438916053027,46,True,-0.02590592715725309,0.14825847782619808,0.017236814994463136,no_trade
2016-08-17,0.37189999999999995,0.4108,0.4644,0.1776,0.1219,0.4027702802750749,0.5222768920157588,0.4149982021810702,-0.030870280275074935,-0.15037689201575882,46,True,-0.0259196753035588,0.14825807799265156,-0.03339180595448912,no_trade
2016-08-18,0.34740000000000004,0.3998,0.45890000000000003,0.17800000000000002,0.1143,0.38927568003979035,0.5214440299067674,0.40024948354303946,-0.04187568003979031,-0.17404402990676737,46,True,-0.02610051461375142,0.1482361243610889,-0.10641917072529572,no_trade
2016-08-19,0.358,0.4,0.45659999999999995,0.1696,0.1134,0.38715663647607873,0.5296323446445033,0.39475939801054916,-0.029156636476078746,-0.17163234464450328,46,True,-0.02648911940040902,0.14814823436060826,-0.018005729782622385,no_trade
2016-08-22,0.40259999999999996,0.4042,0.4704,0.1552,0.12269999999999999,0.388775105857549,0.5324053422081149,0.3974377165485174,0.013824894142450972,-0.1298053422081149,46,True,-0.027071775295773513,0.1478674662930677,0.27657652128270616,no_trade
2016-08-23,0.4097,0.39890000000000003,0.4667,0.1542,0.12380000000000001,0.387154916576766,0.5376391919538356,0.39589865690394016,0.022545083423234025,-0.12793919195383557,46,True,-0.027705142599803934,0.14734612182750711,0.3410352807375827,no_trade
2016-08-24,0.4778,0.4257,0.47950000000000004,0.15810000000000002,0.13449999999999998,0.38823851579581276,0.5437786333785871,0.39750950362414395,0.08956148420418725,-0.06597863337858711,46,True,-0.028452998240099274,0.14660612784854665,0.8049764643276228,short_correlation
2016-08-25,0.48090000000000005,0.4282,0.47740000000000005,0.1642,0.1363,0.387338835813864,0.5544028808053828,0.39687182980262553,0.09356116418613603,-0.07350288080538275,46,True,-0.028846086966337215,0.1461538838415376,0.8375230813926857,short_correlation
2016-08-26,0.4804,0.4336,0.479,0.1625,0.1365,0.38885588854822156,0.5705123151096281,0.39782499949575073,0.09154411145177843,-0.09011231510962808,46,True,-0.028658015674652437,0.14628123362358744,0.8217193972791915,short_correlation
2016-08-29,0.43079999999999996,0.41479999999999995,0.47159999999999996,0.17010000000000003,0.1294,0.3942195924694975,0.5427742316358702,0.40354821055566586,0.03658040753050246,-0.11197423163587028,46,True,-0.028310124281809426,0.14646304961798132,0.44305053036629694,no_trade
2016-08-30,0.43,0.4205,0.4755,0.1736,0.13119999999999998,0.3962320149438503,0.5380373290498834,0.40470342473760745,0.033767985056149696,-0.10803732904988345,46,True,-0.028254703989468197,0.14648503644049335,0.4234063120215926,no_trade
2016-08-31,0.4525,0.43060000000000004,0.48340000000000005,0.1761,0.13419999999999999,0.398662775534196,0.5435745947807757,0.4071498417089348,0.05383722446580402,-0.09107459478077573,46,True,-0.028213436636185384,0.14650110151727166,0.5600685609337627,no_trade
2016-09-01,0.44909999999999994,0.4313,0.4797,0.179,0.1348,0.39584722859336263,0.5532623989969393,0.40320185066526404,0.05325277140663731,-0.10416239899693935,46,True,-0.02799210302179413,0.14658306554114087,0.5542582571083478,no_trade
2016-09-02,0.40130000000000005,0.40880000000000005,0.4671,0.1812,0.1198,0.39783953824881446,0.5503276217518657,0.4048666893547312,0.003460461751185584,-0.14902762175186562,46,True,-0.027563517959607486,0.14666238693792805,0.21153330692704023,no_trade
2016-09-06,0.39409999999999995,0.3995,0.45899999999999996,0.1932,0.1202,0.3937772865638316,0.5494354066902333,0.39936005769121563,0.0003227134361683537,-0.15533540669023332,46,True,-0.027420407002778778,0.14667504419622984,0.18914683538005878,no_trade
2016-09-07,0.3734,0.3931,0.45280000000000004,0.1592,0.11939999999999999,0.39069662348901124,0.5485119605147544,0.3969788770355932,-0.01729662348901123,-0.17511196051475436,46,True,-0.02737603325322258,0.14668176567861144,0.06871617421279166,no_trade
2016-09-08,0.3953,0.40369999999999995,0.4639,0.15839999999999999,0.1251,0.39325113807768275,0.5380086314411546,0.39714329463260595,0.0020488619223172355,-0.14270863144115464,46,True,-0.02718505207162094,0.14666335956000992,0.19932663537532427,no_trade
2016-09-09,0.6023,0.5046,0.5346,0.1475,0.175,0.4365603531425335,0.4466357228663218,0.430796906609088,0.16573964685746645,0.15566427713367814,46,True,-0.027195624475900907,0.14666114699284236,1.3155172674517768,short_correlation
2016-09-12,0.5014,0.4583,0.49950000000000006,0.1734,0.1516,0.44864810304494607,0.43345414388268455,0.4408892683935206,0.05275189695505389,0.0679458561173154,46,True,-0.026383292190896964,0.1471617485411094,0.5377429252537359,no_trade
2016-09-13,0.6113000000000001,0.5246,0.5371,0.1655,0.17850000000000002,0.4637137376402321,0.3815281596035311,0.45651220958138705,0.14758626235976796,0.22977184039646897,46,True,-0.025919658633299,0.14722653118454543,1.1784962913755053,short_correlation
2016-09-14,0.5986,0.5261,0.5395,0.1452,0.1814,0.4599131579819671,0.3891007271274576,0.4525828633724578,0.13868684201803294,0.20949927287254244,46,True,-0.025075965058952564,0.14761023646007707,1.1094271712062267,short_correlation
2016-09-15,0.5239,0.4959,0.5143,0.15710000000000002,0.163,0.46535477799051345,0.36147502989774977,0.4571527289453959,0.058545222009486586,0.16242497010225027,46,True,-0.02421591192525727,0.1479314236379341,0.5594560770083834,no_trade
2016-09-16,0.5179,0.49920000000000003,0.5138,0.1559,0.1537,0.46533135997964914,0.37491655882705843,0.4581914728937994,0.05256864002035089,0.1429834411729416,46,True,-0.023599169146666123,0.14795127591052115,0.5148168456018063,no_trade
2016-09-19,0.5144,0.5068,0.5211,0.15990000000000001,0.1553,0.4577016087359529,0.3615298447486175,0.44865795629814814,0.05669839126404708,0.15287015525138248,46,True,-0.022988517608200518,0.14794680212452802,0.5386186637895322,no_trade
2016-09-20,0.5247999999999999,0.5141,0.5287,0.16219999999999998,0.1592,0.38077089434959055,0.3476649193170596,0.3644462413016756,0.14402910565040938,0.17713508068294032,46,True,-0.022590536402186334,0.14802602698543313,1.125610444634796,short_correlation
2016-09-21,0.40659999999999996,0.4562,0.4891,0.17420000000000002,0.133,0.3680705078032938,0.3323368504412425,0.35554335809257404,0.03852949219670615,0.07426314955875746,46,True,-0.02146335433238558,0.1482096332036523,0.4047837190626914,no_trade
2016-09-22,0.3151,0.4263,0.4696,0.17800000000000002,0.1202,0.3456852334787441,0.30403730354724856,0.3301643647479443,-0.03058523347874409,0.01106269645275143,46,True,-0.020773363709853852,0.14808201885279745,-0.06625969746295689,no_trade
2016-09-23,0.3122,0.4304,0.47350000000000003,0.1857,0.1229,0.32917107617282654,0.3127759069767196,0.31070430057494386,-0.01697107617282656,-0.000575906976719609,46,True,-0.02031055954437552,0.1478673756942529,0.02258431486911655,no_trade
2016-09-26,0.35969999999999996,0.4722,0.506,0.1966,0.145,0.3403074349337006,0.27505480973530666,0.3170362771780488,0.019392565066299383,0.0846451902646933,46,True,-0.019876001296672257,0.14771495412545127,0.26584015542273165,no_trade
2016-09-27,0.2867,0.4439,0.4876,0.2018,0.131,0.3486269378860725,0.24321142100444879,0.3265943320393424,-0.06192693788607251,0.043488578995551225,46,True,-0.019278735753478892,0.147567580446581,-0.2890079379463169,no_trade
2016-09-28,0.2386,0.4127,0.4697,0.2057,0.12390000000000001,0.34657967299421816,0.25285987178389796,0.3227786457109446,-0.10797967299421815,-0.014259871783897954,46,True,-0.019136138442753966,0.1475086923080291,-0.6022935541041896,no_trade
2016-09-29,0.29469999999999996,0.44170000000000004,0.48969999999999997,0.2127,0.1402,0.3503828143026206,0.2144330888146876,0.32121655069804894,-0.05568281430262062,0.08026691118531237,46,True,-0.01908306676381989,0.14747417111273387,-0.2481773402260572,no_trade
2016-09-30,0.2511,0.42219999999999996,0.4804,0.2086,0.1329,0.36095855300160873,0.17640518997309923,0.3321781566307601,-0.10985855300160874,0.07469481002690076,46,True,-0.018699915994563082,0.14725210846681644,-0.619065071163911,no_trade
2016-10-03,0.27190000000000003,,0.4782,0.2207,0.13570000000000002,0.3405540394364243,0.1869481628292371,0.31064950923132817,-0.06865403943642429,0.08495183717076293,46,True,-0.01842075604907919,0.147011190339934,-0.34169700463747466,no_trade
2016-10-04,0.2824,0.42310000000000003,0.47840000000000005,0.225,0.1363,0.3400843460854487,0.18368383159523344,0.30906139225512325,-0.0576843460854487,0.09871616840476655,46,True,-0.01782564093464711,0.14650017999663179,-0.27207273842064894,no_trade
2016-10-05,0.2525,0.40259999999999996,0.4658,0.22920000000000001,0.12990000000000002,0.3361647702823384,0.17832450221378304,0.30167004162093286,-0.08366477028233837,0.07417549778621696,46,True,-0.017043983290856456,0.14575509174953388,-0.45707347984771146,no_trade
2016-10-06,0.2498,0.3947,0.4573,0.2324,0.1284,0.3347122075825852,0.1789508643164583,0.29949831082802414,-0.08491220758258519,0.0708491356835417,46,True,-0.01634777988959182,0.14501136681804355,-0.4728210567039631,no_trade
2016-10-07,0.2207,0.4045,0.4683,0.22949999999999998,0.1348,0.32752173084423,0.35839992314228153,0.2918116251726643,-0.10682173084422997,-0.13769992314228152,46,True,-0.015532625024107174,0.14403918682424607,-0.633779652835114,no_trade
2016-10-10,0.2722,0.38780000000000003,0.45909999999999995,0.2327,0.1338,0.3281573102347551,0.3586362849499553,0.2920297172321728,-0.05595731023475509,-0.08643628494995531,46,True,-0.014674611750247276,0.14283911012948347,-0.28901537153994517,no_trade
2016-10-11,0.345,0.43119999999999997,0.4882,0.23329999999999998,0.1536,0.3421719652790458,0.2678999884866892,0.30777701815193015,0.0028280347209541645,0.07710001151331075,46,True,-0.013580940992950102,0.14145150878976148,0.11600424664464222,no_trade
2016-10-12,0.3397,0.4233,0.4826,0.2403,0.1591,0.34355733400152816,0.2272241910815342,0.3088432058328951,-0.0038573340015281565,0.11247580891846581,46,True,-0.012192153306486488,0.13987270993738893,0.05958860244210066,no_trade
2016-10-13,0.3734,0.45520000000000005,0.5072,0.2402,0.16690000000000002,0.3491231106163274,0.20780019465488467,0.3120410024937598,0.024276889383672617,0.16559980534511534,46,True,-0.011015242247135137,0.13868035334380244,0.25448544642307797,no_trade
2016-10-14,0.34619999999999995,0.4556,0.5063,0.2413,0.1612,0.34777297890956455,0.20185077512007532,0.30862275902160385,-0.001572978909564593,0.14434922487992463,46,True,-0.009801537109673667,0.1376374807118142,0.05978428373981979,no_trade
2016-10-17,0.3912,0.473,0.5219,0.245,0.16210000000000002,0.3486645382767892,0.19789232244549684,0.3111932897397163,0.042535461723210766,0.19330767755450315,46,True,-0.008503292961812145,0.13615216459744944,0.374865539860679,no_trade
2016-10-18,0.3317,0.4454,0.5035000000000001,0.24359999999999998,0.1528,0.34468636821936066,0.19218993308928192,0.3154619259540063,-0.012986368219360667,0.13951006691071807,46,True,-0.006951525997710662,0.13447972792003104,-0.0448754791148793,no_trade
2016-10-19,0.29960000000000003,0.4289,0.48969999999999997,0.2492,0.1441,0.3531644797455103,0.18667237401995607,0.3233619769061702,-0.05356447974551026,0.11292762598004397,46,True,-0.005495534362751024,0.13239591912108206,-0.36306969053024973,no_trade
2016-10-20,0.276,0.42119999999999996,0.4838,0.2441,0.1375,0.35958125393259527,0.18490135942337604,0.32952107477532094,-0.08358125393259525,0.09109864057662398,46,True,-0.004297305608333303,0.13056926431601368,-0.6072175464845455,no_trade
2016-10-21,0.2805,0.41600000000000004,0.47950000000000004,0.2519,0.1334,0.355314799477404,0.19317061218682693,0.3252623015992243,-0.07481479947740399,0.08732938781317309,46,True,-0.0033708351424191034,0.12916195998684912,-0.5531347181651556,no_trade
2016-10-24,0.2858,0.4081,0.4793,0.23829999999999998,0.13019999999999998,0.36483661268482603,0.18361454972489186,0.33353783872706766,-0.07903661268482604,0.10218545027510814,46,True,-0.0022540703091728483,0.1273020598121423,-0.6031523958760763,no_trade
2016-10-25,0.33649999999999997,0.42700000000000005,0.4904,0.23260000000000003,0.1346,0.3612298105917772,0.18390137811805604,0.3294066747532083,-0.024729810591777257,0.15259862188194392,46,True,-0.001266650954452144,0.12572159789427761,-0.18662791461699255,no_trade
2016-10-26,0.38049999999999995,0.44520000000000004,0.5009,0.22219999999999998,0.1424,0.35686437764910534,0.18769718904685925,0.3245154982845489,0.023635622350894614,0.1928028109531407,46,True,-0.00015861442428048952,0.12426528052815322,0.19147936313381067,no_trade
2016-10-27,0.4289,0.4686,0.5157,0.2145,0.1536,0.3582805218826686,0.18960110105697528,0.32631102833333825,0.07061947811733138,0.23929889894302472,46,True,0.0010772397584108233,0.12293474394476751,0.5656841680994975,no_trade
2016-10-28,0.4978,0.4899,0.5186999999999999,0.1972,0.16190000000000002,0.34335384208680725,0.1958643397919174,0.31317567150895653,0.15444615791319277,0.3019356602080826,46,True,0.0025341897795625843,0.12156156530259354,1.2496710432733225,short_correlation
2016-10-31,0.5466,0.5063,0.532,0.1912,0.17059999999999997,0.33584774013496055,0.20692557253598726,0.3063284367073004,0.21075225986503943,0.3396744274640127,46,True,0.004302670743693721,0.12050827947059053,1.7131568887076238,short_correlation
2016-11-01,0.5584,0.5088,0.5311,0.1998,0.1856,0.3375392369376305,0.19825968027000068,0.30892856999245255,0.22086076306236951,0.3601403197299993,46,True,0.006228721249458657,0.11990993536054348,1.7899437704436942,short_correlation
2016-11-02,0.5986,0.5206000000000001,0.5316,0.1913,0.1932,0.3364653880160233,0.19072631841654603,0.30900686821581785,0.2621346119839767,0.407873681583454,46,True,0.00834262701657497,0.11897214909266202,2.13320501397125,short_correlation
2016-11-03,0.6949,0.5540999999999999,0.5478999999999999,0.16149999999999998,0.2208,0.3336453347241135,0.18706100777471743,0.3073763381835205,0.36125466527588646,0.5078389922252825,46,True,0.0105001622222661,0.11862322347949156,2.9568788704705984,short_correlation
2016-11-04,0.7201000000000001,0.5720000000000001,0.5625,0.1568,0.22510000000000002,0.3302063170688232,0.1786765647234821,0.30497368324895163,0.3898936829311769,0.5414234352765179,46,True,0.012886871833670922,0.11960564925729787,3.1520819747107596,short_correlation
2016-11-07,0.5893,0.4836,0.5006,0.1748,0.18710000000000002,0.38129073851941037,0.12625442781441576,0.355140190235815,0.20800926148058968,0.4630455721855843,46,True,0.015422888113220817,0.12079610524520766,1.594309460362418,short_correlation
2016-11-08,0.5565,0.4743,0.4988,0.17300000000000001,0.18739999999999998,0.38141037758098284,0.12529949239631524,0.35679111262500907,0.17508962241901715,0.4312005076036848,46,True,0.017320661230881336,0.12004482991582817,1.314250362125205,short_correlation
2016-11-09,0.4022,0.4042,0.45020000000000004,0.1771,0.1438,0.3542607466104788,0.13595877997664074,0.32867879370757097,0.04793925338952121,0.26624122002335926,46,True,0.018857982250955686,0.11957201025845454,0.24321135921112677,no_trade
2016-11-10,0.3295,0.37200000000000005,0.43579999999999997,0.2054,0.1474,0.32318212659671214,0.16406895011240863,0.2993295548060911,0.006317873403287877,0.16543104988759139,46,True,0.01998061279382927,0.11850272043193551,-0.11529473197527876,no_trade
2016-11-11,0.3068,0.37560000000000004,0.43560000000000004,0.2075,0.1417,0.3092076805081755,0.18050443069895755,0.2761502051713383,-0.0024076805081754693,0.12629556930104247,46,True,0.02085044859550729,0.11758760694705606,-0.19779405081485124,no_trade
2016-11-14,0.2917,0.34369999999999995,0.42060000000000003,0.23379999999999998,0.1448,0.29909022793052803,0.20471759705977785,0.2689254985138864,-0.007390227930528015,0.08698240294022216,46,True,0.021407589608256065,0.11714085673267005,-0.24583922588601403,no_trade
2016-11-15,0.2859,0.3297,0.4117,0.225,0.13369999999999999,0.29845946535202666,0.2063456671999472,0.2694873991519096,-0.012559465352026677,0.07955433280005278,46,True,0.02174395026840209,0.1169349911208606,-0.29335458353072225,no_trade
2016-11-16,0.3093,0.3439,0.42229999999999995,0.2228,0.13720000000000002,0.2941298546706289,0.2134971074064807,0.2640961374288953,0.01517014532937111,0.09580289259351932,46,True,0.022298978275976013,0.11643587516861814,-0.06122539927046703,no_trade
2016-11-17,0.312,0.3422,0.4175,0.2182,0.1335,0.28709441683737347,0.22143784912886608,0.25919896882389254,0.024905583162626532,0.09056215087113392,46,True,0.022574824139091215,0.11633587896267655,0.020034739448550377,no_trade
2016-11-18,0.3045,0.34740000000000004,0.42829999999999996,0.2102,0.1285,0.28685405670835706,0.21576053086782823,0.2585797689946812,0.01764594329164293,0.08873946913217176,46,True,0.023179787307106552,0.11594785927048756,-0.047727004623294184,no_trade
2016-11-21,0.3177,0.3429,0.43200000000000005,0.1936,0.1242,0.28870600424037157,0.2211229334178743,0.26063845216899706,0.02899399575962841,0.09657706658212567,46,True,0.0234611671122664,0.11584760878110656,0.04775954122468131,no_trade
2016-11-22,0.3077,0.33770000000000006,0.4324,0.1962,0.1241,0.28412438086931624,0.22787380838812782,0.25705737361554976,0.023575619130683734,0.07982619161187215,46,True,0.023823631460265407,0.11572088695175282,-0.002143194164119018,no_trade
2016-11-23,0.3178,0.33990000000000004,0.4347,0.1932,0.1243,0.28179793985810664,0.23421129790027867,0.2556795520247279,0.03600206014189339,0.08358870209972136,46,True,0.024111688505644113,0.11562916345058535,0.10283194378839107,no_trade
2016-11-25,0.29100000000000004,0.3332,0.4329,0.19820000000000002,0.1234,0.28279008565081437,0.23120569732561916,0.25637511246722705,0.008209914349185665,0.05979430267438088,46,True,0.024477542144151467,0.11551986708313172,-0.14082103975465196,no_trade
2016-11-28,0.3184,0.35,0.4482,0.20199999999999999,0.1315,0.28429581386058445,0.253853136483258,0.2583012329677901,0.03410418613941557,0.06454686351674199,46,True,0.02461214937284838,0.11548090909271927,0.08219572257563423,no_trade
2016-11-29,0.32280000000000003,0.3453,0.4445,0.2021,0.129,0.2816943302312378,0.2601266750193969,0.2563841277683525,0.04110566976876223,0.06267332498060313,46,True,0.024773027423129947,0.11546571994945554,0.1414501408104657,no_trade
2016-11-30,0.33490000000000003,0.3471,0.4412,0.2028,0.1333,0.28185647061098595,0.2743398731841794,0.25502576148045103,0.05304352938901408,0.060560126815820625,46,True,0.02473109894861745,0.11545783159255178,0.2452187959003993,no_trade
2016-12-01,0.3383,0.35479999999999995,0.4384,0.21660000000000001,0.1407,0.2788577746084286,0.28158126234076275,0.2542583905594082,0.0594422253915714,0.05671873765923724,46,True,0.025004854786161934,0.11544279141613774,0.2983068079259514,no_trade
2016-12-02,0.3336,0.3627,0.4437,0.20800000000000002,0.1412,0.27827390853923906,0.27945274083054056,0.2546476567115609,0.05532609146076095,0.05414725916945945,46,True,0.024920300667026274,0.11540959769785872,0.26345981097115306,no_trade
2016-12-05,0.2726,0.3418,0.4275,0.21059999999999998,0.12140000000000001,0.23832400229339218,0.2765742544586177,0.2200190035576333,0.03427599770660783,-0.00397425445861771,46,True,0.024548774002502587,0.11515915447997865,0.08446765476900404,no_trade
2016-12-06,0.2675,0.32439999999999997,0.4127,0.21100000000000002,0.11789999999999999,0.22182478871505476,0.2770489288870779,0.2056287136790971,0.045675211284945255,-0.009548928887077868,46,True,0.0245653919206631,0.1151602591841205,0.18330819602039414,no_trade
2016-12-07,0.2844,0.3212,0.4054,0.18710000000000002,0.1222,0.2202433777232469,0.23310591915790188,0.20545007872804905,0.06415662227675309,0.051294080842098105,46,True,0.02447494528065317,0.11513458872558689,0.34465469877759924,no_trade
2016-12-08,0.29,0.3265,0.4362,0.1934,0.1264,0.22097565715735637,0.23884725446368804,0.20544876921017316,0.06902434284264361,0.05115274553631194,46,True,0.024298452265151115,0.11503911658553148,0.38878854345372893,no_trade
2016-12-09,0.2458,0.3114,0.3995,0.1938,0.1175,0.21742360945025363,0.21446873406557132,0.20113948333795612,0.02837639054974636,0.03133126593442867,46,True,0.02398158328400375,0.11480434230504333,0.03828084528427763,no_trade
2016-12-12,0.276,0.3289,0.408,0.20170000000000002,0.1264,0.21492720424482795,0.23159784630715657,0.19940956652195355,0.06107279575517208,0.04440215369284345,46,True,0.023456057396466785,0.11447815583760594,0.3285931545933258,no_trade
2016-12-13,0.3009,0.341,0.4138,0.1999,0.1272,0.21760890381102016,0.2061935490741805,0.20345944153952134,0.08329109618897984,0.0947064509258195,46,True,0.02286383018570557,0.11389216982062252,0.5305655875943517,no_trade
2016-12-14,0.3034,0.332,0.40369999999999995,0.19329999999999997,0.1319,0.22176767563345742,0.16556164501357962,0.20404689089168657,0.08163232436654258,0.13783835498642039,46,True,0.022654437631680832,0.11373162465076614,0.5185706870535279,no_trade
2016-12-15,0.2863,0.32539999999999997,0.39799999999999996,0.1963,0.12789999999999999,0.21847515947916787,0.15979303287525964,0.19875005177697339,0.06782484052083212,0.12650696712474035,46,True,0.022513065416865447,0.11363566214170732,0.39874608243547205,no_trade
2016-12-16,0.2721,0.3309,0.4022,0.19329999999999997,0.122,0.2158120261891415,0.1754052519374535,0.19592476897978173,0.05628797381085851,0.09669474806254652,46,True,0.022435357263261884,0.11359779761715019,0.29800416256032936,no_trade
2016-12-19,0.2631,0.3345,0.4072,0.19149999999999998,0.11710000000000001,0.21146400684962086,0.1937224466060944,0.19404298957424457,0.051635993150379145,0.06937755339390561,46,True,0.02222139321823429,0.1134825395488902,0.2591993451069408,no_trade
2016-12-20,0.26789999999999997,0.32030000000000003,0.39840000000000003,0.1905,0.11449999999999999,0.20239821204281205,0.19035525864413505,0.1881071105326059,0.06550178795718792,0.07754474135586492,46,True,0.02193500879486898,0.11331610285505336,0.3844712098689693,no_trade
2016-12-21,0.26789999999999997,0.3195,0.39799999999999996,0.19210000000000002,0.1127,0.19891563121967895,0.19344672500260732,0.18163769467807395,0.06898436878032102,0.07445327499739265,46,True,0.02184140481755015,0.11327014205716861,0.41619938941170687,no_trade
2016-12-22,0.25739999999999996,0.32170000000000004,0.39659999999999995,0.1845,0.1143,0.20172171402498526,0.2104451739991332,0.18310130092273774,0.0556782859750147,0.046954826000866756,46,True,0.021870758615051045,0.11328144108094886,0.2984383588111791,no_trade
2016-12-23,0.2398,0.3231,0.3944,0.1832,0.1144,0.19683531986799221,0.20593480938921743,0.18134836093176787,0.0429646801320078,0.03386519061078258,46,True,0.022081111043699354,0.11329485940871867,0.18432936143174505,no_trade
2016-12-27,0.21230000000000002,0.3251,0.3948,0.1986,0.1199,0.19107884037970688,0.18959028304978404,0.17587788298547863,0.02122115962029314,0.02270971695021598,46,True,0.022197367144792694,0.11330122311148762,-0.008616036947270846,no_trade
2016-12-28,0.23260000000000003,0.34619999999999995,0.40950000000000003,0.2018,0.1295,0.19626761511456015,0.15866532399440464,0.1814569647140282,0.03633238488543988,0.07393467600559539,46,True,0.02236814118996496,0.1132670498303224,0.12328601933566556,no_trade
2016-12-29,0.2459,0.3624,0.4228,0.2024,0.13369999999999999,0.19421775954068568,0.14750501809700395,0.1810903752688381,0.05168224045931433,0.09839498190299606,46,True,0.02278359688461757,0.11312484787200311,0.2554579662939709,no_trade
2016-12-30,0.2422,0.3693,0.43329999999999996,0.2102,0.1404,0.1986978910342839,0.11873921254168086,0.18570390187544908,0.0435021089657161,0.12346078745831914,46,True,0.023138395746534007,0.1130745074123167,0.18009110705145523,no_trade
2017-01-03,0.2028,0.3298,0.40090000000000003,0.2231,0.1285,0.20156340287803645,0.1043106805216666,0.18849239126902,0.0012365971219635563,0.0984893194783334,46,True,0.023377423434469913,0.11305355121716029,-0.19584370481186283,no_trade
2017-01-04,0.1718,0.3024,0.3782,0.2234,0.1185,0.2048805714290152,0.11089469841755213,0.19138842316870147,-0.03308057142901519,0.06090530158244788,46,True,0.023437256020057962,0.11303776390422396,-0.49999067123231733,no_trade
2017-01-05,0.16820000000000002,0.3041,0.3814,0.2242,0.1167,0.2032032894730029,0.11457750709755933,0.18915645059908745,-0.03500328947300288,0.053622492902440685,46,True,0.02345271962933403,0.11302973248735528,-0.51717373664382,no_trade
2017-01-06,0.1611,0.3127,0.386,0.2229,0.11320000000000001,0.18905190019975313,0.10653046036974274,0.1786698838780707,-0.027951900199753132,0.05456953963025725,46,True,0.023422139211994476,0.1130445591339499,-0.45445831099993905,no_trade
2017-01-09,0.16449999999999998,0.31579999999999997,0.3909,0.2305,0.11560000000000001,0.1905432505022595,0.10211206737974687,0.17849426183047065,-0.02604325050225953,0.062387932620253106,46,True,0.023287138700437814,0.11308567250456274,-0.43622138959033013,no_trade
2017-01-10,0.1671,0.32,0.41759999999999997,0.2281,0.1149,0.1895856442745334,0.09946305315019138,0.17709172718170077,-0.022485644274533395,0.06763694684980862,46,True,0.022901782821250053,0.11308766661615907,-0.40134727732810116,no_trade
2017-01-11,0.1618,0.3122,0.38630000000000003,0.2289,0.11259999999999999,0.18928294131439602,0.10085111304286795,0.17595446830848072,-0.02748294131439602,0.06094888695713205,46,True,0.02287842989704696,0.11309646377795639,-0.4452957195047057,no_trade
2017-01-12,0.16329999999999997,0.3086,0.38770000000000004,0.23199999999999998,0.11539999999999999,0.1875112932706205,0.10227905045882933,0.17490683401178655,-0.02421129327062052,0.06102094954117064,46,True,0.022908634866450745,0.11308193458384422,-0.41668838007130443,no_trade
2017-01-13,0.1548,0.3204,0.3985,0.2253,0.11230000000000001,0.1885060500097946,0.10217778441723235,0.17464658589604676,-0.0337060500097946,0.05262221558276764,46,True,0.022829962912033874,0.11310789263070513,-0.4998414487874631,no_trade
2017-01-17,0.17379999999999998,0.32770000000000005,0.4057,0.23120000000000002,0.11869999999999999,0.19073313129988503,0.11038893755414131,0.1753576647559267,-0.01693313129988505,0.06341106244585867,46,True,0.022767467459304636,0.11313486616375738,-0.35091391456392357,no_trade
2017-01-18,0.1822,0.3336,0.4129,0.2237,0.12480000000000001,0.1894975081972999,0.10952139370704062,0.1751004314506462,-0.007297508197299907,0.07267860629295939,46,True,0.022800947281454265,0.11312181175964146,-0.2660711936147792,no_trade
2017-01-19,0.2061,0.34700000000000003,0.4189,0.2184,0.1278,0.19452917962789265,0.09387605245672695,0.17833444180741914,0.011570820372107354,0.11222394754327306,46,True,0.02283120231658689,0.1131127016279039,-0.09955011048645751,no_trade
2017-01-20,0.177,0.3477,0.42479999999999996,0.2112,0.11539999999999999,0.19271782592186365,0.1017549192315337,0.1740028712884218,-0.01571782592186366,0.0752450807684663,46,True,0.022966369939426273,0.11307867290232719,-0.3420998395931281,no_trade
2017-01-23,0.20370000000000002,0.36460000000000004,0.43200000000000005,0.20120000000000002,0.1177,0.194363072403287,0.1040423420882273,0.17661306216054173,0.009336927596713007,0.09965765791177272,46,True,0.02274049072129721,0.1130989476290689,-0.11851182885046753,no_trade
2017-01-24,0.1867,0.34009999999999996,0.4086,0.2028,0.1107,0.19435597553071216,0.1027869557175319,0.17902507093207726,-0.00765597553071215,0.08391304428246811,46,True,0.023104467245072573,0.1129067102447825,-0.27244122788712805,no_trade
2017-01-25,0.18289999999999998,0.3329,0.4017,0.2022,0.1081,0.19620501653294858,0.09310572361955315,0.18241954987933048,-0.013305016532948605,0.08979427638044683,46,True,0.02325412213469698,0.11284056329521185,-0.3239893314959807,no_trade
2017-01-26,0.17679999999999998,0.3295,0.4046,0.20629999999999998,0.1063,0.20095802619435976,0.0904563324141015,0.18693199272050148,-0.024158026194359777,0.08634366758589848,46,True,0.023459465330729064,0.11272625297418151,-0.42241705253872863,no_trade
2017-01-27,0.1967,0.34630000000000005,0.4235,0.1865,0.1058,0.19917176169208975,0.1050828267493151,0.18627918988177944,-0.0024717616920897356,0.09161717325068491,46,True,0.02344074545791058,0.11273379700058647,-0.22985571176907588,no_trade
2017-01-30,0.22649999999999998,0.35710000000000003,0.4249,0.1949,0.1188,0.19610609942150728,0.14037694852797736,0.18449014890583668,0.0303939005784927,0.08612305147202262,46,True,0.02364131282836502,0.11264215516496894,0.05994725278682963,no_trade
2017-01-31,0.2401,0.3632,0.425,0.1929,0.1199,0.18774331532022112,0.15948196362319614,0.17900930840120108,0.052356684679778887,0.08061803637680387,46,True,0.023956277810728895,0.1125492220637854,0.25233765590094026,no_trade
2017-02-01,0.2357,0.35009999999999997,0.40880000000000005,0.18969999999999998,0.11810000000000001,0.18243748457623915,0.17308640207529624,0.17279641920863556,0.05326251542376084,0.06261359792470375,46,True,0.02441251433139262,0.1124298582757579,0.2566044424036142,no_trade
2017-02-02,0.25579999999999997,0.3599,0.41009999999999996,0.18280000000000002,0.1193,0.17850818156139725,0.19414056006426506,0.17084319584745114,0.07729181843860272,0.06165943993573492,46,True,0.024512872767202813,0.11244433495242417,0.4693784323926232,no_trade
2017-02-03,0.23170000000000002,0.3515,0.40159999999999996,0.17120000000000002,0.1097,0.1354291113937073,0.20633677463104294,0.1273132667811629,0.09627088860629271,0.025363225368957076,46,True,0.02474748647641496,0.11249271508352211,0.6358047459053148,no_trade
2017-02-06,0.2668,0.368,0.4144,0.1678,0.1137,0.13507263770103858,0.21079276294792137,0.12446350233543066,0.1317273622989614,0.05600723705207861,46,True,0.02506872757964167,0.11258123276352049,0.9473926701740661,short_correlation
2017-02-07,0.2898,0.3763,0.4169,0.165,0.11289999999999999,0.139338736197929,0.21272288806635295,0.1303807079107616,0.150461263802071,0.07707711193364705,46,True,0.025460830157598077,0.11278057078766944,1.1083507803822847,short_correlation
2017-02-08,0.3014,0.3832,0.4226,0.14980000000000002,0.11449999999999999,0.15485735812943802,0.22313005859234125,0.14359918715979395,0.14654264187056198,0.07826994140765875,46,True,0.025801791379720582,0.1130287917706155,1.0682309223996398,short_correlation
2017-02-09,0.3123,0.37729999999999997,0.4214,0.1499,0.10880000000000001,0.15776165126204655,0.22828102436988948,0.1543278463876051,0.15453834873795347,0.08401897563011054,46,True,0.026113855139831187,0.11325382743131007,1.1339527900371704,short_correlation
2017-02-10,0.28309999999999996,0.3786,0.4214,0.1454,0.1085,0.1608514138080389,0.2383543038897329,0.15960085107370225,0.12224858619196105,0.044745696110267075,46,True,0.02631572568876934,0.11343780228541428,0.8456868748375485,short_correlation
2017-02-13,0.3,0.3568,0.41100000000000003,0.1519,0.1107,0.16232753129509844,0.24705008602743486,0.15778950053843252,0.13767246870490155,0.05294991397256513,46,True,0.026321774621485813,0.11344289708911288,0.9815572146041576,short_correlation
2017-02-14,0.2726,0.326,0.38539999999999996,0.1589,0.1074,0.16525776976622022,0.25063623688241415,0.1627250887725917,0.10734223023377978,0.021963763117585855,46,True,0.026420300815186436,0.11352909089032129,0.7127858488426616,no_trade
2017-02-15,0.3223,0.33380000000000004,0.3857,0.15410000000000001,0.1197,0.17060943050274985,0.24269911333535005,0.16681298876019407,0.15169056949725013,0.07960088666464993,46,True,0.02643736836437119,0.11354097836755081,1.103154146931989,short_correlation
2017-02-16,0.32409999999999994,0.3505,0.3982,0.1519,0.1176,0.16799082643019753,0.24335635434957134,0.1668384396984447,0.15610917356980242,0.0807436456504286,46,True,0.026624646050024615,0.11370904156328152,1.1387355459127397,short_correlation
2017-02-17,0.2932,0.3527,0.39899999999999997,0.153,0.1149,0.16636676653392388,0.2885285910938224,0.16279658609796116,0.12683323346607614,0.004671408906177621,46,True,0.02692695127231251,0.11395232485705442,0.876737550717718,short_correlation
2017-02-21,0.3239,0.35840000000000005,0.4127,0.1458,0.1157,0.1724197165093561,0.25703663253298265,0.1715136358689011,0.1514802834906439,0.06686336746701738,46,True,0.027141411877899625,0.11408975550399657,1.0898337985165434,short_correlation
2017-02-22,0.3306,0.3722,0.4288,0.1465,0.1174,0.17515002384899717,0.2611656683168722,0.17289509043097928,0.15544997615100284,0.06943433168312779,46,True,0.0275717630354039,0.11435416311295488,1.1182646056294907,short_correlation
2017-02-23,0.33880000000000005,0.3973,0.4458,0.1459,0.11710000000000001,0.17185143044081347,0.27448852832406095,0.16705212052274138,0.16694856955918658,0.06431147167593909,46,True,0.0277959418445872,0.11454987018626947,1.214777698903747,short_correlation
2017-02-24,0.2981,0.3935,0.43700000000000006,0.1507,0.11470000000000001,0.16965322298032187,0.2735555806631276,0.1661406748874709,0.1284467770196781,0.024544419336872403,46,True,0.028104551656433812,0.11482034206300687,0.8739063441230839,short_correlation
2017-02-27,0.3398,0.4022,0.4382,0.1502,0.1209,0.17069100688696673,0.29818043071119643,0.16680320720858013,0.16910899311303326,0.04161956928880356,46,True,0.028469102257445096,0.11499306556732525,1.2230293206093146,short_correlation
2017-02-28,0.3734,0.41009999999999996,0.4428,0.1489,0.1292,0.16784916097623928,0.29124495234045344,0.16847960734141335,0.20555083902376073,0.08215504765954657,46,True,0.02885690624541024,0.11530273365208159,1.5324348970902355,short_correlation
2017-03-01,0.3801,0.39640000000000003,0.43479999999999996,0.1464,0.12539999999999998,0.17832032032575978,0.2206691788449607,0.18508645456191705,0.2017796796742402,0.1594308211550393,46,True,0.029261758775519273,0.11574423112155852,1.490509887421834,short_correlation
2017-03-02,0.35119999999999996,0.3962,0.4428,0.1528,0.11810000000000001,0.18322321690002988,0.2169304814560923,0.18824656541100537,0.16797678309997008,0.13426951854390765,46,True,0.02993188325059987,0.1162531661285435,1.1874506686272195,short_correlation
2017-03-03,0.2989,0.373,0.42710000000000004,0.1516,0.1096,0.18301584607111465,0.22214182972261307,0.18273953472073864,0.11588415392888535,0.07675817027738693,46,True,0.030626950808517895,0.11655362796202286,0.7314847646625565,no_trade
2017-03-06,0.3099,0.3671,0.4251,0.15460000000000002,0.1124,0.18721391751663918,0.21264668923599545,0.184248383775996,0.12268608248336083,0.09725331076400456,46,True,0.031040304571503027,0.11667095452727289,0.785506369457488,short_correlation
2017-03-07,0.3385,0.3732,0.428,0.1521,0.11449999999999999,0.16528047260102866,0.2095913502455772,0.16120509130115207,0.17321952739897137,0.12890864975442282,46,True,0.03141557936067289,0.11681351862787899,1.2139343947854955,short_correlation
2017-03-08,0.3472,0.37229999999999996,0.4229,0.135,0.1186,0.16789453265850168,0.20526442681835594,0.16232083576590925,0.17930546734149833,0.14193557318164407,46,True,0.03203693344608722,0.11715055915232239,1.2570877592135816,short_correlation
2017-03-09,0.365,0.3883,0.43579999999999997,0.1366,0.12300000000000001,0.16146553250026777,0.2073432253293499,0.15742676425307697,0.20353446749973222,0.1576567746706501,46,True,0.03242090837809379,0.11747488594794767,1.4565969376421248,short_correlation
2017-03-10,0.3236,0.3725,0.4214,0.1387,0.1166,0.1675716068210381,0.19215763872919409,0.16414991533412213,0.1560283931789619,0.1314423612708059,46,True,0.0329510304551018,0.1179453689873028,1.0435116171208871,short_correlation
2017-03-13,0.3172,0.377,0.4277,0.1458,0.11349999999999999,0.15967468026509915,0.19762728309468983,0.15612290875838752,0.15752531973490083,0.11957271690531016,46,True,0.03334467832660388,0.11819066658252302,1.0506806078599416,short_correlation
2017-03-14,0.354,0.38880000000000003,0.43420000000000003,0.1399,0.12300000000000001,0.15040816364491602,0.18795307021424712,0.1541681713318229,0.20359183635508396,0.16604692978575286,46,True,0.03395762877963588,0.11843327422420251,1.4323188199147363,short_correlation
2017-03-15,0.3204,0.3705,0.42100000000000004,0.1402,0.11630000000000001,0.15742072073031507,0.159810528455354,0.15828821275773416,0.16297927926968495,0.160589471544646,46,True,0.03482242996983303,0.11887405662153587,1.0780893068019883,short_correlation
2017-03-16,0.304,0.3603,0.4147,0.136,0.1121,0.15944591495293975,0.23641572829133628,0.1591568944418574,0.14455408504706024,0.06758427170866371,46,True,0.03542962085750521,0.11913708436382699,0.9159571494657793,short_correlation
2017-03-17,0.3069,0.375,0.4268,0.12710000000000002,0.1128,0.1586239320418387,0.2368618815918336,0.15758448555172166,0.1482760679581613,0.0700381184081664,46,True,0.03614291709164438,0.11925059384965794,0.9403152407600238,short_correlation
2017-03-20,0.35369999999999996,0.3857,0.4365,0.1197,0.1134,0.15984962995240534,0.23802872664120797,0.15486075637434374,0.19385037004759462,0.11567127335879199,46,True,0.03695822326678839,0.11931233410696479,1.3149700569947005,short_correlation
2017-03-21,0.3759,0.39390000000000003,0.4411,0.13470000000000001,0.1247,0.1728955874260075,0.21846532159353374,0.1711795038150768,0.20300441257399252,0.15743467840646627,46,True,0.03806302678126798,0.11947152139844906,1.3805916578447939,short_correlation
2017-03-22,0.38770000000000004,0.3857,0.4372,0.1328,0.1281,0.16957290722759025,0.2133382432133795,0.16797713610748666,0.2181270927724098,0.17436175678662055,46,True,0.03932365658887452,0.11952947336222833,1.4958941184462518,short_correlation
2017-03-23,0.40590000000000004,0.405,0.44920000000000004,0.1381,0.13119999999999998,0.16909188146939247,0.2688434599859265,0.16671203570956256,0.23680811853060757,0.13705654001407352,46,True,0.04063648141461023,0.1196697772045781,1.6392746915592367,short_correlation
2017-03-24,0.3697,0.4003,0.4424,0.1412,0.12960000000000002,0.16901318090624756,0.27912904219003026,0.16560476020206974,0.2006868190937524,0.09057095780996971,46,True,0.041912228042725805,0.12004155480593384,1.3226635668599165,short_correlation
2017-03-27,0.2993,0.3747,0.4232,0.1547,0.125,0.1565852740720069,0.2629855022051289,0.15431677569876442,0.1427147259279931,0.036314497794871115,46,True,0.043089971624819264,0.12013795003647042,0.8292529901911149,short_correlation
2017-03-28,0.2463,0.35600000000000004,0.4093,0.1549,0.1153,0.15990925456452698,0.2472677579577424,0.1592503536403921,0.08639074543547301,-0.0009677579577423989,46,True,0.04408964557368721,0.11991356382828765,0.35276326139684755,no_trade
2017-03-29,0.24100000000000002,0.3554,0.40380000000000005,0.1553,0.1142,0.1520412495151949,0.23712579742327256,0.1541066913888285,0.08895875048480512,0.0038742025767274646,46,True,0.04512704674597231,0.11913863856888163,0.36790502447693246,no_trade
2017-03-30,0.2437,0.3529,0.4006,0.15460000000000002,0.11539999999999999,0.1488922305702911,0.22774490420407925,0.15095655673986375,0.0948077694297089,0.01595509579592075,46,True,0.046167029484221016,0.1183673137020962,0.41093050458089836,no_trade
2017-03-31,0.2502,0.3582,0.4053,0.15,0.12369999999999999,0.15148794878653332,0.2152027758824133,0.15052763643242117,0.09871205121346666,0.034997224117586684,46,True,0.04711424945517836,0.11779402600609701,0.4380341135094372,no_trade
2017-04-03,0.2505,0.36060000000000003,0.40619999999999995,0.162,0.12380000000000001,0.15384382317302064,0.2094733242550875,0.15292485050508256,0.09665617682697936,0.041026675744912505,46,True,0.04826213143791438,0.11687459767468066,0.4140681238858195,no_trade
2017-04-04,0.2305,0.34340000000000004,0.3932,0.1681,0.11789999999999999,0.15118546050780265,0.21309396167406255,0.14842089884660986,0.07931453949219736,0.017406038325937456,46,True,0.04924326800867395,0.1162346627484248,0.2587117368646637,no_trade
2017-04-05,0.24559999999999998,0.3568,0.4023,0.17129999999999998,0.12890000000000001,0.14974686830856718,0.21041923896361223,0.14945679026044545,0.09585313169143281,0.03518076103638776,46,True,0.0499328550661507,0.11589368873598282,0.39622758690417553,no_trade
2017-04-06,0.25239999999999996,0.3442,0.39289999999999997,0.1728,0.12390000000000001,0.1494767555565399,0.2040769603746179,0.1491928015615184,0.10292324444346007,0.048323039625382064,46,True,0.050912383599758824,0.11522999328543941,0.4513656502162914,no_trade
2017-04-07,0.2713,0.3531,0.4033,0.1739,0.12869999999999998,0.15324927180123019,0.20681699855099225,0.15229050616397533,0.1180507281987698,0.06448300144900773,46,True,0.05169190659586171,0.11491306384449888,0.5774697791776338,no_trade
2017-04-10,0.31739999999999996,0.3774,0.4211,0.1769,0.1405,0.15258601604546737,0.1955674740889661,0.15145360569356867,0.1648139839545326,0.12183252591103386,46,True,0.05260484456551567,0.11452053763730766,0.9798167359673855,short_correlation
2017-04-11,0.3387,0.3771,0.4146,0.1797,0.1507,0.15392033833251745,0.19127994539186505,0.1520626811231455,0.18477966166748255,0.14742005460813495,46,True,0.05348779407085212,0.11452453196903802,1.146408244061853,short_correlation
2017-04-12,0.35850000000000004,0.3849,0.4211,0.1833,0.1577,0.1571046886128412,0.1912603543402515,0.15418818481410124,0.20139531138715885,0.16723964565974855,46,True,0.054642696672084566,0.11437455761989297,1.2830879329193563,short_correlation
2017-04-13,0.39380000000000004,0.41969999999999996,0.44630000000000003,0.17670000000000002,0.15960000000000002,0.16673897623126857,0.16566376219474988,0.16243958769487515,0.22706102376873147,0.22813623780525016,46,True,0.05595404018744702,0.11415411240034101,1.4989121283796458,short_correlation
2017-04-17,0.3215,0.3778,0.4216,0.1856,0.1466,0.17613749317366148,0.1306253935746497,0.1776109224116991,0.14536250682633853,0.1908746064253503,46,True,0.05734917018979535,0.11408811718709377,0.7714505139234579,short_correlation
2017-04-18,0.3147,0.36450000000000005,0.4125,0.1936,0.1442,0.17153609223921007,0.26438922822502986,0.17306412152253706,0.1431639077607899,0.05031077177497012,46,True,0.05838773068703486,0.11369109980082677,0.7456711846597737,no_trade
2017-04-19,0.35119999999999996,0.3962,0.433,0.18230000000000002,0.1493,0.1738382846802089,0.24989355573137,0.1740475394313137,0.17736171531979106,0.10130644426862995,46,True,0.059452709036302225,0.11322042521990583,1.041411088630664,short_correlation
2017-04-20,0.2854,0.354,0.4058,0.18059999999999998,0.14150000000000001,0.17692561376267418,0.2508294750110948,0.17708906355629572,0.1084743862373258,0.03457052498890517,46,True,0.060565906522406135,0.11299404276708011,0.4239911993738967,no_trade
2017-04-21,0.3081,0.3644,0.408,0.1795,0.1463,0.17067684991257298,0.25780308778836303,0.16925647507055186,0.137423150087427,0.05029691221163696,46,True,0.061332862333332586,0.11265886994456646,0.6754043227269586,no_trade
2017-04-24,0.1909,0.30269999999999997,0.3768,0.1791,0.1084,0.18551405584952996,0.23155290588927502,0.1868177733773013,0.005385944150470029,-0.04065290588927503,46,True,0.06221205720765459,0.1123833013038892,-0.5056455220471264,no_trade
2017-04-25,0.1791,0.29710000000000003,0.37060000000000004,0.1826,0.1076,0.19146833308079916,0.23450293752685983,0.1957298438165519,-0.012368333080799154,-0.05540293752685982,46,True,0.06243808089645717,0.11221069263974916,-0.6666602996331308,no_trade
2017-04-26,0.1821,0.307,0.375,0.1862,0.1085,0.18722055258884043,0.25290479936761395,0.19039985865067194,-0.005120552588840421,-0.07080479936761394,46,True,0.06247633875897866,0.11218342608918616,-0.602556845554702,no_trade
2017-04-27,0.1704,0.3025,0.37439999999999996,0.1859,0.1036,0.19193824915098376,0.25956622391300427,0.19538987193981325,-0.021538249150983763,-0.08916622391300427,46,True,0.06246788665329268,0.11218845826501828,-0.7487948145773794,no_trade
2017-04-28,0.2193,0.3311,0.3906,0.1602,0.1082,0.19807269403602992,0.27142367713001725,0.20461851216415564,0.021227305963970072,-0.052123677130017254,46,True,0.06231681463218393,0.11227615990439765,-0.3659682403032066,no_trade
2017-05-01,0.2032,0.32130000000000003,0.38079999999999997,0.16579999999999998,0.1011,0.19972439026802255,0.26966764834204154,0.2072421312290486,0.0034756097319774415,-0.06646764834204155,46,True,0.0619575606844735,0.11226216508515469,-0.5209408789518312,no_trade
2017-05-02,0.2259,0.3161,0.377,0.16449999999999998,0.1059,0.19886342925494438,0.28220361417502104,0.18894619857712372,0.02703657074505561,-0.056303614175021055,46,True,0.06147904975195411,0.11225339328503092,-0.3068279541398187,no_trade
2017-05-03,0.2561,0.3362,0.392,0.15560000000000002,0.10679999999999999,0.1969122816626695,0.28542785937150383,0.19101183810438713,0.0591877183373305,-0.02932785937150384,46,True,0.06135338728312394,0.11227423565045022,-0.01928909988339575,no_trade
2017-05-04,0.2468,0.32799999999999996,0.3873,0.15539999999999998,0.10460000000000001,0.19666995684068247,0.2867110535648704,0.19058866432324978,0.05013004315931752,-0.03991105356487043,46,True,0.06107364096331208,0.11219109740828821,-0.0975442620386214,no_trade
2017-05-05,0.23629999999999998,0.3206,0.3776,0.1496,0.1057,0.1961569340337415,0.29342684218368986,0.19079537785192524,0.040143065966258495,-0.05712684218368988,46,True,0.060663005895346254,0.1120403261201561,-0.1831478061486668,no_trade
2017-05-08,0.2041,0.2989,0.3703,0.1586,0.0977,0.19458505081954958,0.3003138350779174,0.18925174354800847,0.009514949180450427,-0.09621383507791742,46,True,0.06026086413400463,0.11193090109278524,-0.45336823395612913,no_trade
2017-05-09,0.2109,0.2959,0.3607,0.1609,0.09960000000000001,0.19618742282006463,0.2944825047490336,0.18942232566362482,0.014712577179935377,-0.08358250474903359,46,True,0.059927166853523846,0.11195643941288325,-0.4038587678448932,no_trade
2017-05-10,0.2214,0.3106,0.3735,0.1445,0.10210000000000001,0.18934030248054648,0.24821335005462114,0.18040862187357248,0.032059697519453534,-0.026813350054621127,46,True,0.059641899241124806,0.11197978860275534,-0.2463141078031343,no_trade
2017-05-11,0.23809999999999998,0.3215,0.38189999999999996,0.1435,0.106,0.1892125756946361,0.24035348941752394,0.17871789640197375,0.048887424305363886,-0.0022534894175239573,46,True,0.059583272012962936,0.11199038803675714,-0.0955068367482439,no_trade
2017-05-12,0.21789999999999998,0.31170000000000003,0.3818,0.1516,0.10400000000000001,0.1878393098643348,0.2380222092386021,0.17613635799506272,0.030060690135665175,-0.020122209238602112,46,True,0.05935148438430555,0.11195167882158069,-0.261637829436409,no_trade
2017-05-15,0.2437,0.2915,0.3677,0.15130000000000002,0.1042,0.19301618815110744,0.22901838558149473,0.18281858653974353,0.05068381184889256,0.014681614418505268,46,True,0.05906377544355172,0.11193334674249654,-0.07486565745181661,no_trade
2017-05-16,0.25420000000000004,0.2918,0.3704,0.14859999999999998,0.1065,0.19211293834672571,0.23326459034442823,0.18141505744256767,0.06208706165327432,0.020935409655571807,46,True,0.058775488913330995,0.1118606930261196,0.02960443611027934,no_trade
2017-05-17,0.4157,0.38060000000000005,0.433,0.1543,0.1559,0.23341134743377695,0.07213101346891995,0.2325955336393524,0.18228865256622306,0.34356898653108003,46,True,0.05858931469900286,0.11181579738005676,1.106277831626705,short_correlation
2017-05-18,0.3714,0.3542,0.41359999999999997,0.1506,0.1466,0.22758557361639517,0.09041648195448895,0.2268157692436186,0.14381442638360484,0.280983518045511,46,True,0.058778542025181034,0.11198517039088676,0.7593495108468749,short_correlation
2017-05-19,0.30879999999999996,0.3214,0.3912,0.1517,0.1204,0.23407324209214997,0.09885671877584949,0.23518638461817196,0.07472675790785,0.20994328122415046,46,True,0.0587001148641673,0.11191838385126725,0.14319937879893918,no_trade
2017-05-22,0.26839999999999997,0.2933,0.3712,0.1469,0.1093,0.23601727473926223,0.09360036010978955,0.23675186183427155,0.03238272526073774,0.1747996398902104,46,True,0.05823672028453775,0.1116076514625774,-0.23165073975657474,no_trade
2017-05-23,0.2711,0.2915,0.3641,0.1489,0.1072,0.23721290443835344,0.08987104346408446,0.2382558324861605,0.03388709556164657,0.18122895653591553,46,True,0.05760039984299893,0.11129444296947033,-0.21306817886547366,no_trade
2017-05-24,0.2347,0.27649999999999997,0.3568,0.1522,0.1002,0.2383997045361021,0.08184217330786595,0.23830461128212907,-0.0036997045361021053,0.15285782669213405,46,True,0.05680168156199008,0.11073590133071379,-0.5463574628557385,no_trade
2017-05-25,0.2229,0.271,0.3558,0.151,0.0999,0.22482659166863833,0.07225104255050115,0.22156003565533014,-0.0019265916686383444,0.15064895744949885,46,True,0.05617603884196903,0.11063010404557318,-0.5251972870483107,no_trade
2017-05-26,0.2114,0.272,0.361,0.15039999999999998,0.0981,0.22408501857841479,0.10217078666111004,0.21855392170776056,-0.01268501857841478,0.10922921333888996,46,True,0.05555497077099926,0.1105147115586928,-0.6174742564764578,no_trade
2017-05-30,0.22769999999999999,0.2813,0.369,0.1588,0.1038,0.2242967464406792,0.12565707226844677,0.21977989558380423,0.003403253559320779,0.10204292773155321,46,True,0.0548821924440027,0.11041157667472731,-0.4662458451828739,no_trade
2017-05-31,0.23670000000000002,0.27690000000000003,0.368,0.161,0.1041,0.2191413252489641,0.16824567463018067,0.21700654281312345,0.017558674751035924,0.06845432536981935,46,True,0.05442152093904341,0.11038310497849574,-0.3339536987584188,no_trade
2017-06-01,0.20989999999999998,0.2646,0.35950000000000004,0.15990000000000001,0.0989,0.22020022606588938,0.15598879343043806,0.21731657591154785,-0.0103002260658894,0.053911206569561915,46,True,0.05387421532128444,0.11022184306591014,-0.5822297976708574,no_trade
2017-06-02,0.2059,0.2661,0.35950000000000004,0.161,0.0975,0.21789169063650937,0.1545769400663381,0.21573520622990106,-0.011991690636509372,0.0513230599336619,46,True,0.053216711502985896,0.110107993699109,-0.5922222351783979,no_trade
2017-06-05,0.2051,0.2732,0.3653,0.1636,0.1007,0.21733403044156466,0.15195469572341078,0.21515973579348646,-0.012234030441564653,0.05314530427658923,46,True,0.05262359844955458,0.11005487109354664,-0.5893208382933841,no_trade
2017-06-06,0.2602,0.3002,0.38420000000000004,0.1603,0.1045,0.2153534145740529,0.17090557138450937,0.21054705858984107,0.04484658542594708,0.08929442861549061,46,True,0.05201273352613354,0.10998565478201468,-0.0651552978830681,no_trade
2017-06-07,0.2473,0.2916,0.37549999999999994,0.14529999999999998,0.1039,0.21546708434380765,0.18285848268598504,0.21197562788288635,0.03183291565619234,0.06444151731401496,46,True,0.05159366049502928,0.10981013171145043,-0.17995374862824606,no_trade
2017-06-08,0.2194,0.281,0.36719999999999997,0.1515,0.1016,0.21327515388844503,0.18486992034055127,0.20851413960990217,0.006124846111554977,0.03453007965944874,46,True,0.05103940606259346,0.10955467367671663,-0.4099739284841123,no_trade
2017-06-09,0.1736,0.24739999999999998,0.33899999999999997,0.17350000000000002,0.107,0.18554424218081633,0.21981257485696634,0.1915665955011074,-0.011944242180816328,-0.04621257485696634,46,True,0.05034725335059849,0.1092838539830054,-0.569997243518715,no_trade
2017-06-12,0.1925,0.2619,0.3556,0.1794,0.11460000000000001,0.1829182313805273,0.24813318268205137,0.19039116351517826,0.009581768619472714,-0.05563318268205136,46,True,0.04952995475386075,0.10897484310126526,-0.3665817265482644,no_trade
2017-06-13,0.19699999999999998,0.2581,0.3497,0.16879999999999998,0.1042,0.18501309925957016,0.24672785616044363,0.19253253034623413,0.011986900740429823,-0.049727856160443645,46,True,0.04848275785041398,0.10807851977192232,-0.3376790983721948,no_trade
2017-06-14,0.1807,0.2504,0.3381,0.1643,0.10640000000000001,0.18490266181195772,0.2593301271150388,0.1934451224709746,-0.00420266181195772,-0.07863012711503878,46,True,0.04717464561764789,0.10649967382860481,-0.4824175096750968,no_trade
2017-06-15,0.1894,0.2552,0.341,0.17190000000000003,0.109,0.17522027508183924,0.2643941040290473,0.17955160059289843,0.014179724918160774,-0.07499410402904727,46,True,0.04589311457047806,0.10515334307294423,-0.30159183460594213,no_trade
2017-06-16,0.1732,0.2516,0.3436,0.1648,0.1038,0.17278924453062794,0.2644626068674549,0.17639993618802377,0.00041075546937205387,-0.09126260686745488,46,True,0.04468886065003402,0.10375713216815476,-0.4267475811581061,no_trade
2017-06-19,0.18280000000000002,0.24760000000000001,0.3322,0.1629,0.10369999999999999,0.17897002530528652,0.2487857353852219,0.18598825819322395,0.003829974694713495,-0.06598573538522187,46,True,0.043607643981024055,0.10278487043444072,-0.3869992647573745,no_trade
2017-06-20,0.2145,0.2623,0.34119999999999995,0.1678,0.10859999999999999,0.1812364217071153,0.24145774784518043,0.1858609109181756,0.033263578292884705,-0.02695774784518043,46,True,0.042518787783111724,0.10173762920987978,-0.09097135014945132,no_trade
2017-06-21,0.20879999999999999,0.2563,0.3354,0.1741,0.1075,0.17799955638850878,0.25157900433879216,0.1819216751390792,0.0308004436114912,-0.04277900433879217,46,True,0.0416829891610229,0.10093878431791385,-0.10781332094565703,no_trade
2017-06-22,0.187,0.2495,0.3274,0.1873,0.1048,0.17194393748751094,0.2617652616855137,0.17562683252129202,0.01505606251248906,-0.07476526168551367,46,True,0.04072635909796222,0.0998853800470368,-0.25699753630996663,no_trade
2017-06-23,0.1617,0.243,0.324,0.1856,0.1002,0.16983292918403367,0.24758895129129485,0.17412544737074323,-0.00813292918403366,-0.08588895129129484,46,True,0.039438634515495896,0.09809312048322756,-0.48496330288181194,no_trade
2017-06-26,0.1356,0.2328,0.3146,0.2005,0.099,0.16923472731494418,0.24073862193431975,0.173310524458538,-0.033634727314944185,-0.10513862193431975,46,True,0.038815380117600426,0.09789344470762444,-0.740091511223548,no_trade
2017-06-27,0.17149999999999999,0.2545,0.32549999999999996,0.20929999999999999,0.1106,0.17749372650441578,0.1850682596392589,0.18083992975209193,-0.005993726504415792,-0.013568259639258923,46,True,0.03783867674746573,0.09738020394446929,-0.450116157867946,no_trade
2017-06-28,0.12890000000000001,0.2279,0.3097,0.2089,0.1003,0.1836947344719755,0.15699208133876605,0.18888543028270544,-0.0547947344719755,-0.028092081338766034,46,True,0.03725740062271314,0.09720205704465353,-0.9470183851397397,long_correlation
2017-06-29,0.1597,0.2576,0.331,0.22,0.1144,0.19903455666738368,0.10672942611437394,0.2011553323506945,-0.03933455666738367,0.052970573885626066,46,True,0.03691999218770495,0.09737396116445758,-0.7831102683221461,no_trade
2017-06-30,0.1444,0.2589,0.3325,0.2096,0.1118,0.19704896442047765,0.1136872267993749,0.19633882699450228,-0.052648964420477645,0.0307127732006251,46,True,0.0368968534396303,0.09739145365688553,-0.9194422559455975,long_correlation
2017-07-03,0.1418,0.263,0.33490000000000003,0.2212,0.11220000000000001,0.19423023543919646,0.11440032867043341,0.1948821544257573,-0.05243023543919645,0.027399671329566597,46,True,0.036943165713041314,0.09734589491679903,-0.9181013871065102,long_correlation
2017-07-05,0.1318,0.2572,0.3312,0.2227,0.1107,0.19169671647141495,0.11857584583863247,0.1939511580523717,-0.05989671647141495,0.013224154161367532,46,True,0.03710627313266264,0.09716066352529269,-0.9983771835690063,long_correlation
2017-07-06,0.1779,0.2967,0.3544,0.2202,0.12539999999999998,0.20047357132442728,0.0811078469491035,0.19835855054499338,-0.022573571324427277,0.0967921530508965,46,True,0.03708940645222256,0.09717719665073905,-0.6139606804164389,no_trade
2017-07-07,0.12710000000000002,0.2712,0.3414,0.2189,0.1119,0.2029600624151865,0.06841356905430443,0.2018560491755132,-0.07586006241518647,0.05868643094569559,46,True,0.03740124686462215,0.09685735790716005,-1.1693619537750775,long_correlation
2017-07-10,0.1301,0.2622,0.33409999999999995,0.2255,0.11109999999999999,0.2032334871924095,0.07948527661548607,0.20060992902862115,-0.0731334871924095,0.05061472338451392,46,True,0.03753083659772504,0.09668303956910465,-1.1446094814906673,long_correlation
2017-07-11,0.1325,0.25429999999999997,0.3186,0.2249,0.10890000000000001,0.1967594723179787,0.07912430693855346,0.1958090570635338,-0.06425947231797868,0.053375693061446544,46,True,0.03789993566880195,0.09607803038195499,-1.0632962351606223,long_correlation
2017-07-12,0.1079,0.23739999999999997,0.3097,0.2298,0.10300000000000001,0.19282470750669672,0.14141945654583699,0.19168114095848443,-0.08492470750669673,-0.03351945654583699,46,True,0.03820972523019401,0.09561936453966983,-1.2877562335797124,long_correlation
2017-07-13,0.0951,0.22769999999999999,0.30670000000000003,0.2288,0.099,0.1950763882344292,0.13744345685681936,0.19304197960182778,-0.09997638823442918,-0.04234345685681935,46,True,0.038440837857825164,0.09524889991261146,-1.4532160079460106,long_correlation
2017-07-14,0.0891,0.22440000000000002,0.3017,0.2245,0.0951,0.1958102675001626,0.1642082222546287,0.1968195019384393,-0.10671026750016259,-0.0751082222546287,46,True,0.03865833750396936,0.09486772648161806,-1.5323293852973185,long_correlation
2017-07-17,0.0975,0.2234,0.3042,0.228,0.09820000000000001,0.19531540025242952,0.1591118090098145,0.19313041527636265,-0.09781540025242952,-0.0616118090098145,46,True,0.03886694345547178,0.09448778154168824,-1.4465610418379515,long_correlation
2017-07-18,0.09699999999999999,0.2133,0.2955,0.2321,0.0989,0.19594328660277974,0.1603166972607709,0.19304656272309423,-0.09894328660277975,-0.06331669726077092,46,True,0.03915991604548811,0.09394536269948686,-1.4700374630521513,long_correlation
2017-07-19,0.1016,0.2051,0.2899,0.2328,0.09789999999999999,0.18360510644876046,0.24721028447947507,0.18091397745116966,-0.08200510644876047,-0.14561028447947508,46,True,0.03944075599957526,0.09342279407523836,-1.2999596474338895,long_correlation
2017-07-20,0.0965,0.2022,0.2882,0.2323,0.0958,0.17939697183182404,0.2479161289734362,0.175368993652863,-0.08289697183182404,-0.1514161289734362,46,True,0.039871871972877046,0.09260386919931231,-1.3257420544757625,long_correlation
2017-07-21,0.0977,0.2126,0.293,0.222,0.09359999999999999,0.1846282564666327,0.2514049590200056,0.17867255902178122,-0.0869282564666327,-0.15370495902000558,46,True,0.0402655539571962,0.09186435739090794,-1.3845828135778984,long_correlation
2017-07-24,0.09820000000000001,0.20679999999999998,0.2843,0.2205,0.0943,0.18588747095052116,0.2792446802596486,0.17823865152395107,-0.08768747095052115,-0.1810446802596486,46,True,0.04052931164099585,0.09140035719821983,-1.4028039552783524,long_correlation
2017-07-25,0.10189999999999999,0.20550000000000002,0.2783,0.21489999999999998,0.0943,0.18194621367295502,0.2948484742508177,0.17637363502229358,-0.08004621367295503,-0.19294847425081774,46,True,0.040870838273250526,0.09075499921688714,-1.332345909201507,long_correlation
2017-07-26,0.1085,0.2115,0.2801,0.2096,0.096,0.17953615474547738,0.301830054461049,0.17412504718849642,-0.07103615474547738,-0.193330054461049,46,True,0.04113237790989293,0.0903083262384186,-1.2420619153015817,long_correlation
2017-07-27,0.11939999999999999,0.2183,0.2755,0.21,0.1011,0.1725850856797201,0.343664362911957,0.1781299580152348,-0.05318508567972012,-0.224264362911957,46,True,0.041309919308905964,0.090042209089809,-1.0494523173501422,long_correlation
2017-07-28,0.133,0.23260000000000003,0.2845,0.19260000000000002,0.10289999999999999,0.17170388210671772,0.357585522632957,0.17696663291711737,-0.03870388210671771,-0.224585522632957,46,True,0.04157575926019023,0.08966162608632501,-0.8953623179844605,no_trade
2017-07-31,0.1531,0.2403,0.2922,0.1932,0.1026,0.17047658929749324,0.3697810495193779,0.17587368091903288,-0.017376589297493222,-0.2166810495193779,46,True,0.04183263897694236,0.08933665080577634,-0.6627652563689709,no_trade
2017-08-01,0.1378,0.223,0.2758,0.19149999999999998,0.1009,0.17178912011794178,0.3633709280524231,0.17863258182494676,-0.03398912011794178,-0.2255709280524231,46,True,0.042066848394991,0.08910251734013629,-0.8535782240876524,no_trade
2017-08-02,0.1469,0.2309,0.2802,0.1864,0.10279999999999999,0.1695945091408718,0.3796818505195485,0.17770275423206497,-0.022694509140871788,-0.2327818505195485,46,True,0.04215682305737933,0.0890138278199717,-0.7285534594626282,no_trade
2017-08-03,0.16879999999999998,0.24780000000000002,0.2995,0.18359999999999999,0.10439999999999999,0.1684618299777067,0.3851307202861846,0.17731769327175595,0.0003381700222932771,-0.21633072028618464,46,True,0.04209066609121777,0.08905596406891224,-0.46883436168987025,no_trade
2017-08-04,0.1518,0.248,0.30219999999999997,0.1809,0.1003,0.17105661078838197,0.3862369968695036,0.18234875603738757,-0.019256610788381978,-0.2344369968695036,46,True,0.04222272613963157,0.08896888931250156,-0.691020618590264,no_trade
2017-08-07,0.1536,0.2384,0.2963,0.18510000000000001,0.0993,0.16941062880527996,0.38072824719559395,0.18261408935001588,-0.015810628805279975,-0.22712824719559396,46,True,0.04227828889060692,0.08892592392666186,-0.6532281603707984,no_trade
2017-08-08,0.1932,0.2579,0.306,0.1867,0.1096,0.17092420681917772,0.3623054002349189,0.18360332573805901,0.02227579318082229,-0.1691054002349189,46,True,0.04254677221779331,0.0886464558369458,-0.2286721882514624,no_trade
2017-08-09,0.2122,0.273,0.3201,0.1743,0.11109999999999999,0.16710898327474039,0.3622795434586789,0.1791284551441986,0.045091016725259614,-0.1500795434586789,46,True,0.04295935892145914,0.08830719791345369,0.02413911724262414,no_trade
2017-08-10,0.35590000000000005,0.35119999999999996,0.3753,0.16620000000000001,0.1604,0.1867990275043312,0.3739143469683491,0.20279414761569856,0.16910097249566886,-0.018014346968349026,46,True,0.043419494905482234,0.08801335611888385,1.4279818783460845,short_correlation
2017-08-11,0.34590000000000004,0.35409999999999997,0.38170000000000004,0.162,0.1551,0.14361492811839552,0.35496097697637163,0.1497804997459867,0.20228507188160452,-0.009060976976371593,46,True,0.044136371474540456,0.08829907833387969,1.7910572045731492,short_correlation
2017-08-14,0.24230000000000002,0.27940000000000004,0.3318,0.16670000000000001,0.1233,0.15995487237839784,0.3285710134783485,0.16952425315875574,0.08234512762160218,-0.08627101347834848,46,True,0.045087248302361285,0.08870749569981694,0.42000824197901215,no_trade
2017-08-15,0.23920000000000002,0.2677,0.3179,0.17170000000000002,0.1204,0.1553754987863329,0.327169202044738,0.16466227249074156,0.08382450121366714,-0.08796920204473796,46,True,0.045577383302053194,0.0885701256677734,0.4318286512890238,no_trade
2017-08-16,0.2529,0.2703,0.3215,0.1718,0.1174,0.1535983293009679,0.32050102582377876,0.16233509947222563,0.09930167069903212,-0.06760102582377875,46,True,0.0461740673297438,0.08831793120460647,0.6015494548463483,no_trade
2017-08-17,0.38130000000000003,0.342,0.3661,0.16879999999999998,0.1555,0.1855839916221959,0.2058355562135827,0.18999499681365592,0.19571600837780412,0.17546444378641732,46,True,0.04666078198808759,0.08827121125678038,1.6886052005802417,short_correlation
2017-08-18,0.39189999999999997,0.3603,0.3851,0.1765,0.1426,0.18454948785677214,0.19463014701528814,0.18834637736772772,0.20735051214322783,0.19726985298471184,46,True,0.04755993392718631,0.08863161034229892,1.8028621797451694,short_correlation
2017-08-21,0.3722,0.34259999999999996,0.3768,0.1718,0.1319,0.1822365586179374,0.1858980322785963,0.18532082523171486,0.1899634413820626,0.18630196772140367,46,True,0.0485489267533094,0.08901931316579459,1.5885824053188864,short_correlation
2017-08-22,0.2808,0.2827,0.3335,0.1752,0.11349999999999999,0.19187854836991108,0.1674920874785897,0.19645663806040403,0.08892145163008891,0.11330791252141029,46,True,0.0494184508717941,0.08932690638855373,0.442229585187523,no_trade
2017-08-23,0.3055,0.3004,0.3446,0.1743,0.1225,0.1931676341927603,0.15657340128859676,0.19701859207056135,0.11233236580723968,0.14892659871140324,46,True,0.049716453084046625,0.08933295422362322,0.7009273707264781,no_trade
2017-08-24,0.3206,0.32049999999999995,0.3605,0.17420000000000002,0.1223,0.19483344598963412,0.15874302592829642,0.19747160891066365,0.12576655401036588,0.16185697407170357,46,True,0.05007275182366569,0.08940317900333913,0.8466567188161518,short_correlation
2017-08-25,0.2779,0.307,0.35590000000000005,0.1728,0.1128,0.1922807368193067,0.1579255855276342,0.1966922543994108,0.08561926318069327,0.11997441447236579,46,True,0.050216422735594964,0.0894959328791834,0.3955804393132701,no_trade
2017-08-28,0.2786,0.3057,0.3566,0.1769,0.11320000000000001,0.19363425254993455,0.14846933098414786,0.1973797312141135,0.08496574745006547,0.13013066901585216,46,True,0.05018490725541464,0.08948200572939186,0.3886908871917081,no_trade
2017-08-29,0.293,0.3072,0.35700000000000004,0.1751,0.11699999999999999,0.19420127609911375,0.15063820250106724,0.1976075037428036,0.09879872390088623,0.14236179749893274,46,True,0.050158802636360224,0.08947085078159711,0.5436398652702937,no_trade
2017-08-30,0.2563,0.2954,0.35359999999999997,0.18170000000000003,0.11220000000000001,0.19400862873673735,0.14960964876185817,0.20042687882317872,0.06229137126326262,0.1066903512381418,46,True,0.05040570071719508,0.08951906528844532,0.1327725050275037,no_trade
2017-08-31,0.21719999999999998,0.2803,0.3444,0.18469999999999998,0.1059,0.19651400078615852,0.1451309287307228,0.20291354540945128,0.020685999213841455,0.07206907126927717,46,True,0.05051888875769949,0.08951597717692923,-0.33326888098303425,no_trade
2017-09-01,0.18230000000000002,0.26039999999999996,0.3326,0.18289999999999998,0.1013,0.19871926509524665,0.14524513786293497,0.20611076149213453,-0.016419265095246632,0.03705486213706505,46,True,0.05038733627654092,0.08953543849736557,-0.7461470284054422,no_trade
2017-09-05,0.2758,0.3123,0.3642,0.1887,0.1223,0.21882931526048854,0.12535769909545538,0.22079857874515138,0.056970684739511446,0.1504423009045446,46,True,0.05011085994121599,0.08963407083070928,0.07653144317467765,no_trade
2017-09-06,0.2273,0.2968,0.3615,0.1728,0.11630000000000001,0.21988150791051267,0.12741578056462247,0.22079370196772222,0.007418492089487333,0.09988421943537754,46,True,0.050323202095931566,0.0895864861826205,-0.47891944236973116,no_trade
2017-09-07,0.2073,0.2923,0.35590000000000005,0.1777,0.1155,0.21569740532009637,0.13747839405403306,0.21414068218522245,-0.008397405320096363,0.06982160594596695,46,True,0.05035135994773044,0.089571821893697,-0.6558844514466758,no_trade
2017-09-08,0.2231,0.2979,0.3618,0.17600000000000002,0.12119999999999999,0.21688815257255212,0.12050637025228823,0.21468431770364838,0.006211847427447875,0.10259362974771176,46,True,0.0503866743055436,0.08954679570999144,-0.4933155511355365,no_trade
2017-09-11,0.1653,0.26899999999999996,0.34380000000000005,0.18460000000000001,0.1073,0.23565596435530167,0.0514734721323974,0.23145028034215012,-0.07035596435530167,0.11382652786760261,46,True,0.05040319408929412,0.08953822630777124,-1.348688302463222,long_correlation
2017-09-12,0.15539999999999998,0.2511,0.3307,0.1816,0.1058,0.23554704806598115,0.0507845556572135,0.23546828379671675,-0.08014704806598116,0.10461544434278648,46,True,0.049466306743211695,0.08956178549260002,-1.44719485097695,long_correlation
2017-09-13,0.1624,0.24420000000000003,0.3197,0.16699999999999998,0.105,0.22944967367535044,0.052651338903575304,0.22666166177502553,-0.06704967367535045,0.10974866109642469,46,True,0.04893892997725522,0.08993287464460223,-1.289724187189287,long_correlation
2017-09-14,0.1577,0.24719999999999998,0.32020000000000004,0.17059999999999997,0.10439999999999999,0.226815819747061,0.05340207683841719,0.2260820016641491,-0.06911581974706099,0.10429792316158282,46,True,0.04808720007235395,0.09001123558791803,-1.3020932226281625,long_correlation
2017-09-15,0.14279999999999998,0.2389,0.3128,0.1795,0.1017,0.2298646019358494,0.05349635032821301,0.2315928543423142,-0.08706460193584942,0.08930364967178697,46,True,0.047262586335190884,0.09012971067536285,-1.4903763394389649,long_correlation
2017-09-18,0.1477,0.23199999999999998,0.3062,0.1754,0.1015,0.23061555381919582,0.055614830652249043,0.23192951057143765,-0.08291555381919583,0.09208516934775096,46,True,0.046684769573503045,0.09052298053404811,-1.4316842267909275,long_correlation
2017-09-19,0.1559,0.2293,0.3118,0.174,0.1018,0.23087518634456655,0.05181006322652855,0.2335325964498259,-0.07497518634456654,0.10408993677347146,46,True,0.04614713388366357,0.0908894888261923,-1.3326328686901514,long_correlation
2017-09-20,0.1409,0.21539999999999998,0.29710000000000003,0.1804,0.0978,0.22697891901659276,0.05164119505330936,0.23016581472506156,-0.08607891901659276,0.08925880494669064,46,True,0.045624619686803994,0.09120652498287128,-1.4440144356791453,long_correlation
2017-09-21,0.1477,0.2309,0.3129,0.1777,0.0967,0.22063011668759727,0.04959252321273354,0.22422656603739927,-0.07293011668759727,0.09810747678726646,46,True,0.044711492604792076,0.09136914404674089,-1.287541987174669,long_correlation
2017-09-22,0.12560000000000002,0.2329,0.3181,0.1797,0.0959,0.21294230845646495,0.05332103928604113,0.21489014804416529,-0.08734230845646493,0.0722789607139589,46,True,0.04426919256953691,0.09166847581373351,-1.4357334935232355,long_correlation
2017-09-25,0.1193,0.2375,0.3185,0.2014,0.10210000000000001,0.1988254083698526,0.03157504826015918,0.20557206011915957,-0.0795254083698526,0.08772495173984082,46,True,0.04404396608153008,0.09192249664751269,-1.3442778314129518,long_correlation
2017-09-26,0.1167,0.2351,0.31739999999999996,0.2006,0.1017,0.20151474056897478,0.041789937228228526,0.21024265256164812,-0.08481474056897478,0.07491006277177148,46,True,0.043795734604557754,0.09217204422379373,-1.3953306152271754,long_correlation
2017-09-27,0.11019999999999999,0.23329999999999998,0.3104,0.2006,0.0987,0.20090925955760536,0.04447793972459069,0.21159661990326462,-0.09070925955760537,0.0657220602754093,46,True,0.04338221355044952,0.09251508259851271,-1.449401214826463,long_correlation
2017-09-28,0.0955,0.2228,0.3085,0.2045,0.0955,0.20454537034921194,0.039681464505633715,0.21366569297438356,-0.10904537034921194,0.055818535494366286,46,True,0.0432679979882609,0.09266325930659364,-1.643729882558045,long_correlation
2017-09-29,0.0892,0.2231,0.3074,0.19940000000000002,0.0951,0.19494345160877125,0.06434699037618967,0.20813035146777867,-0.10574345160877124,0.024853009623810332,46,True,0.04326376903050298,0.09267021349229233,-1.6079300459544925,long_correlation
2017-10-02,0.0823,0.2072,0.2917,0.2108,0.09449999999999999,0.19094454976203476,0.06445617861262423,0.2030779607347241,-0.10864454976203476,0.017843821387375766,46,True,0.043065115707859536,0.09293644031153968,-1.6324023704946755,long_correlation
2017-10-03,0.08410000000000001,0.2046,0.28309999999999996,0.2127,0.0951,0.19312090734282383,0.062389880655465885,0.20557302384503268,-0.10902090734282383,0.021710119344534123,46,True,0.04306993318103244,0.09292851287253381,-1.6366434350722148,long_correlation
2017-10-04,0.0765,0.2023,0.2826,0.2141,0.09630000000000001,0.19165048650286579,0.062052944086913725,0.2049964423281548,-0.11515048650286579,0.014447055913086274,46,True,0.04290974719727689,0.09315637682187242,-1.6967194205328013,long_correlation
2017-10-05,0.0673,0.19,0.271,0.21710000000000002,0.0919,0.18625422268618128,0.05720450015018265,0.1987236311650239,-0.11895422268618128,0.01009549984981735,46,True,0.04268170695752524,0.09347340221788435,-1.7292184280073264,long_correlation
2017-10-06,0.0678,0.1966,0.2792,0.2159,0.0965,0.1866842892034388,0.05468972636238025,0.1980152028039722,-0.1188842892034388,0.013110273637619747,46,True,0.04254166944798618,0.09368962719147386,-1.7229864552830176,long_correlation
2017-10-09,0.0889,0.20879999999999999,0.29059999999999997,0.22089999999999999,0.1033,0.183035940141925,0.052552869436503155,0.19351242657941256,-0.094135940141925,0.03634713056349685,46,True,0.042406859600284376,0.09389796056676158,-1.4541615059373654,long_correlation
2017-10-10,0.08310000000000001,0.19269999999999998,0.278,0.22579999999999997,0.1008,0.18163794343723697,0.05074616529839276,0.19275979157749382,-0.09853794343723696,0.03235383470160725,46,True,0.042457200039579236,0.0938210066181798,-1.5028099629182128,long_correlation
2017-10-11,0.07440000000000001,0.18420000000000003,0.2741,0.22719999999999999,0.09849999999999999,0.18287363955232966,0.06725053719397767,0.19494520326752143,-0.10847363955232965,0.007149462806022341,46,True,0.04228822927290272,0.09403705130947641,-1.6032177394532958,long_correlation
2017-10-12,0.0793,0.1886,0.2797,0.2271,0.09910000000000001,0.1831623285297598,0.06558598369052629,0.19422164597041658,-0.10386232852975981,0.013714016309473706,46,True,0.04184655596229445,0.0944834477572196,-1.5421630767164767,long_correlation
2017-10-13,0.0689,0.1821,0.2767,0.2248,0.09609999999999999,0.18355028347823119,0.06585811533115093,0.19537348714833766,-0.11465028347823118,0.003041884668849068,46,True,0.04144971074591258,0.09488533956763684,-1.6451434429748915,long_correlation
2017-10-16,0.0698,0.17489999999999997,0.2698,0.22940000000000002,0.09910000000000001,0.18334132937436629,0.06572593881578961,0.19555600696235134,-0.11354132937436628,0.004074061184210387,46,True,0.040898412440905016,0.09538777757885317,-1.6190726499273171,long_correlation
2017-10-17,0.0795,0.1764,0.2696,0.2281,0.10310000000000001,0.17911823615378178,0.09208419566482724,0.19218015344684256,-0.09961823615378178,-0.012584195664827241,46,True,0.04045409358985422,0.0958460734988007,-1.4614300266081184,long_correlation
2017-10-18,0.0816,0.17859999999999998,0.2698,0.22579999999999997,0.1007,0.17703325834438183,0.11397635101592167,0.19048595550042555,-0.09543325834438182,-0.032376351015921664,46,True,0.039889991614151875,0.09625124115460308,-1.405937713999671,long_correlation
2017-10-19,0.0832,0.1812,0.273,0.2262,0.1005,0.17336410940670008,0.13431367103458733,0.18530274474800842,-0.09016410940670008,-0.05111367103458733,46,True,0.03956282141524306,0.09657128233975362,-1.3433282408484803,long_correlation
2017-10-20,0.08,0.1765,0.265,0.2299,0.09970000000000001,0.183806783577372,0.12819297781515443,0.19675039372141695,-0.10380678357737201,-0.04819297781515443,46,True,0.039417584789603416,0.09673927300882212,-1.4805193786593178,long_correlation
2017-10-23,0.10619999999999999,0.1875,0.27140000000000003,0.2213,0.1107,0.18603504063898998,0.14923361521810843,0.19767432505915433,-0.07983504063899,-0.043033615218108445,46,True,0.0393373247513305,0.09685005259449063,-1.2304832284324405,long_correlation
2017-10-24,0.1137,0.18789999999999998,0.26530000000000004,0.22010000000000002,0.1116,0.18535651017410706,0.16055460023238569,0.1972753923457681,-0.07165651017410707,-0.04685460023238569,46,True,0.03931740315941944,0.09687414001205846,-1.1455473392559972,long_correlation
2017-10-25,0.14429999999999998,0.2101,0.2802,0.2229,0.11230000000000001,0.1821904245711078,0.1630493610788552,0.18971132651470884,-0.037890424571107806,-0.01874936107885522,46,True,0.039346689280493716,0.0968393270268348,-0.7975800351255913,no_trade
2017-10-26,0.1292,0.2029,0.272,0.22039999999999998,0.113,0.18398702411427026,0.16396002859550113,0.19128870251490895,-0.05478702411427025,-0.03476002859550112,46,True,0.03929446462184558,0.09687756179104977,-0.9711380736339685,long_correlation
2017-10-27,0.1054,0.1797,0.25170000000000003,0.214,0.098,0.16360996062506403,0.20042347884159348,0.17690891408085124,-0.05820996062506403,-0.09502347884159348,46,True,0.03898326364380921,0.09705386188080357,-1.0014359283120629,long_correlation
2017-10-30,0.1127,0.1741,0.24609999999999999,0.22260000000000002,0.105,0.1679381137793798,0.16070198835391822,0.17661541146033582,-0.055238113779379816,-0.048001988353918223,46,True,0.038472035712291776,0.09722570549728371,-0.9638412908640674,long_correlation
2017-10-31,0.11109999999999999,0.1689,0.2382,0.22399999999999998,0.1018,0.16789291596270958,0.18110375452335864,0.1766002274246673,-0.05679291596270959,-0.07000375452335865,46,True,0.03763995526906728,0.09712643033934423,-0.9722674961062968,long_correlation
2017-11-01,0.1143,0.1791,0.2366,0.2261,0.102,0.1658840431983723,0.18397627898329363,0.17552290182443656,-0.0515840431983723,-0.06967627898329364,46,True,0.03657826806340161,0.09668787954880644,-0.9118238156962687,long_correlation
2017-11-02,0.11779999999999999,0.18710000000000002,0.2437,0.2155,0.0993,0.1648696544672138,0.1683760944149694,0.17472642340763864,-0.04706965446721381,-0.05057609441496941,46,True,0.035497137879827244,0.09614073071743225,-0.8588117827990467,no_trade
2017-11-03,0.10890000000000001,0.1858,0.245,0.2115,0.09140000000000001,0.14230865267632806,0.168803927557208,0.1542637663695951,-0.033408652676328046,-0.059903927557207984,46,True,0.03427013682248124,0.09520530138557866,-0.7108720681920032,no_trade
2017-11-06,0.11939999999999999,0.1884,0.2462,0.20920000000000002,0.094,0.14208593722439508,0.16625566713162046,0.15276123056140556,-0.02268593722439509,-0.04685566713162047,46,True,0.03270401254489309,0.09302614650418724,-0.5954234572835391,no_trade
2017-11-07,0.1387,0.1955,0.25239999999999996,0.2066,0.0989,0.12964494643007718,0.1638676409097171,0.1361595297290257,0.00905505356992281,-0.0251676409097171,46,True,0.031066791829990028,0.09030554485436029,-0.24374736120098175,no_trade
2017-11-08,0.1308,0.19210000000000002,0.2536,0.19469999999999998,0.0978,0.12916520861176975,0.16957332864477404,0.1360257922471044,0.00163479138823025,-0.038773328644774036,46,True,0.030277291004947696,0.08961953120748174,-0.31960108729430925,no_trade
2017-11-09,0.14529999999999998,0.20559999999999998,0.2648,0.19469999999999998,0.105,0.13482429692715675,0.15602005562453736,0.14095736545771473,0.010475703072843234,-0.010720055624537372,46,True,0.029588978183396952,0.08916784710084694,-0.21435164952381333,no_trade
2017-11-10,0.16690000000000002,0.2213,0.2805,0.1855,0.11289999999999999,0.09576831052517211,0.15344965390328358,0.11097789860136649,0.07113168947482791,0.013450346096716442,46,True,0.029440313301187914,0.08916836126400693,0.4675579497328818,no_trade
2017-11-13,0.18969999999999998,0.2266,0.2876,0.1925,0.115,0.0934504668276794,0.1501890457591368,0.11087808009022158,0.09624953317232059,0.03951095424086318,46,True,0.029697510984011483,0.08919487177598491,0.7461418001189141,no_trade
2017-11-14,0.2097,0.22440000000000002,0.2879,0.19010000000000002,0.1159,0.09339161196776886,0.15741024609488694,0.11072504028672643,0.11630838803223113,0.05228975390511306,46,True,0.030089007863695987,0.08926987636272841,0.965828381101389,short_correlation
2017-11-15,0.2546,0.24960000000000002,0.3114,0.1862,0.1313,0.09157842889495031,0.1524169832256676,0.10205100267689986,0.16302157110504967,0.10218301677433239,46,True,0.030579875387357743,0.08940295961231283,1.4814016928747367,short_correlation
2017-11-16,0.1997,0.2249,0.2922,0.1845,0.1176,0.09624996656491297,0.13933814018378685,0.1123823073001809,0.10345003343508702,0.06036185981621314,46,True,0.03127662553202867,0.08974893378452553,0.8041700871492966,short_correlation
2017-11-17,0.1884,0.2205,0.2902,0.1822,0.1143,0.09910275856523564,0.12936397843932174,0.11355812449967267,0.08929724143476438,0.059036021560678276,46,True,0.0316269425483212,0.08985804001383385,0.6417934207953423,no_trade
2017-11-20,0.1839,0.2141,0.2873,0.1814,0.1065,0.0994866570347173,0.13451536917076928,0.11432121649379119,0.0844133429652827,0.049384630829230725,46,True,0.03188246500178206,0.08993037455845497,0.5841283128355641,no_trade
2017-11-21,0.1578,0.1895,0.2647,0.1795,0.0973,0.10498949666749406,0.12075719304173986,0.12063656720414319,0.052810503332505934,0.037042806958260135,46,True,0.03214741500048699,0.08998660068229329,0.2296240570856993,no_trade
2017-11-22,0.16219999999999998,0.1867,0.2662,0.1779,0.09880000000000001,0.10695701500149668,0.1192840512039111,0.12113130295127551,0.0552429849985033,0.042915948796088885,46,True,0.032241924951173,0.08999578193215399,0.25557931220232455,no_trade
2017-11-24,0.1593,0.18420000000000003,0.2637,0.1809,0.0967,0.10756461874512713,0.11987551400932957,0.12105494198394559,0.05173538125487287,0.03942448599067043,46,True,0.03236758910144213,0.09000574122047966,0.2151839637205704,no_trade
2017-11-27,0.1704,0.1884,0.26899999999999996,0.18710000000000002,0.0987,0.10567294750644468,0.12066612471742999,0.11771489694851499,0.06472705249355531,0.049733875282570006,46,True,0.03243002291538252,0.09001372884036749,0.35880115171596905,no_trade
2017-11-28,0.19390000000000002,0.1759,0.2596,0.19039999999999999,0.1003,0.11086667180255784,0.10678488738219852,0.12069591916706521,0.08303332819744218,0.0871151126178015,46,True,0.03265429727309828,0.09002354993864108,0.5596205766011406,no_trade
2017-11-29,0.17059999999999997,0.17329999999999998,0.2611,0.21530000000000002,0.107,0.09848313904266422,0.137710733979722,0.11270129533859596,0.07211686095733576,0.032889266020277974,46,True,0.03284846053523331,0.09007943749182226,0.43593079081635444,no_trade
2017-11-30,0.20739999999999997,0.18420000000000003,0.26239999999999997,0.2057,0.1128,0.10672023798903106,0.13258310155311082,0.12215694324970763,0.10067976201096891,0.07481689844688916,46,True,0.03297152081772764,0.09011193966662966,0.7513792450115804,short_correlation
2017-12-01,0.1966,0.1902,0.26530000000000004,0.21030000000000001,0.1143,0.10944854927601991,0.1343695858830239,0.12521055511247775,0.08715145072398009,0.06223041411697611,46,True,0.033160553486862386,0.09020413093967863,0.5985412937820168,no_trade
2017-12-04,0.1607,0.1808,0.2529,0.23620000000000002,0.1168,0.10146090407948344,0.1652356955133751,0.11967843497264023,0.05923909592051657,-0.004535695513375099,46,True,0.03327051073024496,0.09025317066884252,0.28773044756018273,no_trade
2017-12-05,0.1672,0.1858,0.2626,0.21989999999999998,0.1133,0.08647458678656508,0.1750152732424615,0.10142471835852927,0.0807254132134349,-0.007815273242461507,46,True,0.03328603852572018,0.09025731690055022,0.5256014284136727,no_trade
2017-12-06,0.1739,0.1929,0.26899999999999996,0.1924,0.11019999999999999,0.08669002457707359,0.18112958352925757,0.10075346603950809,0.08720997542292641,-0.007229583529257566,46,True,0.03347036160312822,0.0903067624926537,0.595078511691412,no_trade
2017-12-07,0.1566,0.18489999999999998,0.2638,0.1855,0.1016,0.08626396100138187,0.1805058901694489,0.10132771546860607,0.07033603899861812,-0.023905890169448912,46,True,0.03363518209573926,0.09036700935420805,0.40613114415487556,no_trade
2017-12-08,0.1402,0.1727,0.2526,0.1841,0.0958,0.08824106286112762,0.18678561021799878,0.1031718404824035,0.05195893713887237,-0.046585610217998785,46,True,0.03365970359066729,0.09037616242371026,0.2024785414367656,no_trade
2017-12-11,0.1379,0.1641,0.24530000000000002,0.1885,0.0934,0.08981117862637235,0.19283867771762514,0.10487744296659489,0.048088821373627647,-0.054938677717625145,46,True,0.03359198372676345,0.09035594912066902,0.16044142956767452,no_trade
2017-12-12,0.14300000000000002,0.1618,0.242,0.19329999999999997,0.0992,0.08996678476175524,0.19989535666409083,0.1044069158468114,0.05303321523824478,-0.05689535666409082,46,True,0.03367020765860424,0.09035994857270326,0.21428750110521744,no_trade
2017-12-13,0.1675,0.1791,0.25739999999999996,0.1779,0.1018,0.08958552047266313,0.1988808535216548,0.10372594956479189,0.07791447952733688,-0.03138085352165479,46,True,0.03363830456131484,0.09035165395695462,0.4900427720683023,no_trade
2017-12-14,0.1577,0.1821,0.2611,0.1787,0.10490000000000001,0.09309477923484538,0.21182703653012896,0.10580850899105887,0.06460522076515463,-0.05412703653012896,46,True,0.03361696878091149,0.09034051629069417,0.3430161045851271,no_trade
2017-12-15,0.14150000000000001,0.17579999999999998,0.25780000000000003,0.1771,0.0942,0.09982187722076657,0.19258701639460254,0.11574412868622136,0.04167812277923344,-0.05108701639460253,46,True,0.033549400909477424,0.09031082397537364,0.09000827931735615,no_trade
2017-12-18,0.146,0.175,0.25429999999999997,0.1837,0.0953,0.09990024496432763,0.19265306881074387,0.11847200935819702,0.04609975503567236,-0.04665306881074388,46,True,0.0334456440930425,0.09028630499237757,0.14015537510033427,no_trade
2017-12-19,0.168,0.1808,0.2561,0.1843,0.1003,0.09877008674887242,0.18788563579929016,0.1154329321506506,0.0692299132511276,-0.019885635799290147,46,True,0.03340521465345843,0.09027831638542627,0.3968250631161791,no_trade
2017-12-20,0.1582,0.1797,0.25429999999999997,0.1848,0.09720000000000001,0.09992022441625989,0.17326787812994848,0.11552553025627633,0.05827977558374012,-0.015067878129948475,46,True,0.03347503179671537,0.09029927214753315,0.27469483637141784,no_trade
2017-12-21,0.15689999999999998,0.1865,0.2623,0.1843,0.0962,0.10058213643549278,0.17718058984513077,0.11447926342704931,0.0563178635645072,-0.020280589845130786,46,True,0.033446373017455656,0.09029021273335495,0.2533108501427018,no_trade
2017-12-22,0.1559,0.19149999999999998,0.2688,0.1815,0.099,0.10284675156912196,0.16259964447998346,0.11474477321174856,0.05305324843087805,-0.0066996444799834465,46,True,0.033396109107869096,0.0902738743657319,0.2177500352247077,no_trade
2017-12-26,0.1534,0.19829999999999998,0.2768,0.19949999999999998,0.1025,0.10375848089053738,0.1852775999082286,0.1144307519027771,0.04964151910946263,-0.03187759990822858,46,True,0.033385692292217765,0.09027144437416479,0.18007717645312424,no_trade
2017-12-27,0.1551,0.2024,0.2802,0.198,0.1047,0.10407121682359703,0.22322913547075413,0.1141787575007086,0.051028783176402956,-0.06812913547075414,46,True,0.033412187684985446,0.0902752468579427,0.19514314393555762,no_trade
2017-12-28,0.12990000000000002,0.2011,0.28,0.1979,0.1018,0.10444301458111467,0.27403505419002994,0.1141955049884231,0.025456985418885344,-0.14413505419002992,46,True,0.033530471905446196,0.09027873760851152,-0.08942843797363512,no_trade
2017-12-29,0.1264,0.20989999999999998,0.289,0.2018,0.1104,0.1099847566465043,0.24170079072117126,0.11806745677177544,0.016415243353495715,-0.11530079072117125,46,True,0.03348731555835669,0.09027999226037756,-0.18910139198531628,no_trade
2018-01-02,0.0843,0.19149999999999998,0.2693,0.21780000000000002,0.0977,0.11345294275985777,0.23215697619799391,0.12549195111038453,-0.029152942759857775,-0.14785697619799393,46,True,0.03334736715714313,0.09027900958388721,-0.6923016790400834,no_trade
2018-01-03,0.0681,0.17800000000000002,0.2498,0.222,0.0915,0.11419743083350009,0.3477796444196533,0.1301143604444631,-0.0460974308335001,-0.2796796444196533,46,True,0.033059053459819424,0.09036242685448957,-0.8759889154015865,no_trade
2018-01-04,0.07440000000000001,0.1827,0.25370000000000004,0.22260000000000002,0.0922,0.11583388319994968,0.5490757238613478,0.13348777642377999,-0.04143388319994967,-0.4746757238613478,46,True,0.03287122001555171,0.09047796069625633,-0.8212508620187753,no_trade
2018-01-05,0.0785,0.1881,0.2572,0.22210000000000002,0.0922,0.11837556363903426,0.544448078738734,0.1365407568516303,-0.03987556363903426,-0.465948078738734,46,True,0.03283807195296863,0.0905037459765574,-0.8034323309759734,no_trade
2018-01-08,0.0786,0.1804,0.2511,0.2309,0.09519999999999999,0.11771261138495152,0.5410346424158559,0.13531875383630212,-0.03911261138495152,-0.46243464241585586,46,True,0.032818737531674864,0.09051881592739655,-0.7946563173597099,no_trade
2018-01-09,0.09720000000000001,0.18719999999999998,0.2522,0.2291,0.1008,0.11742520198604595,0.5988480498468328,0.13498581274684252,-0.020225201986045938,-0.5016480498468328,46,True,0.032774448995225657,0.09055139236603844,-0.5852991278922538,no_trade
2018-01-10,0.095,0.18510000000000001,0.2509,0.2279,0.09820000000000001,0.1182331190786774,0.6004616342343283,0.13490382075972754,-0.023233119078677394,-0.5054616342343283,46,True,0.03279753648933762,0.09053707669602827,-0.6188697229106912,no_trade
2018-01-11,0.09369999999999999,0.1787,0.243,0.23070000000000002,0.09880000000000001,0.1206941605619169,0.608335215972244,0.13851666688441341,-0.026994160561916905,-0.514635215972244,46,True,0.0327945703194799,0.09053890732175081,-0.6603650590670795,no_trade
2018-01-12,0.0978,0.1857,0.2418,0.2359,0.1016,0.12498075161086626,0.6093174758975978,0.14286088253487317,-0.027180751610866263,-0.5115174758975978,46,True,0.03279650992564054,0.09053761608415706,-0.6624568232584828,no_trade
2018-01-16,0.1266,0.20629999999999998,0.259,0.2489,0.1166,0.12737182421042179,0.6152940995257576,0.14416714008469184,-0.0007718242104217954,-0.48869409952575765,46,True,0.03278472636079829,0.0905452581857753,-0.37060527788623426,no_trade
2018-01-17,0.1255,0.2029,0.2552,0.2495,0.1191,0.1397966755472135,0.6165231452724828,0.15942289069637333,-0.014296675547213505,-0.49102314527248275,46,True,0.032915417733018024,0.09047264346907381,-0.5218383311234849,no_trade
2018-01-18,0.1317,0.21230000000000002,0.2642,0.2457,0.1222,0.13964955276132518,0.613574995892828,0.15700433982087086,-0.007949552761325168,-0.481874995892828,46,True,0.03292587985902069,0.09046700835144358,-0.45182695178284416,no_trade
2018-01-19,0.1164,0.20190000000000002,0.25739999999999996,0.2413,0.1127,0.13888587536121946,0.6056734208598933,0.15741831074252155,-0.02248587536121946,-0.4892734208598933,46,True,0.03292329238059202,0.09046817269520396,-0.6124713928785799,no_trade
2018-01-22,0.1195,0.20350000000000001,0.2579,0.2391,0.1103,0.14345784093264746,0.6016288550782871,0.16362817563502824,-0.023957840932647467,-0.4821288550782871,46,True,0.03278814676260263,0.09052561661552547,-0.6268500543471356,no_trade
2018-01-23,0.11779999999999999,0.1968,0.25079999999999997,0.24530000000000002,0.111,0.13946872239095934,0.6060031645993244,0.16327042136823816,-0.02166872239095935,-0.48820316459932434,46,True,0.03275544829033761,0.09054469327324471,-0.6010752117416349,no_trade
2018-01-24,0.132,0.2004,0.2509,0.2552,0.11470000000000001,0.1380507958790475,0.6306765191410045,0.1606082975644076,-0.006050795879047499,-0.4986765191410045,46,True,0.03263240999673574,0.09059769351933891,-0.4269778222061023,no_trade
2018-01-25,0.1247,0.19899999999999998,0.25129999999999997,0.2597,0.1158,0.14604047904705203,0.6410668387877155,0.16708835057840565,-0.021340479047052024,-0.5163668387877155,46,True,0.03263877975725821,0.09059490601606232,-0.5958310591407844,no_trade
2018-01-26,0.1183,0.19399999999999998,0.2427,0.2634,0.1108,0.15247178424766797,0.6452694888648539,0.18781990045677513,-0.034171784247667966,-0.526969488864854,46,True,0.032606893001249866,0.09061255371874456,-0.7369693768503036,no_trade
2018-01-29,0.1439,0.20149999999999998,0.24670000000000003,0.28850000000000003,0.1384,0.16379384225875893,0.6486461025785523,0.1901283257761005,-0.019893842258758926,-0.5047461025785522,46,True,0.03256715586611769,0.09063973815897244,-0.5787858525458847,no_trade
2018-01-30,0.1722,0.22210000000000002,0.2657,0.2764,0.1479,0.18339928203755668,0.6432749359077962,0.20406205103604164,-0.011199282037556685,-0.47107493590779614,46,True,0.03249802062577377,0.09067320863083578,-0.4819207715615134,no_trade
2018-01-31,0.1648,0.21899999999999997,0.26280000000000003,0.2727,0.1354,0.17992324398600476,0.6520580051326037,0.20079276982442465,-0.015123243986004758,-0.4872580051326037,46,True,0.03233296831380532,0.09071490043741948,-0.5231358031699345,no_trade
2018-02-01,0.19870000000000002,0.2379,0.2695,0.24789999999999998,0.13470000000000001,0.1768448822053757,0.6736712363770863,0.19453663414498376,0.021855117794624318,-0.47497123637708627,46,True,0.03206519081909982,0.09075514443874802,-0.11250131425184864,no_trade
2018-02-02,0.32299999999999995,0.30870000000000003,0.3197,0.2191,0.17309999999999998,0.2302217984440621,0.6654321189252779,0.2363021310738579,0.09277820155593786,-0.3424321189252779,46,True,0.03194055828882547,0.09074748383468512,0.6704058415320964,no_trade
2018-02-05,0.8294,0.5278,0.47159999999999996,0.0754,0.3732,0.37427637966805555,0.5634918086961455,0.3649430374677972,0.4551236203319445,0.26590819130385457,46,True,0.032002012190084736,0.09078355441365848,4.660773758800973,short_correlation
2018-02-06,0.5770000000000001,0.3948,0.3911,0.0962,0.2998,0.38014043938157477,0.5685387524822828,0.37352397685555105,0.1968595606184253,0.008461247517717263,46,True,0.03342603096677383,0.09453272553611942,1.7288566337718272,short_correlation
2018-02-07,0.39520000000000005,0.348,0.3715,0.1405,0.2773,0.37742030109609687,0.5848369441318794,0.36989159280534767,0.017779698903903185,-0.18963694413187931,46,True,0.03368449207121615,0.09489092119537267,-0.16761132642569979,no_trade
2018-02-08,0.6861,0.5333,0.5083,,0.3346,0.4421989229057842,0.45734891794100385,0.43333788259972134,0.24390107709421582,0.2287510820589962,46,True,0.03315797792479485,0.09460806775484917,2.2275383502758332,short_correlation
2018-02-09,0.43310000000000004,0.4293,0.4269,0.20920000000000002,0.29059999999999997,0.44515250992684186,0.45263756185119963,0.4374789026390684,-0.012052509926841815,-0.019537561851199592,46,True,0.03354432092171411,0.09526940758959646,-0.47860936687020145,no_trade
2018-02-12,0.4202,0.40159999999999996,0.41159999999999997,0.17670000000000002,0.2561,0.45204014050680036,0.4440511226648158,0.443519260182058,-0.03184014050680034,-0.02385112266481576,46,True,0.0328832460857427,0.09500410250802753,-0.6812693860991332,no_trade
2018-02-13,0.42729999999999996,0.3956,0.3972,0.17059999999999997,0.24969999999999998,0.4500060675418224,0.44417714465954977,0.4419719627958457,-0.022706067541822417,-0.016877144659549814,46,True,0.03227178288455714,0.09492247593837087,-0.5791868562517727,no_trade
2018-02-14,0.3643,0.3446,0.3641,0.2073,0.19260000000000002,0.4523289046957631,0.4438822870003611,0.44690832113507245,-0.08802890469576308,-0.07958228700036107,46,True,0.03163536012167332,0.09475047071587563,-1.2629411116728775,long_correlation
2018-02-15,0.3703,0.3481,0.3611,0.1989,0.1913,0.4563441099569597,0.4524836896274833,0.451506797677883,-0.08604410995695966,-0.08218368962748329,46,True,0.030860077840206876,0.094927674612338,-1.2315079693521975,long_correlation
2018-02-16,0.35479999999999995,0.3407,0.36210000000000003,0.1889,0.1946,0.4538588089095972,0.4540101267486124,0.4489431369700075,-0.09905880890959723,-0.09921012674861246,46,True,0.029916686255071122,0.09490337757263297,-1.359019019802101,long_correlation
2018-02-20,0.391,0.3527,0.3696,0.1834,0.20600000000000002,0.4464530379929109,0.4589778764322713,0.4376326977847019,-0.0554530379929109,-0.06797787643227127,46,True,0.028904114896025884,0.09491285956171448,-0.8887852845070574,no_trade
2018-02-21,0.4043,0.354,0.3743,0.1834,0.2002,0.4462544277245517,0.512127307781834,0.4371018502657078,-0.04195442772455171,-0.10782730778183403,46,True,0.02818075667595054,0.09485815237690452,-0.739369075225403,no_trade
2018-02-22,0.3835,0.34509999999999996,0.3638,0.1844,0.18719999999999998,0.44414920455591794,0.5444646802183227,0.435589347936327,-0.060649204555917935,-0.16096468021832272,46,True,0.02741315861557278,0.09463881913347014,-0.9305099532919512,long_correlation
2018-02-23,0.30820000000000003,0.2987,0.3284,0.1832,0.1649,0.4523815064068948,0.5605581054567156,0.44425722917037375,-0.14418150640689475,-0.25235810545671555,46,True,0.02655562218419611,0.09445290713171857,-1.8076429172581288,long_correlation
2018-02-26,0.3259,0.2915,0.3157,0.1898,0.158,0.4588510642860781,0.5330927639267757,0.45180557297472596,-0.13295106428607806,-0.2071927639267757,46,True,0.025320979025600546,0.09464372533066517,-1.672293041706775,long_correlation
2018-02-27,0.3746,0.33039999999999997,0.353,0.1802,0.1859,0.476612165574849,0.5108403920678776,0.46632328661956035,-0.10201216557484899,-0.13624039206787758,46,True,0.024283686004545956,0.09494095636743365,-1.3302567870773687,long_correlation
2018-02-28,0.368,0.34090000000000004,0.3642,0.182,0.1985,0.4805145493189968,0.5080918603940604,0.468890889600864,-0.11251454931899679,-0.1400918603940604,46,True,0.02320780839070516,0.09482936370823576,-1.4312271263074468,long_correlation
2018-03-01,0.37520000000000003,0.3666,0.39189999999999997,0.1885,0.22469999999999998,0.48106042100484925,0.5405978975685876,0.4709416245524897,-0.10586042100484921,-0.16539789756858753,46,True,0.02194564415124977,0.09450889606625863,-1.3523178290697233,long_correlation
2018-03-02,0.3323,0.336,0.3624,0.2059,0.1959,0.49687535551403395,0.5625948280916032,0.4839279143418668,-0.16457535551403396,-0.23029482809160323,46,True,0.020724850100935922,0.09416297931631752,-1.9678668512866304,long_correlation
2018-03-05,0.3396,0.3272,0.3547,0.2029,0.1873,0.5004173433225181,0.565184464902649,0.48787977476947153,-0.16081734332251807,-0.22558446490264894,46,True,0.019405198757229555,0.09442101859026594,-1.9087121148503174,long_correlation
2018-03-06,0.35009999999999997,0.3297,0.35869999999999996,0.19949999999999998,0.18359999999999999,0.5022892241374729,0.5725045910357512,0.48951748145677415,-0.15218922413747293,-0.22240459103575128,46,True,0.018307176942739863,0.09490224931654062,-1.79654752451159,long_correlation
2018-03-07,0.32170000000000004,0.3186,0.35509999999999997,0.18960000000000002,0.1776,0.5006741540967842,0.6086292023814349,0.48729726170351584,-0.17897415409678413,-0.2869292023814349,46,True,0.017216401916466714,0.09527669723418919,-2.0591662149141925,long_correlation
2018-03-08,0.3189,0.3179,0.3547,0.1841,0.1654,0.49954814660701663,0.6040983674502473,0.4862048261482588,-0.1806481466070166,-0.28519836745024724,46,True,0.015818807942277205,0.09556190382945821,-2.0559129389041146,long_correlation
2018-03-09,0.26899999999999996,0.2837,0.33149999999999996,0.17809999999999998,0.1464,0.5048072587804786,0.6061263548199469,0.4918990470609835,-0.23580725878047865,-0.33712635481994696,46,True,0.014390420585338652,0.09579835784006782,-2.611711567994871,long_correlation
2018-03-12,0.2904,0.2991,0.3429,0.1883,0.1578,0.5061177734407489,0.6114324482227512,0.49251715781887495,-0.21571777344074894,-0.32103244822275123,46,True,0.012647001036607658,0.09633867298212147,-2.370437202510943,long_correlation
2018-03-13,0.2913,0.30760000000000004,0.3458,0.19820000000000002,0.1635,0.5079685345640886,0.6094446124618396,0.4943254136248883,-0.21666853456408863,-0.31814461246183956,46,True,0.011171817835735795,0.09697845431248285,-2.349391460351388,long_correlation
2018-03-14,0.3071,0.3346,0.36950000000000005,0.18359999999999999,0.1723,0.5093920593396073,0.6058638638556912,0.49508660814221667,-0.2022920593396073,-0.29876386385569126,46,True,0.00968692158851758,0.09759143654924281,-2.172106369406339,long_correlation
2018-03-15,0.2804,0.3232,0.368,0.1832,0.1659,0.5059348867467472,0.6122877509765627,0.49104409461426457,-0.22553488674674727,-0.33188775097656276,46,True,0.008076271208776742,0.0977277388425345,-2.390428354552785,long_correlation
2018-03-16,0.2556,0.3148,0.3582,0.1744,0.158,0.5048780428224064,0.6159790176475939,0.4898588709626484,-0.24927804282240645,-0.3603790176475939,46,True,0.006534548327759149,0.09833694202337348,-2.601388510630746,long_correlation
2018-03-19,0.3261,0.35700000000000004,0.38630000000000003,0.1884,0.1902,0.5111350897603206,0.5912400752180615,0.4954147927705409,-0.18503508976032063,-0.26514007521806154,46,True,0.004971722423515237,0.09925988854603474,-1.914235598760667,long_correlation
2018-03-20,0.3347,0.35700000000000004,0.3832,0.1934,0.182,0.5096421082769804,0.5804500494639462,0.49336486066536844,-0.17494210827698042,-0.24575004946394619,46,True,0.0036490590992355504,0.09956297910352571,-1.7937507393236662,long_correlation
2018-03-21,0.3201,0.3419,0.3738,0.2016,0.17859999999999998,0.5098826121881361,0.581900889779539,0.49340887900630354,-0.18978261218813613,-0.261800889779539,46,True,0.0021855968836618344,0.09946646597657492,-1.9299791863220301,long_correlation
2018-03-22,0.4046,0.39740000000000003,0.41369999999999996,0.2007,0.2334,0.5193030843246611,0.5612142843763473,0.50730852825094,-0.11470308432466109,-0.15661428437634733,46,True,0.0006269182139708517,0.09938454851012465,-1.1604419828589638,long_correlation
2018-03-23,0.42700000000000005,0.4334,0.4506,0.2133,0.2487,0.5286188324123209,0.5292588858981616,0.5178174911501405,-0.10161883241232084,-0.10225888589816157,46,True,-0.0006938364570492773,0.0986917311201491,-1.022628692493028,long_correlation
2018-03-26,0.3454,0.37770000000000004,0.4043,0.2299,0.21030000000000001,0.540200214274333,0.48687205305402115,0.5282633189080945,-0.19480021427433297,-0.14147205305402116,46,True,-0.002036800548092639,0.09774506817746828,-1.9721037318860373,long_correlation
2018-03-27,0.3439,0.40880000000000005,0.4349,0.254,0.225,0.535312214956412,0.47734958949058837,0.5293546426915766,-0.19141221495641203,-0.13344958949058838,46,True,-0.003606193537648537,0.09765209568562831,-1.9232154732589455,long_correlation
2018-03-28,0.3273,0.4078,0.4375,0.26940000000000003,0.22870000000000001,0.529002735280311,0.4795430781377209,0.5231563590835084,-0.20170273528031107,-0.15224307813772092,46,True,-0.004932094096713631,0.09792543611976376,-2.0093925437610003,long_correlation
2018-03-29,0.3077,0.3925,0.41960000000000003,0.25170000000000003,0.1997,0.5311655625309518,0.4647738016865292,0.5258597034364872,-0.22346556253095184,-0.15707380168652924,46,True,-0.006075322194792142,0.09853481635374205,-2.2062276906847242,long_correlation
2018-04-02,0.33770000000000006,0.4304,0.4586,0.2768,0.23620000000000002,0.5424496522765988,0.4033380712681263,0.5391485038421208,-0.20474965227659875,-0.06563807126812626,46,True,-0.007315101214695939,0.0992968570939946,-1.988326285846196,long_correlation
2018-04-03,0.3182,0.4102,0.43729999999999997,0.2706,0.21100000000000002,0.5461518409129281,0.3928483739718835,0.5419681279303404,-0.22795184091292814,-0.07464837397188351,46,True,-0.00850382114210192,0.09986089038167041,-2.197537183296597,long_correlation
2018-04-04,0.3017,0.3924,0.42219999999999996,0.26039999999999996,0.2006,0.5479933659564915,0.37731583008640995,0.5434506065209311,-0.24629336595649148,-0.07561583008640993,46,True,-0.00980010642831777,0.10058118551701963,-2.351267369861693,long_correlation
2018-04-05,0.2761,0.37450000000000006,0.4071,0.2584,0.1894,0.549078181086082,0.3933716516691924,0.5441740322222985,-0.27297818108608196,-0.1172716516691924,46,True,-0.011161017312379168,0.10145141306971954,-2.580714805754125,long_correlation
2018-04-06,0.2968,0.40700000000000003,0.4354,0.2703,0.21489999999999998,0.5596300703960784,0.31542922450531646,0.5568437931078826,-0.26283007039607836,-0.018629224505316455,46,True,-0.01255900429880091,0.10262024514081858,-2.43880791508389,long_correlation
2018-04-09,0.33770000000000006,0.4235,0.4471,0.26780000000000004,0.2177,0.5584302349305501,0.31702958119565505,0.5553491740706337,-0.22073023493055005,0.020670418804345003,46,True,-0.013982350338830716,0.10359343373727688,-1.9957624449060378,long_correlation
2018-04-10,0.3154,0.40409999999999996,0.4341,0.2622,0.2047,0.5628692053370151,0.2791844252686703,0.5605098045389605,-0.2474692053370151,0.03621557473132969,46,True,-0.015266689542695838,0.10414312796571099,-2.2296479885909677,long_correlation
2018-04-11,0.3105,0.4031,0.4326,0.2572,0.2024,0.5636052722015542,0.2833276874726263,0.5624963261956198,-0.2531052722015542,0.027172312527373677,46,True,-0.016717165469425144,0.10482213855090604,-2.2551353177871776,long_correlation
2018-04-12,0.2782,0.37939999999999996,0.4119,0.258,0.18489999999999998,0.5664972339362379,0.2758824886378438,0.5651945211153008,-0.28829723393623785,0.0023175113621561882,46,True,-0.018375575216076283,0.10524379893443725,-2.5647274371795734,long_correlation
2018-04-13,0.2463,0.3607,0.3931,0.2601,0.1741,0.5623589525269,0.2766598441002696,0.5621094018937046,-0.3160589525269001,-0.030359844100269623,46,True,-0.020252864484345007,0.10582324039526116,-2.7952847308179907,long_correlation
2018-04-16,0.2182,0.3274,0.36979999999999996,0.2529,0.1656,0.5645717243292282,0.2769606161296528,0.5641003799560587,-0.3463717243292282,-0.058760616129652776,46,True,-0.022306254420511915,0.10652326874144682,-3.0422035836629053,long_correlation
2018-04-17,0.2029,0.3005,0.3458,0.2458,0.1525,0.5675732016313925,0.26590598825499795,0.5670660484350623,-0.3646732016313925,-0.06300598825499795,46,True,-0.024581781198678418,0.10729707856855215,-3.1696242336684826,long_correlation
2018-04-18,0.1938,0.2889,0.33409999999999995,0.2484,0.156,0.5611417502868512,0.27775670899553856,0.5614215521014947,-0.36734175028685123,-0.08395670899553856,46,True,-0.026605732422717035,0.10887741665509056,-3.129538046843465,long_correlation
2018-04-19,0.1962,0.2917,0.33399999999999996,0.2635,0.15960000000000002,0.5554762150888056,0.28853387834333655,0.5489687378079556,-0.3592762150888056,-0.09233387834333653,46,True,-0.028631548526080686,0.11044409392818351,-2.9937740878903605,long_correlation
2018-04-20,0.2175,0.30519999999999997,0.3457,0.2669,0.16879999999999998,0.5593363549420273,0.28568155814358703,0.5533007147274669,-0.34183635494202724,-0.06818155814358703,46,True,-0.03076106412294019,0.1116236966074407,-2.7868212599433937,long_correlation
2018-04-23,0.2297,0.32,0.35259999999999997,0.2581,0.1634,0.559450395549172,0.29175811612359304,0.5544009321157248,-0.32975039554917196,-0.06205811612359305,46,True,-0.032548011508572554,0.1129820157222312,-2.630528249480679,long_correlation
2018-04-24,0.2829,0.34369999999999995,0.36810000000000004,0.2614,0.1802,0.5563345691235496,0.2666343649091566,0.556240229236327,-0.27343456912354963,0.01626563509084339,46,True,-0.03440187478490827,0.11401006264505156,-2.096592956735966,long_correlation
2018-04-25,0.3029,0.35590000000000005,0.3778,0.2515,0.1784,0.5547687708459789,0.2775803248443708,0.5549620295661256,-0.25186877084597886,0.025319675155629218,46,True,-0.0355083053931385,0.11497127570149186,-1.8818653975327935,long_correlation
2018-04-26,0.2752,0.3381,0.36060000000000003,0.23600000000000002,0.1624,0.5526148651973717,0.2498102350670548,0.5500703391331603,-0.2774148651973717,0.025389764932945202,46,True,-0.03645870395569874,0.11576638319797969,-2.0814000972078226,long_correlation
2018-04-27,0.29359999999999997,0.3557,0.3754,0.21420000000000003,0.15410000000000001,0.5545459643981051,0.2919905926615405,0.5523849182027362,-0.26094596439810513,0.0016094073384594898,46,True,-0.03753923694224054,0.11673938854130635,-1.9137219257989837,long_correlation
2018-04-30,0.3084,0.3677,0.39159999999999995,0.2116,0.1593,0.5561459151902435,0.33438881054200714,0.5551294672818227,-0.24774591519024347,-0.025988810542007135,46,True,-0.03848926755830054,0.11757978360546256,-1.7796992069155433,long_correlation
2018-05-01,0.30079999999999996,0.3468,0.3734,0.2118,0.1549,0.5464184819676975,0.36071479216284674,0.5444751138096973,-0.24561848196769753,-0.059914792162846786,46,True,-0.0395566216104998,0.11825442840956901,-1.7425297566321283,long_correlation
2018-05-02,0.3504,0.3709,0.3892,0.2025,0.1597,0.5008726796364662,0.36165711475295537,0.5009191422160842,-0.1504726796364662,-0.011257114752955377,46,True,-0.04054509022835566,0.1189324202149402,-0.9242861551916988,long_correlation
2018-05-03,0.3642,0.37670000000000003,0.3951,0.2025,0.159,0.5023419453965823,0.36588936376574394,0.49932662184958654,-0.13814194539658226,-0.001689363765743912,46,True,-0.041249492015583915,0.11905616240242091,-0.8138382039687524,no_trade
2018-05-04,0.3116,0.3506,0.3725,0.1966,0.1477,0.5091351997699823,0.3395575853226591,0.5055329572299556,-0.19753519976998235,-0.02795758532265913,46,True,-0.04203254623675024,0.11904187243794397,-1.3062853460600177,long_correlation
2018-05-07,0.3115,0.34240000000000004,0.37079999999999996,0.2022,0.1475,0.46816155570712553,0.35128723711770193,0.46637915914347233,-0.15666155570712553,-0.039787237117701935,46,True,-0.04301534481980301,0.11930002593311848,-0.9526084340588025,long_correlation
2018-05-08,0.30879999999999996,0.33,0.3588,0.2029,0.1471,0.4655046481229284,0.32739144003263776,0.46243773585042997,-0.15670464812292845,-0.018591440032637796,46,True,-0.04379631554072914,0.11939760794309254,-0.9456498712772692,long_correlation
2018-05-09,0.2651,0.2986,0.3382,0.1929,0.13419999999999999,0.45871434980284914,0.3288211342401573,0.4568084626614743,-0.19361434980284914,-0.0637211342401573,46,True,-0.044455917117329845,0.11956094224148366,-1.247551498751624,long_correlation
2018-05-10,0.2373,0.2697,0.3154,0.19039999999999999,0.1323,0.4629158176902808,0.3085655169777545,0.4608667951996952,-0.22561581769028077,-0.07126551697775446,46,True,-0.045282611272023446,0.1198700267404285,-1.504406158253041,long_correlation
2018-05-11,0.2323,0.2664,0.316,0.1838,0.1265,0.4634193673242063,0.31883005381179014,0.45884655758543536,-0.2311193673242063,-0.08653005381179013,46,True,-0.04630513315777635,0.12030587518734218,-1.5362028984755263,long_correlation
2018-05-14,0.2556,0.2491,0.3016,0.187,0.1293,0.4593838993887127,0.3228577566060535,0.4554006921029026,-0.20378389938871272,-0.06725775660605349,46,True,-0.04741627121979845,0.12071554521017806,-1.2953396175833218,long_correlation
2018-05-15,0.2922,0.2757,0.319,0.1885,0.1463,0.46160648701273727,0.298271362762756,0.4579757449562247,-0.16940648701273725,-0.006071362762755994,46,True,-0.04834422594013328,0.12101601940500302,-1.000382111953676,long_correlation
2018-05-16,0.2743,0.2634,0.3115,0.1909,0.13419999999999999,0.4658006525034829,0.29297229573832245,0.4660471599769311,-0.19150065250348292,-0.018672295738322464,46,True,-0.049217600141965155,0.12109265841967583,-1.1749932177424125,long_correlation
2018-05-17,0.26649999999999996,0.25989999999999996,0.30829999999999996,0.18719999999999998,0.1343,0.46474305011427464,0.29191865231275543,0.46595426944032664,-0.19824305011427468,-0.025418652312755474,46,True,-0.05022390059496815,0.12121762666403728,-1.2211025210842599,long_correlation
2018-05-18,0.2686,0.2699,0.3196,0.183,0.13419999999999999,0.4652908107737007,0.29166984461286594,0.4662255621803315,-0.1966908107737007,-0.02306984461286593,46,True,-0.051733947034176476,0.12067860789436485,-1.2011811063184552,long_correlation
2018-05-21,0.2646,0.2504,0.3063,0.177,0.1308,0.4579720284950846,0.27965644486251845,0.45866366248703355,-0.1933720284950846,-0.015056444862518448,46,True,-0.053085158292737224,0.12038629984400169,-1.16530593916528,long_correlation
2018-05-22,0.2777,0.2611,0.3179,0.17579999999999998,0.1322,0.4527883187815779,0.2903138203303314,0.45387206130329916,-0.17508831878157788,-0.012613820330331371,46,True,-0.05414904236576474,0.1204369113371746,-1.0041711886585345,long_correlation
2018-05-23,0.23870000000000002,0.24530000000000002,0.3074,0.1797,0.1258,0.4476740991899286,0.27714576804015323,0.4505192920785998,-0.2089740991899286,-0.038445768040153205,46,True,-0.054972340159583445,0.12055210316643626,-1.2774705292177917,long_correlation
2018-05-24,0.2281,0.2419,0.3078,0.1794,0.1253,0.4430868687018168,0.3106551695695292,0.4461689018531108,-0.2149868687018168,-0.08255516956952921,46,True,-0.05593607505939128,0.12080938350239108,-1.3165433762790253,long_correlation
2018-05-25,0.24359999999999998,0.25120000000000003,0.3154,0.1746,0.1322,0.44081241961290335,0.3097037455531225,0.44246091606537513,-0.19721241961290337,-0.06610374555312254,46,True,-0.056774516187033004,0.12117803334989867,-1.1589386256200354,long_correlation
2018-05-29,0.34600000000000003,0.3081,0.35609999999999997,0.1693,0.1702,0.4438249994157982,0.3053010635861585,0.4464087558234751,-0.0978249994157982,0.040698936413841535,46,True,-0.05754945994871659,0.12145000827098176,-0.3316223690756611,no_trade
2018-05-30,0.2839,0.2845,0.34369999999999995,0.1703,0.1494,0.44804965095529814,0.25425801325867714,0.4502366386246487,-0.16414965095529815,0.029641986741322845,46,True,-0.057887317015531604,0.12144312799435057,-0.8749966811189991,no_trade
2018-05-31,0.29510000000000003,0.2965,0.3515,0.1743,0.1543,0.45115288398489045,0.22728284534034232,0.4516974425519202,-0.15605288398489042,0.06781715465965771,46,True,-0.05855220949376422,0.12156483870753312,-0.8020466734274891,no_trade
2018-06-01,0.2613,0.2728,0.3284,0.17420000000000002,0.1346,0.4548235296525123,0.20977338084011504,0.4562236881693228,-0.19352352965251235,0.051526619159884934,46,True,-0.05924114425065282,0.12162371630447905,-1.1040805977815225,long_correlation
2018-06-04,0.2288,0.2516,0.3193,0.187,0.1274,0.45604626896197864,0.19837518036040913,0.45746191223722743,-0.22724626896197864,0.030424819639590872,46,True,-0.05996822085218704,0.12187737532224634,-1.3725110806456484,long_correlation
2018-06-05,0.22440000000000002,0.2457,0.3155,0.1893,0.124,0.44906608838949763,0.22853040921228357,0.45069068314331023,-0.22466608838949761,-0.004130409212283553,46,True,-0.06082240568681192,0.12229339157263606,-1.3397590875167678,long_correlation
2018-06-06,0.1848,0.22260000000000002,0.2975,0.1686,0.1164,0.45222450841125494,0.22139919173156503,0.45355621903068105,-0.267424508411255,-0.036599191731565034,46,True,-0.06166539004374816,0.12268865340825247,-1.6770835171108558,long_correlation
2018-06-07,0.1935,0.2263,0.3048,0.1716,0.1213,0.44752128942101166,0.23917737889853152,0.4486075310836374,-0.25402128942101165,-0.04567737889853152,46,True,-0.06290456105103866,0.12318456953487691,-1.5514664628175094,long_correlation
2018-06-08,0.1977,0.22940000000000002,0.3055,0.1673,0.12179999999999999,0.446485107550714,0.2523223194171941,0.44769577092566554,-0.24878510755071404,-0.05462231941719409,46,True,-0.06403890313467833,0.12362406286868183,-1.4944194530500112,long_correlation
2018-06-11,0.20149999999999998,0.2329,0.3068,0.17809999999999998,0.1235,0.4468489834278602,0.26206468201859984,0.4485091243984745,-0.24534898342786024,-0.06056468201859985,46,True,-0.06505045056984607,0.12408968119563996,-1.452969587162975,long_correlation
2018-06-12,0.20010000000000003,0.2321,0.3069,0.1769,0.1234,0.4496698561456745,0.26162913110379454,0.4518097529541424,-0.24956985614567448,-0.061529131103794515,46,True,-0.06597665986050895,0.12456188726845323,-1.4739114853766564,long_correlation
2018-06-13,0.21989999999999998,0.2446,0.3185,0.1623,0.1294,0.4415763778210128,0.2525970034280589,0.4443435848478651,-0.2216763778210128,-0.032697003428058924,46,True,-0.0670050393238627,0.12500458132048628,-1.2373253593050666,long_correlation
2018-06-14,0.1891,0.2305,0.30469999999999997,0.172,0.12119999999999999,0.4420186308547211,0.24686235334693934,0.4452429296373253,-0.2529186308547211,-0.057762353346939355,46,True,-0.0679322745562494,0.12528261785777486,-1.476552449666039,long_correlation
2018-06-15,0.1844,0.233,0.3134,0.1759,0.1198,0.441008853676839,0.24671768520538787,0.4447592736196477,-0.256608853676839,-0.06231768520538786,46,True,-0.06891924268737146,0.1257573444807366,-1.4924743502214908,long_correlation
2018-06-18,0.18059999999999998,0.2271,0.30870000000000003,0.18969999999999998,0.1231,0.4182727487978213,0.24893854934475426,0.4206504614577652,-0.2376727487978213,-0.06833854934475428,46,True,-0.06999380053893893,0.1262005819192413,-1.3286701670376133,long_correlation
2018-06-19,0.19879999999999998,0.24050000000000002,0.3187,0.19760000000000003,0.1335,0.3969904660442465,0.24047057924718085,0.4025161897087089,-0.1981904660442465,-0.04167057924718087,46,True,-0.07093857634952302,0.1265620770903333,-1.0054503894077043,long_correlation
2018-06-20,0.17980000000000002,0.22719999999999999,0.3074,0.2045,0.12789999999999999,0.37277370768870616,0.23604650707796035,0.37719260672311267,-0.19297370768870614,-0.056246507077960334,46,True,-0.07174024476515382,0.1267263034499966,-0.9566558766656391,long_correlation
2018-06-21,0.20620000000000002,0.244,0.3145,0.19699999999999998,0.1464,0.3662822052345137,0.22410614896601977,0.3673881775700045,-0.1600822052345137,-0.017906148966019747,46,True,-0.07263801177301728,0.12678081587592693,-0.6897273286762329,no_trade
2018-06-22,0.1775,0.23850000000000002,0.3127,0.196,0.1377,0.368068296039366,0.23131452480379366,0.36941410810718994,-0.19056829603936604,-0.05381452480379367,46,True,-0.07339548260177127,0.12673056368411645,-0.9245821215603132,long_correlation
2018-06-25,0.23190000000000002,0.2934,0.3418,0.21050000000000002,0.17329999999999998,0.3687754806276871,0.19375096710987572,0.37076774505108473,-0.1368754806276871,0.03814903289012431,46,True,-0.07421145227856434,0.12682072530093347,-0.49411504468553546,no_trade
2018-06-26,0.221,0.2902,0.3414,0.21239999999999998,0.1592,0.3393541816485737,0.17549151387237064,0.34350077464172935,-0.11835418164857373,0.045508486127629366,46,True,-0.07472233541921375,0.1268127870791954,-0.34406503661268484,no_trade
2018-06-27,0.25670000000000004,0.31629999999999997,0.35850000000000004,0.2161,0.1791,0.33436022103881413,0.16253941253210658,0.3381892968118813,-0.07766022103881409,0.09416058746789346,46,True,-0.07505852373006147,0.1268157255421543,-0.02051557326688007,no_trade
2018-06-28,0.222,0.30010000000000003,0.3455,0.2182,0.1685,0.32456752458350563,0.1601923516624887,0.3313042039857954,-0.10256752458350563,0.06180764833751129,46,True,-0.07534291458138846,0.12674056273373802,-0.21480581602996182,no_trade
2018-06-29,0.1971,0.2962,0.3443,0.2234,0.1609,0.3182517724791369,0.16082344190756512,0.3225382576905949,-0.12115177247913689,0.03627655809243488,46,True,-0.07553248914532311,0.12674543338601366,-0.35992841805098014,no_trade
2018-07-02,0.184,0.28859999999999997,0.34,0.22210000000000002,0.156,0.28159463606890456,0.15655793781607055,0.28904384711443154,-0.09759463606890456,0.027442062183929444,46,True,-0.07585716063663958,0.12675713030566332,-0.1714891728760901,no_trade
2018-07-03,0.20379999999999998,0.3045,0.3513,0.225,0.16140000000000002,0.2849770027006506,0.14003450076587542,0.2917013234759695,-0.08117700270065059,0.06376549923412456,46,True,-0.0760355164765143,0.12675596549700563,-0.04056208482162326,no_trade
2018-07-05,0.1648,0.2796,0.335,0.2274,0.1497,0.27377559963193243,0.1299778230066459,0.27773122860988947,-0.10897559963193243,0.034822176993354104,46,True,-0.07614959094977405,0.12674757230477993,-0.2589872775095388,no_trade
2018-07-06,0.1326,0.26,0.3248,0.2273,0.13369999999999999,0.27322772368630965,0.12487961020879434,0.2788993006886301,-0.14062772368630966,0.007720389791205651,46,True,-0.07634434842263324,0.12676020513090244,-0.5071258380916346,no_trade
2018-07-09,0.115,0.2382,0.304,0.2304,0.12689999999999999,0.27006984630094005,0.118735550147701,0.275846951442507,-0.15506984630094006,-0.0037355501477009945,46,True,-0.07681281728121213,0.12677883779669857,-0.617272017789122,no_trade
2018-07-10,0.1175,0.2336,0.2969,0.22769999999999999,0.1264,0.27338083565718607,0.11212150931956348,0.2791999232462546,-0.15588083565718608,0.005378490680436512,46,True,-0.07712714182044132,0.1268746229834262,-0.6207206136646606,no_trade
2018-07-11,0.1363,0.2465,0.3065,0.23079999999999998,0.1363,0.2709294749196767,0.09911917316702941,0.2757073189312743,-0.13462947491967672,0.037180826832970595,46,True,-0.07745550431434915,0.12697128770305177,-0.4502905470962896,no_trade
2018-07-12,0.1144,0.2335,0.2958,0.2322,0.1258,0.2627918702283808,0.10931852285495677,0.2596065094829726,-0.1483918702283808,0.005081477145043228,46,True,-0.07773475035641939,0.12701952292540206,-0.5562697626683576,no_trade
2018-07-13,0.10830000000000001,0.2286,0.29100000000000004,0.2304,0.12179999999999999,0.2686867046278471,0.12146656456640237,0.2629546565311396,-0.1603867046278471,-0.013166564566402361,46,True,-0.07798660417674352,0.1270967336982975,-0.6483258700157087,no_trade
2018-07-16,0.11259999999999999,0.228,0.2917,0.23600000000000002,0.1283,0.26711861119221,0.13245957438911013,0.2676533156514181,-0.15451861119221,-0.019859574389110138,46,True,-0.07822632765449518,0.1271953081943578,-0.5998042272214805,no_trade
2018-07-17,0.10460000000000001,0.2137,0.2797,0.2365,0.1206,0.25979760814868097,0.13287352182454992,0.2640388539996807,-0.15519760814868094,-0.02827352182454991,46,True,-0.0784160433040668,0.12727359181894518,-0.6032796257831776,no_trade
2018-07-18,0.1005,0.2084,0.2781,0.2345,0.121,0.2604748259167955,0.1570735723768665,0.26488283380230443,-0.1599748259167955,-0.0565735723768665,46,True,-0.07864375047825828,0.12735974033656527,-0.6385932887709168,no_trade
2018-07-19,0.11869999999999999,0.2245,0.2915,0.23929999999999998,0.12869999999999998,0.24930742649138785,0.15622177471445894,0.2559935648143559,-0.13060742649138785,-0.03752177471445896,46,True,-0.07888593912632977,0.1274564883121169,-0.40579721009103836,no_trade
2018-07-20,0.1318,0.2415,0.3046,0.22390000000000002,0.1286,0.24862385923491456,0.15922744332593863,0.25622548093524694,-0.11682385923491456,-0.027427443325938633,46,True,-0.07907880547570528,0.1274979926242335,-0.2960442982851723,no_trade
2018-07-23,0.1318,0.23989999999999997,0.2984,0.2162,0.12619999999999998,0.2373964307647329,0.1602196634241905,0.23857729940045586,-0.10559643076473291,-0.0284196634241905,46,True,-0.0792134359812731,0.127519950974331,-0.20689307501984958,no_trade
2018-07-24,0.1483,0.2384,0.29510000000000003,0.21050000000000002,0.1241,0.24035620477030334,0.15507144553834204,0.24225895376298,-0.09205620477030335,-0.006771445538342052,46,True,-0.0792875160380116,0.1275298726514093,-0.10012311991554906,no_trade
2018-07-25,0.1444,0.2293,0.2874,0.2054,0.1229,0.2434441311801899,0.13732833086576565,0.24970041702646475,-0.0990441311801899,0.0070716691342343485,46,True,-0.07930485228332818,0.127531316011527,-0.15477985732600433,no_trade
2018-07-26,0.1424,0.2268,0.2833,0.20559999999999998,0.12140000000000001,0.23863384417513672,0.15578213702056132,0.2304877715646144,-0.09623384417513672,-0.013382137020561319,46,True,-0.07938024084486482,0.1275373710524978,-0.1321463912199861,no_trade
2018-07-27,0.1747,0.245,0.2961,0.19030000000000002,0.1303,0.2343416258376933,0.1581273237764907,0.22729246482973825,-0.05964162583769331,0.016572676223509303,46,True,-0.0794802316759349,0.12754068072822042,0.15554727891500103,no_trade
2018-07-30,0.2,0.2531,0.305,0.1975,0.1426,0.23264738820557487,0.15987138963715175,0.22549532309372464,-0.03264738820557486,0.04012861036284826,46,True,-0.07950585286703797,0.12753602577591572,0.3674135553180457,no_trade
2018-07-31,0.165,0.2311,0.2929,0.1991,0.1283,0.2185336659514954,0.17410394537339993,0.21021604918452563,-0.05353366595149539,-0.009103945373399924,46,True,-0.07948181916108107,0.12754431578698308,0.20344421505167462,no_trade
2018-08-01,0.1907,0.24559999999999998,0.3012,0.18789999999999998,0.1315,0.2150315353445784,0.19909325188020352,0.20686178546677106,-0.02433153534457838,-0.008393251880203512,46,True,-0.07962529962399378,0.12749450006302462,0.4336952907935787,no_trade
2018-08-02,0.1776,0.2384,0.2962,0.1848,0.1219,0.2135681378927342,0.202815622387899,0.20778678722144295,-0.0359681378927342,-0.025215622387898984,46,True,-0.07958697587489312,0.1275097231430431,0.3420824460047363,no_trade
2018-08-03,0.165,0.23309999999999997,0.2918,0.1779,0.1164,0.2146952892490415,0.18973387087158874,0.20667306617517725,-0.049695289249041485,-0.024733870871588737,46,True,-0.07963964900486083,0.12748886764293224,0.23487823140516695,no_trade
2018-08-06,0.17370000000000002,0.2311,0.2916,0.1783,0.1127,0.20672121026807216,0.1712188352565914,0.19761336064595253,-0.03302121026807214,0.0024811647434086204,46,True,-0.07983819447815978,0.12740274837735707,0.36747232541184555,no_trade
2018-08-07,0.172,0.22210000000000002,0.2815,0.1814,0.1093,0.20695526636972336,0.16849425141984717,0.19818143147002817,-0.034955266369723376,0.0035057485801528177,46,True,-0.07989281590466649,0.12737962028585395,0.3527844519719739,no_trade
2018-08-08,0.1766,0.2254,0.2826,0.16440000000000002,0.1085,0.20696861414743623,0.16750661032939407,0.1977966680090823,-0.030368614147436218,0.00909338967060594,46,True,-0.07996878668865237,0.12734695346761005,0.38948848944259723,no_trade
2018-08-09,0.1962,0.2409,0.2926,0.1624,0.1127,0.20185442865031472,0.16300164473768114,0.19412151196698946,-0.005654428650314708,0.033198355262318874,46,True,-0.0801776930669391,0.12722167670887277,0.5857748957920074,no_trade
2018-08-10,0.23070000000000002,0.2611,0.30870000000000003,0.1563,0.1316,0.2055969392368669,0.13377532797089609,0.19637624516909527,0.025103060763133123,0.09692467202910393,46,True,-0.08037906388192156,0.12706266860193396,0.8301582660404567,short_correlation
2018-08-13,0.2753,0.2873,0.3276,0.1514,0.1478,0.20723153106736095,0.11900473336282753,0.19697581088699948,0.06806846893263904,0.15629526663717247,46,True,-0.08095048416657448,0.1262574879094499,1.180278140858369,short_correlation
2018-08-14,0.2433,0.263,0.3094,0.158,0.1331,0.20853193419943888,0.10954651928302814,0.19889359149122743,0.034768065800561104,0.13375348071697185,46,True,-0.08148308973383227,0.1253376642535961,0.9275037653420924,short_correlation
2018-08-15,0.2716,0.2784,0.3193,0.1606,0.1464,0.20372336109012482,0.10600713160897612,0.1948369285607095,0.06787663890987519,0.16559286839102388,46,True,-0.08167188759820147,0.125125557883197,1.195187690173403,short_correlation
2018-08-16,0.2397,0.2672,0.3078,0.16579999999999998,0.13449999999999998,0.2080717075168235,0.08295432826963696,0.1959479451078939,0.0316282924831765,0.15674567173036302,46,True,-0.08173517276607367,0.12504552815398742,0.9065775235852388,short_correlation
2018-08-17,0.2069,0.25079999999999997,0.29460000000000003,0.16079999999999997,0.1264,0.20664647416478996,0.08273821977800266,0.1938591232974895,0.00025352583521004446,0.12416178022199734,46,True,-0.08200371791772389,0.12472745067850716,0.6594959113287511,no_trade
2018-08-20,0.2101,0.2438,0.292,0.1625,0.1249,0.20491646569672056,0.07485844680411496,0.1934064555123044,0.005183534303279447,0.13524155319588504,46,True,-0.0827793626897183,0.1235961418038167,0.7116961396142983,no_trade
2018-08-21,0.2234,0.2415,0.2923,0.1592,0.1286,0.20295679303833486,0.11040903565878815,0.19335312867926024,0.020443206961665128,0.11299096434121184,46,True,-0.08358161260178158,0.12235532984323419,0.8501862542214291,short_correlation
2018-08-22,0.2202,0.2468,0.297,0.16210000000000002,0.1225,0.1900561822666919,0.10698000106716442,0.18389317715494907,0.030143817733308098,0.11321999893283559,46,True,-0.08425431194471968,0.12130692268600389,0.9430470013169888,short_correlation
2018-08-23,0.23260000000000003,0.26039999999999996,0.3065,0.1616,0.1241,0.17502528494886202,0.1148281269842511,0.1674757584869301,0.05757471505113801,0.11777187301574893,46,True,-0.08448755652367516,0.12102880892100665,1.1737888924242383,short_correlation
2018-08-24,0.2126,0.2494,0.2982,0.1602,0.1199,0.17047819679465417,0.10814484212490694,0.16822792737665923,0.04212180320534584,0.10445515787509307,46,True,-0.08470484878858031,0.12072280369888694,1.0505608560107977,short_correlation
2018-08-27,0.2145,0.2447,0.293,0.16620000000000001,0.1216,0.16793737216578988,0.09847931381339087,0.16587187612040186,0.04656262783421011,0.11602068618660913,46,True,-0.08503677240288596,0.12025590000774303,1.094328014081826,short_correlation
2018-08-28,0.23120000000000002,0.25379999999999997,0.30210000000000004,0.1637,0.125,0.16627627626510577,0.09702034644940988,0.16305161209116736,0.06492372373489425,0.13417965355059014,46,True,-0.08519175905108628,0.12006008986140022,1.2503362521157269,short_correlation
2018-08-29,0.218,0.24960000000000002,0.2989,0.1655,0.1225,0.16649059826983825,0.09138829446079937,0.16482141930710983,0.05150940173016175,0.12661170553920065,46,True,-0.08527129089122586,0.11995351368407012,1.140280833970703,short_correlation
2018-08-30,0.23739999999999997,0.2619,0.311,0.1671,0.1353,0.16418594834224784,0.09056955824930932,0.15973820633588964,0.07321405165775213,0.14683044175069065,46,True,-0.08545894693158587,0.1197011304791602,1.3255764415438227,short_correlation
2018-08-31,0.1975,0.2455,0.304,0.1729,0.1286,0.168617299393142,0.08832456716134526,0.1629081137108001,0.02888270060685802,0.10917543283865475,46,True,-0.08541560296176648,0.11975680886509951,0.9544200839334007,short_correlation
2018-09-04,0.2011,0.2439,0.3016,0.19030000000000002,0.1316,0.16648095921509654,0.08701632508849425,0.15935511393063886,0.034619040784903465,0.11408367491150576,46,True,-0.08538307636893705,0.11978685080816963,1.0017970782620842,short_correlation
2018-09-05,0.19149999999999998,0.2414,0.3,0.1998,0.1391,0.16169460316292114,0.1274396433825675,0.15611761932781903,0.029805396837078835,0.06406035661743248,46,True,-0.08518054340909517,0.11994695806777851,0.9586399029911107,short_correlation
2018-09-06,0.2069,0.24969999999999998,0.3086,0.19870000000000002,0.1465,0.16025760848615084,0.14522442128087212,0.15471717390844322,0.04664239151384916,0.06167557871912788,46,True,-0.08528834217061278,0.11983084569515144,1.100974735837987,short_correlation
2018-09-07,0.20920000000000002,0.2586,0.3151,0.19440000000000002,0.14880000000000002,0.1588096135102516,0.13914620458587929,0.15322309807596585,0.05039038648974842,0.07005379541412074,46,True,-0.08513269177607165,0.11997712900807993,1.1295742729157419,short_correlation
2018-09-10,0.19079999999999997,0.2493,0.30870000000000003,0.20620000000000002,0.1416,0.15896447833018626,0.13319303745563607,0.1535748694216792,0.03183552166981371,0.0576069625443639,46,True,-0.08489940688793735,0.12018390405040626,0.9713025174218948,short_correlation
2018-09-11,0.168,0.2303,0.2902,0.2078,0.1322,0.15884719717500057,0.3457215467062255,0.15339872215236705,0.009152802824999445,-0.1777215467062255,46,True,-0.08479772564094383,0.12027210262993487,0.7811497962667168,short_correlation
2018-09-12,0.158,0.2225,0.2824,0.1889,0.13140000000000002,0.15693627189601406,0.38851430361596273,0.15293598707743394,0.0010637281039859448,-0.23051430361596273,46,True,-0.08448221466006961,0.12041434273262583,0.710429844341767,no_trade
2018-09-13,0.1417,0.20800000000000002,0.2675,0.1898,0.12369999999999999,0.15454572262958163,0.419944958398375,0.15065909672801667,-0.01284572262958164,-0.278244958398375,46,True,-0.08415994967526816,0.12053460333913447,0.5916494107923332,no_trade
2018-09-14,0.1365,0.20420000000000002,0.2612,0.1885,0.1207,0.15411021893482402,0.4165819339251278,0.1493143369692206,-0.017610218934824007,-0.2800819339251278,46,True,-0.08394485463143574,0.12061359624795183,0.5499764351627827,no_trade
2018-09-17,0.16,0.2141,0.2652,0.20989999999999998,0.1368,0.15031294844146043,0.47806064179176105,0.1456825418613061,0.009687051558539578,-0.3180606417917611,46,True,-0.08374046732662528,0.12068244517771826,0.7741599761886039,short_correlation
2018-09-18,0.157,0.2183,0.26530000000000004,0.2023,0.12789999999999999,0.15200683450945646,0.4587768668570546,0.14763771018145905,0.004993165490543544,-0.3017768668570546,46,True,-0.08335653219371103,0.12082564404774274,0.7312164431695005,no_trade
2018-09-19,0.1382,0.20879999999999999,0.25739999999999996,0.20800000000000002,0.1175,0.13091319992185013,0.4706064275063842,0.12757818081411532,0.007286800078149858,-0.3324064275063842,46,True,-0.08300768806946604,0.12095375806869896,0.7465207331245607,no_trade
2018-09-20,0.1444,0.2207,0.26289999999999997,0.20420000000000002,0.11800000000000001,0.13789853613699604,0.43719883522714637,0.13516338292981822,0.006501463863003959,-0.29279883522714634,46,True,-0.08268125161540764,0.12108645670797238,0.7365209776804029,no_trade
2018-09-21,0.1344,0.2275,0.2754,0.2206,0.1168,0.12879220289814852,0.4261213669130776,0.12828678956478337,0.005607797101851469,-0.2917213669130776,46,True,-0.0823138691436632,0.12121648392413494,0.7253276402617131,no_trade
2018-09-24,0.1373,0.23,0.2778,0.2071,0.122,0.1311799903815614,0.41311374959503094,0.12309818444610003,0.0061200096184386155,-0.2758137495950309,46,True,-0.08200221075560984,0.12134160592253926,0.7262325210225334,no_trade
2018-09-25,0.1419,0.24309999999999998,0.2867,0.2057,0.1242,0.13483536702467358,0.43186366115850783,0.12588898649382696,0.007064632975326418,-0.2899636611585078,46,True,-0.08163132854102689,0.12146798740241252,0.7302003055546773,no_trade
2018-09-26,0.1452,0.244,0.28850000000000003,0.2091,0.12890000000000001,0.1373456980568083,0.4305961464270062,0.12644091283772294,0.0078543019431917,-0.2853961464270062,46,True,-0.0812877172658476,0.1215963744518223,0.7330976734372805,no_trade
2018-09-27,0.1197,0.2275,0.27699999999999997,0.2102,0.1241,0.1326942577532645,0.43867954213052496,0.12393860656050404,-0.012994257753264488,-0.31897954213052493,46,True,-0.08091998297016441,0.12172572248841491,0.5580227730697155,no_trade
2018-09-28,0.115,0.2285,0.2796,0.21309999999999998,0.12119999999999999,0.12429043386526299,0.4282771340431498,0.11184704657830462,-0.009290433865262987,-0.31327713404314983,46,True,-0.08061159010586146,0.12179924599896652,0.5855631999659804,no_trade
2018-10-01,0.10550000000000001,,0.28,0.2228,0.12,0.12304635414088241,0.43995652318423584,0.10946740485348923,-0.017546354140882403,-0.3344565231842358,46,True,-0.08021573718330612,0.12186855104180898,0.5142375330360986,no_trade
2018-10-02,0.09939999999999999,0.2227,0.27190000000000003,0.2334,0.12050000000000001,0.1211212709348714,0.42694231871087557,0.10400000134774522,-0.021721270934871417,-0.3275423187108756,46,True,-0.07986574870129068,0.12192158011920015,0.4769006250540112,no_trade
2018-10-03,0.0956,0.2194,0.2672,0.23670000000000002,0.1161,0.11755613239090887,0.4269318223564102,0.10019471051075228,-0.021956132390908864,-0.3313318223564102,46,True,-0.07952081505515114,0.1219627886319308,0.47198562208974776,no_trade
2018-10-04,0.1234,0.2329,0.2771,0.2495,0.1422,0.12104145347016321,0.418735892918981,0.10405663250934935,0.0023585465298367886,-0.295335892918981,46,True,-0.07917531991645306,0.12200219989066963,0.6682983300248286,no_trade
2018-10-05,0.14859999999999998,0.2582,0.2992,0.2491,0.1482,0.12297292038098293,0.42648440462510256,0.10850479533267178,0.025627079619017057,-0.27788440462510255,46,True,-0.07870901422981537,0.12208868657766872,0.8545926471447238,short_correlation
2018-10-08,0.1769,0.2556,0.2938,0.25980000000000003,0.15689999999999998,0.12289152185869087,0.43065083489177325,0.10833516388356221,0.05400847814130913,-0.25375083489177325,46,True,-0.07813527890320743,0.1222384334425155,1.0810328087741665,short_correlation
2018-10-09,0.1866,0.2619,0.2975,0.25739999999999996,0.1595,0.12406362191840144,0.4522018758557295,0.10898874573371814,0.06253637808159855,-0.26560187585572953,46,True,-0.07744919649310923,0.12249373931850081,1.1427977899403148,short_correlation
2018-10-10,0.2908,0.3414,0.36,0.2691,0.2296,0.21756426150729197,0.40354215375666697,0.20620048250749032,0.07323573849270804,-0.11274215375666696,46,True,-0.07682748094460318,0.12280590502057569,1.2219544281048103,short_correlation
2018-10-11,0.3567,0.3968,0.4069,0.2757,0.2498,0.25099100859706575,0.3702335035541904,0.22639959983304916,0.10570899140293427,-0.013533503554190363,46,True,-0.0761458393496431,0.12316112604033445,1.4765603124887077,short_correlation
2018-10-12,0.2814,0.3447,0.35840000000000005,0.2661,0.21309999999999998,0.26568810983658075,0.3900613306543963,0.244271786486489,0.01571189016341923,-0.10866133065439632,46,True,-0.07529590827442377,0.12367510542505625,0.7358619030488012,no_trade
2018-10-15,0.2825,0.3635,0.37520000000000003,0.2735,0.213,0.2670835767932767,0.38810090841000033,0.24733934843520664,0.015416423206723262,-0.10560090841000036,46,True,-0.07482140740659371,0.12379439479932233,0.7289330890917765,no_trade
2018-10-16,0.2349,0.32880000000000004,0.3422,0.2646,0.17620000000000002,0.3009200877329311,0.35673646185902913,0.28502607479900505,-0.06602008773293111,-0.12183646185902913,46,True,-0.07430526968165342,0.12389877458865153,0.06687057217659673,no_trade
2018-10-17,0.2341,0.33390000000000003,0.3454,0.26789999999999997,0.174,0.29029193779482404,0.36480634772261755,0.2781224018080812,-0.05619193779482404,-0.13070634772261755,46,True,-0.07411669332593343,0.12387498046303569,0.14470037019669313,no_trade
2018-10-18,0.2748,0.3629,0.36979999999999996,0.2783,0.2006,0.2953690811570367,0.3522526000779516,0.2833270212055245,-0.020569081157036706,-0.07745260007795163,46,True,-0.07394436674514392,0.12386956884637382,0.43089909882793404,no_trade
2018-10-19,0.2889,0.3834,0.3862,0.2699,0.1989,0.29501275909730196,0.34944912564513636,0.29350985071357616,-0.006112759097301967,-0.06054912564513637,46,True,-0.07364728667694016,0.12390759472440772,0.5450394524229678,no_trade
2018-10-22,0.2966,0.38170000000000004,0.38630000000000003,0.2658,0.19640000000000002,0.2939261490058058,0.38149954326019264,0.29091944845350876,0.002673850994194149,-0.08489954326019267,46,True,-0.0733137495725378,0.12397606394677943,0.6129215442696422,no_trade
2018-10-23,0.3166,0.39189999999999997,0.3981,0.2721,0.2071,0.28930282503458565,0.3860723838243825,0.2849302324139893,0.02729717496541434,-0.06947238382438253,46,True,-0.07289120737185698,0.12405315449405072,0.8076246246690656,short_correlation
2018-10-24,0.382,0.4191,0.4321,0.31010000000000004,0.2523,0.32060477255889064,0.3661324226700627,0.33136082077709683,0.06139522744110937,0.01586757732993732,46,True,-0.07246607953215697,0.12421273071464253,1.0776778370712239,short_correlation
2018-10-25,0.3575,0.4083,0.4132,0.2726,0.2422,0.32635076135703306,0.37811938197993034,0.3308192972216483,0.031149238642966925,-0.02061938197993035,46,True,-0.0719380964463823,0.12449863381710484,0.8280198097658649,short_correlation
2018-10-26,0.4193,0.44049999999999995,0.4387,0.2787,0.2416,0.338957922171753,0.3505746931583975,0.34400277565448323,0.08034207782824698,0.0687253068416025,46,True,-0.07166412952886612,0.12464972765172087,1.2194668229186025,short_correlation
2018-10-29,0.3674,,0.4299,0.3078,0.247,0.32878681324012404,0.3981147544011436,0.337482998559627,0.03861318675987596,-0.030714754401143574,46,True,-0.07112790293385614,0.12501274510459814,0.8778392123292049,short_correlation
2018-10-30,0.3705,0.4174,0.4249,0.2955,0.2335,0.33695433118259416,0.38998578686729113,0.3419540218605799,0.03354566881740584,-0.019485786867291133,46,True,-0.07074368409502702,0.1252012535790921,0.832973711773191,short_correlation
2018-10-31,0.37439999999999996,0.4216,0.4194,0.27190000000000003,0.21230000000000002,0.33313927447083536,0.41501338040315616,0.34060116964652387,0.0412607255291646,-0.04061338040315621,46,True,-0.07039136749742073,0.1253698654636799,0.8905815812567123,short_correlation
2018-11-01,0.3272,0.4056,0.40090000000000003,0.2666,0.1934,0.3324146492171393,0.40839731960330433,0.34140079257287104,-0.005214649217139322,-0.08119731960330434,46,True,-0.07000226574546883,0.12556424862798418,0.5159718409997355,no_trade
2018-11-02,0.3635,0.4264,0.4202,0.2577,0.19510000000000002,0.3290297928075785,0.47226168864866125,0.3388054010735498,0.0344702071924215,-0.10876168864866126,46,True,-0.06981826021379728,0.12562530745271214,0.830154922768846,short_correlation
2018-11-05,0.36719999999999997,0.41479999999999995,0.405,0.2541,0.1996,0.32910314008554103,0.46140326908900026,0.3355548777143598,0.038096859914458936,-0.09420326908900029,46,True,-0.06949468933419554,0.12578903776472242,0.8553332719652028,short_correlation
2018-11-06,0.39409999999999995,0.4069,0.3935,0.2354,0.1991,0.3294293273807925,0.4881896656661779,0.3363380980974954,0.06467067261920745,-0.09408966566617794,46,True,-0.06921093730010512,0.12595130971356053,1.0629632214526963,short_correlation
2018-11-07,0.3362,0.3607,0.3589,0.2144,0.1636,0.34295731769633914,0.45734949532172264,0.35279436614767656,-0.006757317696339138,-0.12114949532172264,46,True,-0.06886428408644003,0.126199839381703,0.492131897270112,no_trade
2018-11-08,0.33520000000000005,0.3525,0.3489,0.21559999999999999,0.1672,0.343099892401044,0.4601965735328438,0.35223446689390914,-0.00789989240104394,-0.12499657353284377,46,True,-0.06892703159146488,0.12616486912223665,0.4837094479232084,no_trade
2018-11-09,0.3187,0.34850000000000003,0.353,0.2273,0.1736,0.3411379385477781,0.46682889596466315,0.35492689806015376,-0.02243793854777809,-0.14812889596466317,46,True,-0.0689648676382477,0.12614505190990033,0.3688367350603786,no_trade
2018-11-12,0.38130000000000003,0.3874,0.38770000000000004,0.2555,0.2045,0.35177562245729443,0.4555867936823064,0.3716159199872342,0.029524377542705593,-0.0742867936823064,46,True,-0.06909547732721844,0.12607949425031792,0.7822037632394401,short_correlation
2018-11-13,0.3825,0.3865,0.3931,0.25239999999999996,0.2002,0.35127704977022656,0.4678740679988549,0.3707054185830805,0.03122295022977345,-0.08537406799885489,46,True,-0.06926058570790146,0.1259222726205625,0.797980641919152,short_correlation
2018-11-14,0.39049999999999996,0.40020000000000006,0.40700000000000003,0.2577,0.2125,0.3526751710043657,0.49207243238347903,0.37051114943129476,0.037824828995634274,-0.10157243238347907,46,True,-0.06951862770370522,0.1256480835552407,0.8543182964835778,short_correlation
2018-11-15,0.3822,0.39840000000000003,0.4082,0.2536,0.1998,0.3535017638656187,0.47268522075650493,0.3737597974040601,0.028698236134381272,-0.09048522075650495,46,True,-0.06983007039829488,0.12528237684553972,0.7864498504378745,short_correlation
2018-11-16,0.365,0.3788,0.39270000000000005,0.24600000000000002,0.1814,0.3475790288659882,0.49031975687109575,0.3621516897784628,0.01742097113401181,-0.12531975687109576,46,True,-0.07036309950532135,0.12457146468019964,0.7046884361895621,no_trade
2018-11-19,0.3936,0.41,0.4243,0.27140000000000003,0.201,0.34438956920170877,0.50872834437771,0.36683128852798036,0.04921043079829124,-0.11512834437770997,46,True,-0.07070448467318276,0.12421059375405896,0.9654161681966471,short_correlation
2018-11-20,0.4053,0.41859999999999997,0.4393,0.2838,0.2248,0.3534650856224089,0.4952379211369156,0.36881605456594535,0.05183491437759108,-0.08993792113691562,46,True,-0.07086355931856558,0.12403040415044696,0.9892612584518012,short_correlation
2018-11-21,0.40909999999999996,0.40869999999999995,0.42950000000000005,0.2576,0.20800000000000002,0.3502284728723365,0.5313520117190544,0.3658820436019533,0.05887152712766347,-0.12225201171905448,46,True,-0.07099283879708816,0.12388480410829754,1.0482671128189935,short_correlation
2018-11-23,0.4117,0.4179,0.4391,0.2645,0.2152,0.34817497415557314,0.6372730348089988,0.363925290585845,0.06352502584442687,-0.22557303480899876,46,True,-0.07096878711536135,0.12390952162950317,1.08541951571674,short_correlation
2018-11-26,0.3785,0.38280000000000003,0.4117,0.2539,0.18899999999999997,0.35252673136505064,0.6374326572266573,0.3702315890567989,0.025973268634949365,-0.2589326572266573,46,True,-0.07093592187390926,0.1239442243676164,0.78187742110054,short_correlation
2018-11-27,0.41259999999999997,0.3887,0.415,0.24480000000000002,0.1902,0.35196688252365044,0.6416569859215195,0.3686045052188877,0.06063311747634953,-0.22905698592151957,46,True,-0.0710381524795439,0.12385323161247169,1.0631234101979983,short_correlation
2018-11-28,0.4249,0.3796,0.40740000000000004,0.2305,0.18489999999999998,0.3692535260322301,0.6340157316711177,0.38708112779528075,0.055646473967769894,-0.2091157316711177,46,True,-0.07105439825342169,0.1238356196486535,1.023137547828867,short_correlation
2018-11-29,0.4378,0.384,0.4073,0.2297,0.18789999999999998,0.3709119936242843,0.6264985201662557,0.3892796555008634,0.06688800637571574,-0.1886985201662557,46,True,-0.07116307624639656,0.1237118091314994,1.1159086880329345,short_correlation
2018-11-30,0.419,0.36700000000000005,0.3954,0.23079999999999998,0.1807,0.37611440188986167,0.6258524034228028,0.3921391192293083,0.04288559811013831,-0.2068524034228028,46,True,-0.07118382566933952,0.12368811815699712,0.9222342895919049,short_correlation
2018-12-03,0.3914,0.3479,0.37979999999999997,0.2091,0.16440000000000002,0.37528988452031437,0.6780940307779821,0.3935832148087996,0.01611011547968566,-0.2866940307779821,46,True,-0.07141316758958091,0.12342147333175318,0.7091414541293527,no_trade
2018-12-04,0.4733,0.4079,0.4324,0.23579999999999998,0.20739999999999997,0.39932611921523004,0.6713616612195699,0.4222316130499729,0.07397388078476996,-0.19806166121956986,46,True,-0.07169507765007414,0.12313865859776887,1.1829669097717739,short_correlation
2018-12-06,0.4371,0.397,0.4157,0.2516,0.2119,0.3971102134824166,0.6808499762953019,0.42056163978520644,0.03998978651758339,-0.24374997629530187,46,True,-0.07163660628156521,0.12320456001345828,0.9060248483250544,short_correlation
2018-12-07,0.4632,0.4329,0.44020000000000004,0.26789999999999997,0.2323,0.41117776277642787,0.665762020299936,0.43884228605889036,0.05202223722357213,-0.20256202029993603,46,True,-0.07179825559385032,0.12303045888754871,1.0064214499158768,short_correlation
2018-12-10,0.4343,0.4142,0.4343,0.2683,0.22640000000000002,0.41029211716344927,0.6713051572685366,0.4386643419752591,0.024007882836550754,-0.23700515726853655,46,True,-0.0719378894755938,0.12286913536634984,0.7808777365126736,short_correlation
2018-12-11,0.4387,0.4171,0.4329,0.2587,0.21760000000000002,0.4108034866415594,0.6727108345962387,0.43925879478812907,0.027896513358440567,-0.23401083459623873,46,True,-0.07212173136512581,0.12268993949036647,0.8152114601981668,short_correlation
2018-12-12,0.4537,0.42450000000000004,0.4454,0.221,0.2146,0.4102968756856873,0.6717762570442731,0.4386272825889938,0.0434031243143127,-0.21807625704427314,46,True,-0.07221721717377834,0.12260231882098326,0.9430518329503467,short_correlation
2018-12-13,0.4232,0.4153,0.4432,0.2214,0.2065,0.41079356681895407,0.6715696064707194,0.43820959305233986,0.01240643318104595,-0.24836960647071937,46,True,-0.07223581120972798,0.12258435435319519,0.6904816266103515,no_trade
2018-12-14,0.3969,0.4171,0.446,0.24420000000000003,0.2163,0.4150452352105167,0.6687574057337708,0.4410049004482039,-0.018145235210516752,-0.2718574057337709,46,True,-0.07239702859884385,0.1224455865455296,0.4430685900479913,no_trade
2018-12-17,0.42729999999999996,0.4346,0.4549,0.26839999999999997,0.2452,0.4218748995335294,0.658899045528438,0.4490738740043271,0.005425100466470545,-0.23159904552843807,46,True,-0.07277821794304168,0.12212488592735589,0.6403553036359049,no_trade
2018-12-18,0.4535,0.439,0.4532,0.2623,0.25579999999999997,0.41699161590121037,0.6749637016350987,0.44402399916125423,0.03650838409878965,-0.22146370163509865,46,True,-0.07301305969025867,0.12191637262251334,0.8983325326464303,short_correlation
2018-12-19,0.42479999999999996,0.4257,0.4549,0.2774,0.25579999999999997,0.4235116457936954,0.6677424903341653,0.4520793892142797,0.001288354206304576,-0.24294249033416537,46,True,-0.07303357452629218,0.12189743016238144,0.6097087414688839,no_trade
2018-12-20,0.45799999999999996,0.4484,0.4704,0.2882,0.2838,0.4248018085730892,0.6520180636155263,0.454093746809725,0.03319819142691077,-0.19401806361552631,46,True,-0.07321139754545634,0.12175554968916484,0.8739608933147186,short_correlation
2018-12-21,0.455,0.4334,0.44409999999999994,0.3171,0.3011,0.42378819473584134,0.6429922324533283,0.45514295493933904,0.031211805264158676,-0.18799223245332825,46,True,-0.0733543805685683,0.12160867626029494,0.859857939814346,short_correlation
2018-12-24,0.5278,0.4607,0.4585,0.3127,0.3607,0.43904294046797454,0.582580148611161,0.4659599552836106,0.0887570595320255,-0.054780148611160984,46,True,-0.07346179314920158,0.12150385422215015,1.3350922381823063,short_correlation
2018-12-26,0.4619,0.4346,0.4404,0.3123,0.3041,0.489185225127364,0.4647873890459868,0.5093263125376383,-0.027285225127364032,-0.0028873890459868434,46,True,-0.0733330661810765,0.12165898154397053,0.3784993139784723,no_trade
2018-12-27,0.47409999999999997,0.4521,0.45520000000000005,0.3128,0.29960000000000003,0.49232247321480543,0.4538868268721731,0.5104187399811451,-0.018222473214805468,0.02021317312782689,46,True,-0.07365186964757747,0.1214315203264985,0.4564662970844509,no_trade
2018-12-28,0.4475,0.46759999999999996,0.4754,0.2965,0.2834,0.49359517015956367,0.4493020004536445,0.5124939701843991,-0.04609517015956366,-0.0018020004536444811,46,True,-0.0739211712044198,0.12123208831808459,0.22952669900271971,no_trade
2018-12-31,0.4121,0.4598,0.46590000000000004,0.2893,0.25420000000000004,0.4969879701540275,0.428124465819296,0.5144931894742649,-0.08488797015402749,-0.016024465819295952,46,True,-0.07430658371765778,0.12098741153403772,-0.08745857360038507,no_trade
2019-01-02,0.3332,0.428,0.44920000000000004,0.2961,0.2322,0.49413097117632065,0.41683042585546987,0.5113362885792377,-0.16093097117632066,-0.08363042585546987,46,True,-0.07474446052548678,0.12082447955331198,-0.7133199412028536,no_trade
2019-01-03,0.3664,0.445,0.4642,0.312,0.2545,0.5019591385438247,0.32614028900609454,0.5226304508773848,-0.13555913854382468,0.04025971099390546,46,True,-0.07544821534504957,0.12080787955563878,-0.4975745242767105,no_trade
2019-01-04,0.3055,0.4301,0.4522,0.2921,0.2138,0.5232320757998794,0.19055083360939595,0.5421124798371125,-0.2177320757998794,0.11494916639060404,46,True,-0.07587046215371608,0.12083137678561366,-1.174046157711691,long_correlation
2019-01-07,0.2981,0.41840000000000005,0.44420000000000004,0.2994,0.214,0.5240153438160883,0.19648971643978122,0.5424390842192938,-0.2259153438160883,0.10161028356021876,46,True,-0.07655155201469378,0.1211462027233898,-1.232921779169862,long_correlation
2019-01-08,0.289,0.415,0.4464,0.2909,0.2047,0.5143931858164572,0.21813963782767243,0.5276318743939495,-0.22539318581645723,0.07086036217232755,46,True,-0.07728362130285306,0.12149005581976047,-1.219108539495082,long_correlation
2019-01-09,0.2874,0.4067,0.4326,0.287,0.1998,0.5070747566022692,0.22679198230323097,0.5239120424344114,-0.2196747566022692,0.06060801769676902,46,True,-0.07801980234323966,0.12182409687123236,-1.1627827162039899,long_correlation
2019-01-10,0.2787,0.3981,0.4303,0.285,0.195,0.50549988297955,0.22715490000726107,0.5210864572963686,-0.22679988297954995,0.05154509999273893,46,True,-0.07873631879251472,0.12212497250118219,-1.2123938384968884,long_correlation
2019-01-11,0.2545,0.3962,0.43060000000000004,0.2809,0.1819,0.5069088292634325,0.24917512080029103,0.5216255573168851,-0.2524088292634325,0.005324879199708976,46,True,-0.079556059590108,0.12242359462208119,-1.4119236590537716,long_correlation
2019-01-14,0.2698,0.39759999999999995,0.4301,0.2773,0.1907,0.49745292218201814,0.24017846160645484,0.5122628689156903,-0.22765292218201816,0.029621538393545144,46,True,-0.08046548701147607,0.12285399383735235,-1.1980679713628604,long_correlation
2019-01-15,0.268,0.3893,0.4168,0.2667,0.18600000000000003,0.5030920877419706,0.23790507000949615,0.5169215854994357,-0.23509208774197055,0.030094929990503866,46,True,-0.08126175193853998,0.1231559474429698,-1.2490694846439736,long_correlation
2019-01-16,0.2695,0.3956,0.419,0.257,0.19039999999999999,0.4973707515009515,0.26642034140090926,0.5102551194755639,-0.22787075150095149,0.003079658599090762,46,True,-0.08208679692318721,0.12348817574000669,-1.180549908557232,long_correlation
2019-01-17,0.2494,0.3872,0.41479999999999995,0.2571,0.18059999999999998,0.5049418206129798,0.262582972642675,0.5198270092943235,-0.25554182061297975,-0.013182972642674984,46,True,-0.08298798314259408,0.12372083172119146,-1.3947031802957874,long_correlation
2019-01-18,0.272,0.40740000000000004,0.4194,0.24170000000000003,0.17800000000000002,0.5120449903254223,0.23967353516588352,0.5270221056915667,-0.24004499032542226,0.0323264648341165,46,True,-0.0839453051468233,0.12411990213246324,-1.2576523385589384,long_correlation
2019-01-22,0.336,0.4403,0.4489,0.255,0.20800000000000002,0.5207640365473138,0.21698073451587765,0.5357354598189958,-0.18476403654731383,0.11901926548412237,46,True,-0.08486631878795067,0.12441450560944367,-0.8029426896004996,no_trade
2019-01-23,0.3281,0.4301,0.4324,0.2568,0.19519999999999998,0.5154303554237764,0.23473560398052176,0.5223472131096197,-0.18733035542377635,0.09336439601947824,46,True,-0.08551027974503833,0.12451027580768315,-0.8177644376598113,no_trade
2019-01-24,0.2772,0.3944,0.40850000000000003,0.2585,0.1889,0.5156942189922484,0.24270816661841735,0.5253760047147681,-0.23849421899224843,0.034491833381582654,46,True,-0.08615858337397139,0.1246137892503101,-1.2224621090069128,long_correlation
2019-01-25,0.2799,0.40090000000000003,0.41659999999999997,0.2455,0.17420000000000002,0.5067159489136431,0.25994812087139973,0.5164259373202063,-0.22681594891364315,0.019951879128600247,46,True,-0.0870190020112781,0.12491492495034279,-1.119137260482991,long_correlation
2019-01-28,0.3123,0.40549999999999997,0.419,0.254,0.1887,0.5113298978878941,0.24106379483369147,0.5184988625956923,-0.19902989788789405,0.07123620516630855,46,True,-0.08789505420585983,0.12511878485903447,-0.8882346788073805,no_trade
2019-01-29,0.3257,0.4057,0.4205,0.25379999999999997,0.1913,0.5087650457796906,0.2502220178030268,0.5170310172599394,-0.18306504577969063,0.07547798219697321,46,True,-0.08860017094729174,0.1252428468378542,-0.754253653741183,no_trade
2019-01-30,0.3062,0.3871,0.4023,0.2378,0.1766,0.5143479752502398,0.22558673716284885,0.5214985701106977,-0.20814797525023976,0.08061326283715117,46,True,-0.08919101722321247,0.12533622719896148,-0.9491027509404156,long_correlation
2019-01-31,0.2877,0.35869999999999996,0.3764,0.22640000000000002,0.16570000000000001,0.5121090943258497,0.24092580004835887,0.5181202871019353,-0.2244090943258497,0.04677419995164114,46,True,-0.08993805743349612,0.12548248965896036,-1.0716318847181192,long_correlation
2019-02-01,0.3115,0.3697,0.386,0.212,0.16140000000000002,0.5099758463058345,0.2691765177822335,0.5162767976383866,-0.19847584630583448,0.042323482217766495,46,True,-0.09078412811717983,0.1256681257055399,-0.8569533251493956,no_trade
2019-02-04,0.3134,0.3632,0.3832,0.2086,0.1573,0.5102202908308203,0.29160708699188453,0.5180799180455162,-0.1968202908308203,0.021792913008115478,46,True,-0.09151171780892517,0.12575907313975762,-0.8373835015853243,no_trade
2019-02-05,0.3566,0.3739,0.3873,0.19579999999999997,0.1557,0.5102567308551128,0.31402292959535655,0.5183491821638376,-0.15365673085511283,0.042577070404643425,46,True,-0.09237947736696267,0.12572815109121876,-0.4873789438269243,no_trade
2019-02-06,0.3447,0.36469999999999997,0.3833,0.18960000000000002,0.15380000000000002,0.5037802820107706,0.31363127676368846,0.510730458211132,-0.15908028201077062,0.031068723236311546,46,True,-0.09335739376541921,0.12523969218505246,-0.5247768267287033,no_trade
2019-02-07,0.34700000000000003,0.3732,0.38770000000000004,0.1971,0.1637,0.5050340400860499,0.3473361514581683,0.5130030373026617,-0.15803404008604988,-0.00033615145816828784,46,True,-0.09579471083820774,0.12040636987800546,-0.5169106029099823,no_trade
2019-02-08,0.31420000000000003,0.36310000000000003,0.3846,0.20679999999999998,0.1572,0.5066690438914483,0.3581734426225916,0.5130891103778877,-0.19246904389144825,-0.04397344262259156,46,True,-0.09720301877751124,0.11903745071300278,-0.800302968043408,no_trade
2019-02-11,0.3354,0.36579999999999996,0.386,0.20829999999999999,0.1597,0.5033077355398449,0.3648595145729366,0.5066676697837531,-0.1679077355398449,-0.029459514572936607,46,True,-0.09803733918542931,0.11896512191162915,-0.5873183268480774,no_trade
2019-02-12,0.33649999999999997,0.3575,0.3821,0.2004,0.1543,0.507031565844226,0.32419942380076355,0.5105769385118127,-0.17053156584422607,0.012300576199236413,46,True,-0.09967150114032637,0.11706256691165273,-0.6053178789200641,no_trade
2019-02-13,0.3522,0.3617,0.38780000000000003,0.19519999999999998,0.1565,0.5077316037788987,0.3135433932925851,0.5122648201246305,-0.15553160377889869,0.03865660670741489,46,True,-0.10030038628285566,0.11701566591722819,-0.4719984889468663,no_trade
2019-02-14,0.36310000000000003,0.36869999999999997,0.39880000000000004,0.1953,0.16219999999999998,0.5038780296949241,0.3010343419611936,0.5073627418495198,-0.1407780296949241,0.062065658038806426,46,True,-0.10079122542282432,0.11698677272433172,-0.34180620031569636,no_trade
2019-02-15,0.3064,0.3461,0.3804,0.1973,0.1491,0.5110898171026032,0.2554083966260435,0.5195323438961971,-0.20468981710260314,0.05099160337395653,46,True,-0.1012597649551779,0.11690920787470654,-0.8847040710281168,no_trade
2019-02-19,0.3375,0.3358,0.38539999999999996,0.18739999999999998,0.14880000000000002,0.5172854410833352,0.2555961480212736,0.5223502880122197,-0.17978544108333516,0.0819038519787264,46,True,-0.10172270508377647,0.11708744982207298,-0.6667045538884265,no_trade
2019-02-20,0.3177,0.31629999999999997,0.37170000000000003,0.19039999999999999,0.1402,0.5124985910498863,0.2804120050264829,0.5214550150355497,-0.19479859104988628,0.03728799497351709,46,True,-0.1020946944930081,0.11718630753319072,-0.7910813004379511,no_trade
2019-02-21,0.3195,0.31420000000000003,0.37079999999999996,0.19079999999999997,0.1446,0.5135066203823455,0.34473706043723007,0.523601314477129,-0.1940066203823455,-0.025237060437230063,46,True,-0.10247461426340608,0.11733153085604284,-0.7801143090107847,no_trade
2019-02-22,0.2839,0.2985,0.35850000000000004,0.18899999999999997,0.1351,0.5153528397598353,0.3339633895909831,0.5256627029464596,-0.23145283975983527,-0.05006338959098311,46,True,-0.10302443006653875,0.1174348954490028,-1.0936136929509828,long_correlation
2019-02-25,0.3214,0.3098,0.36619999999999997,0.18350000000000002,0.1485,0.5133290870431096,0.3531358763905808,0.5222902889470702,-0.19192908704310963,-0.031735876390580786,46,True,-0.1037764078920756,0.1176488026934392,-0.749286666186786,no_trade
2019-02-26,0.35109999999999997,0.3258,0.382,0.1796,0.1517,0.5161494583554714,0.36138774457029743,0.5247176050306126,-0.16504945835547147,-0.010287744570297463,46,True,-0.1042973598067073,0.11774768728737552,-0.5159515226867457,no_trade
2019-02-27,0.341,0.324,0.3825,0.182,0.147,0.507965917637818,0.3595914071299636,0.5153393108006347,-0.16696591763781793,-0.0185914071299636,46,True,-0.10438016913983658,0.11778318130719587,-0.5313640521794747,no_trade
2019-02-28,0.3444,0.3276,0.3848,0.18289999999999998,0.1478,0.5089508681834303,0.3705952673281872,0.516100136529772,-0.1645508681834303,-0.02619526732818722,46,True,-0.1045151487166292,0.11783553289652261,-0.5094874015592692,no_trade
2019-03-01,0.26780000000000004,0.2914,0.3604,0.1869,0.13570000000000002,0.5078293313140504,0.37124614864043054,0.5162698537269449,-0.24002933131405035,-0.1034461486404305,46,True,-0.10476331817142516,0.11789608022025382,-1.1473325736523285,long_correlation
2019-03-04,0.2988,0.3061,0.36950000000000005,0.198,0.1463,0.5110040706162884,0.3715138035869427,0.5177917719830792,-0.21220407061628838,-0.07271380358694268,46,True,-0.10526932921108809,0.11820272961497612,-0.9046723519289339,long_correlation
2019-03-05,0.3209,0.31679999999999997,0.3763,0.1911,0.1474,0.4938498441132423,0.36686269516193615,0.4962864644611363,-0.17294984411324227,-0.04596269516193613,46,True,-0.10569132782065725,0.11839452279604377,-0.5680880728616992,no_trade
2019-03-06,0.3651,0.34240000000000004,0.3947,0.17379999999999998,0.1574,0.49916337020635543,0.3504047230122796,0.5009123479111313,-0.13406337020635545,0.014695276987720385,46,True,-0.10572455991827316,0.11841229075474743,-0.23932321642841045,no_trade
2019-03-07,0.4004,0.35590000000000005,0.4029,0.17980000000000002,0.1659,0.4878429079584645,0.33127344584220264,0.4878904187722668,-0.08744290795846454,0.06912655415779734,46,True,-0.1056183933582884,0.11837468627549896,0.15354199425308887,no_trade
2019-03-08,0.3627,0.35609999999999997,0.4004,0.188,0.1605,0.4904179732457148,0.33701817073718987,0.49015705489638584,-0.12771797324571477,0.025681829262810152,46,True,-0.10536146353218122,0.11834346368751027,-0.18891207859663997,no_trade
2019-03-11,0.319,0.32799999999999996,0.38060000000000005,0.1867,0.1433,0.49761753830754163,0.30014100382131154,0.4980735599883834,-0.17861753830754162,0.01885899617868847,46,True,-0.1051580659891214,0.11826045913196648,-0.6211668114398831,no_trade
2019-03-12,0.304,0.3171,0.3699,0.18899999999999997,0.1377,0.4999439469595488,0.2969798198512562,0.5000883712839213,-0.1959439469595488,0.007020180148743782,46,True,-0.10515000801967908,0.1182553640059145,-0.7677786094787945,no_trade
2019-03-13,0.3006,0.3125,0.3654,0.1743,0.1341,0.5024366065063551,0.2881275403858776,0.5025243835547921,-0.20183660650635515,0.012472459614122355,46,True,-0.10499182027435792,0.1181064586020581,-0.8199787494966819,no_trade
2019-03-14,0.3054,0.3097,0.3586,0.1793,0.135,0.5037593016995896,0.2730273296917856,0.504447262081799,-0.1983593016995896,0.03237267030821439,46,True,-0.10493673627858652,0.11805783810642387,-0.7913287835813732,no_trade
2019-03-15,0.2825,0.3119,0.3614,0.18469999999999998,0.1288,0.4870997961149332,0.28007403306322753,0.4896657667434026,-0.20459979611493323,0.002425966936772439,46,True,-0.10486408059261626,0.11799441860729502,-0.8452579088020592,no_trade
2019-03-18,0.2953,0.31989999999999996,0.36210000000000003,0.1844,0.131,0.49098883702461477,0.27652674548291056,0.4953400359544842,-0.19568883702461476,0.018773254517089444,46,True,-0.10487323827823264,0.11800209953590622,-0.7696100247669605,no_trade
2019-03-19,0.31120000000000003,0.32439999999999997,0.36450000000000005,0.19219999999999998,0.1356,0.4802999336233518,0.2598876968191087,0.4849948431302808,-0.1690999336233518,0.051312303180891305,46,True,-0.1047548015729861,0.1178954407762449,-0.545781343423509,no_trade
2019-03-20,0.3002,0.325,0.3639,0.1963,0.1391,0.474446949857456,0.2631503322450242,0.4808360809567677,-0.17424694985745598,0.03704966775497581,46,True,-0.10443663447298984,0.11761170654516465,-0.5935660440200988,no_trade
2019-03-21,0.2849,0.3134,0.3481,0.19760000000000003,0.1363,0.47403037409817156,0.23730503363289732,0.48313714034058974,-0.18913037409817157,0.04759496636710267,46,True,-0.10439382439401022,0.11758421242530005,-0.720645637338376,no_trade
2019-03-22,0.36829999999999996,0.3796,0.3921,0.2003,0.1648,0.4470600917964229,0.15787632352367917,0.4710991525834704,-0.07876009179642296,0.2104236764763208,46,True,-0.1044501270361578,0.11762151847316625,0.2184127154045854,no_trade
2019-03-25,0.33509999999999995,0.3713,0.3835,0.2125,0.16329999999999997,0.3590688749139282,0.15505937599942604,0.3826610865320445,-0.02396887491392824,0.1800406240005739,46,True,-0.10400956147904783,0.11750849178064668,0.681148105572929,no_trade
2019-03-26,0.29359999999999997,0.3557,0.37329999999999997,0.2159,0.14679999999999999,0.35801485660920757,0.1265993802725538,0.382693426167618,-0.0644148566092076,0.16700061972744618,46,True,-0.1036495050924973,0.11761455628576305,0.3335866726220772,no_trade
2019-03-27,0.3063,0.36460000000000004,0.3851,0.2205,0.1515,0.36146487130839083,0.09532057751154725,0.38489939360704567,-0.05516487130839082,0.21097942248845275,46,True,-0.10350187026788178,0.11764046258655361,0.4108875288035115,no_trade
2019-03-28,0.2698,0.3436,0.3697,0.21780000000000002,0.14429999999999998,0.35588490858758876,0.0980391772425855,0.3801266057459035,-0.08608490858758877,0.1717608227574145,46,True,-0.10294776176404867,0.11753752630477518,0.14346782433326416,no_trade
2019-03-29,0.2278,0.3332,0.3615,0.212,0.1371,0.36172912739921353,0.08258791349599916,0.3875750778510223,-0.13392912739921353,0.14521208650400086,46,True,-0.1025297962625851,0.11740889433497814,-0.2674357110206942,no_trade
2019-04-01,0.1984,0.318,0.35090000000000005,0.213,0.134,0.32024661548883243,0.10322260924643546,0.35335062094525077,-0.12184661548883244,0.09517739075356453,46,True,-0.10226085337416804,0.11725834495133053,-0.16703085927738193,no_trade
2019-04-02,0.1856,,0.3504,0.2177,0.1336,0.25601930563329167,0.103988957151978,0.2830427193011706,-0.07041930563329168,0.08161104284802198,46,True,-0.10185760358431835,0.11701434221657522,0.26867046684618623,no_trade
2019-04-03,0.1973,0.3095,0.3394,0.2182,0.1374,0.25659224295663785,0.1176382379578314,0.28268157053219517,-0.05929224295663785,0.0796617620421686,46,True,-0.10132454665319413,0.11684960563414139,0.35971284172032486,no_trade
2019-04-04,0.18539999999999998,0.2988,0.33490000000000003,0.2232,0.1358,0.25263859293792085,0.13154600196160254,0.27882627550696,-0.06723859293792087,0.05385399803839744,46,True,-0.10065526253431996,0.11660418927817844,0.286582067104623,no_trade
2019-04-05,0.1522,0.28059999999999996,0.321,0.2242,0.1282,0.2572715710794292,0.2126780507818457,0.28354660472390664,-0.10507157107942922,-0.060478050781845705,46,True,-0.0999447277207542,0.11625822625653573,-0.044098757771876766,no_trade
2019-04-08,0.15789999999999998,0.2812,0.3197,0.23190000000000002,0.1318,0.2584879061394375,0.2100388254408273,0.28421146900739686,-0.10058790613943752,-0.05213882544082732,46,True,-0.09927843164929923,0.1157425980746395,-0.011313678040075173,no_trade
2019-04-09,0.1941,0.3095,0.34299999999999997,0.2404,0.14279999999999998,0.26287618109984473,0.20393112135237196,0.28668311723304074,-0.06877618109984474,-0.009831121352371963,46,True,-0.09863461353716971,0.1152795272995916,0.259008977020942,no_trade
2019-04-10,0.1675,0.28800000000000003,0.32689999999999997,0.2401,0.133,0.2597168284553529,0.20908275929870757,0.28791614256076503,-0.09221682845535287,-0.041582759298707556,46,True,-0.09803162126006372,0.11503549220402129,0.050547815229042725,no_trade
2019-04-11,0.15560000000000002,0.28059999999999996,0.3239,0.24309999999999998,0.13019999999999998,0.2581148491491055,0.2892477809782748,0.28408022901140595,-0.10251484914910547,-0.1336477809782748,46,True,-0.0974155403994222,0.11464705675701536,-0.04447832237412618,no_trade
2019-04-12,0.1341,0.262,0.3128,0.2452,0.1201,0.25717283430479987,0.3131690945578179,0.2807319581281014,-0.12307283430479987,-0.1790690945578179,46,True,-0.09681795935556328,0.11422399838835447,-0.2298542803585955,no_trade
2019-04-15,0.1387,0.2601,0.3151,0.24780000000000002,0.1232,0.2531020059724924,0.3208426503485836,0.27458032995648957,-0.1144020059724924,-0.18214265034858362,46,True,-0.09616230697607345,0.11359297313323859,-0.1605706628967686,no_trade
2019-04-16,0.15,0.2718,0.32420000000000004,0.2403,0.12179999999999999,0.23947220456446836,0.3371926808449263,0.2590210789313609,-0.08947220456446836,-0.18719268084492632,46,True,-0.09536208099768295,0.11274483814519662,0.05224076356940979,no_trade
2019-04-17,0.1605,0.2777,0.3292,0.2432,0.126,0.22273041119654255,0.3678961084379717,0.24322399869342123,-0.062230411196542545,-0.2073961084379717,46,True,-0.09434263845893391,0.11162201417064391,0.2876872228205746,no_trade
2019-04-18,0.15789999999999998,0.2792,0.32770000000000005,0.23199999999999998,0.1209,0.2292101488983326,0.37141383226738295,0.24882173972673685,-0.07131014889833262,-0.21351383226738296,46,True,-0.09314246865562101,0.11032219357103715,0.19789599037686303,no_trade
2019-04-22,0.15789999999999998,0.276,0.3262,0.2253,0.1242,0.23322257583981287,0.37923406985331976,0.255314947088378,-0.07532257583981289,-0.22133406985331977,46,True,-0.09196774007868243,0.10895851091551902,0.15276607672965875,no_trade
2019-04-23,0.15289999999999998,0.2648,0.3154,0.2242,0.12279999999999999,0.23973022100586788,0.3728963251263276,0.2640999142130051,-0.0868302210058679,-0.2199963251263276,46,True,-0.09084093992293246,0.10764343741056497,0.037259298044962995,no_trade
2019-04-24,0.1724,0.2754,0.3234,0.2224,0.13140000000000002,0.235090682761618,0.3823440790093632,0.2590929395702881,-0.06269068276161799,-0.20994407900936318,46,True,-0.08982901082001121,0.10646668396434675,0.25489972118866056,no_trade
2019-04-25,0.1932,0.2852,0.325,0.21030000000000001,0.1325,0.23159969286305257,0.40223448093207836,0.254244518355364,-0.03839969286305256,-0.20903448093207835,46,True,-0.08876925005498122,0.10539274021089196,0.47792245548544104,no_trade
2019-04-26,0.18989999999999999,0.284,0.3235,0.2045,0.1273,0.2143234157031794,0.41221907616441045,0.22880793572498132,-0.024423415703179407,-0.22231907616441046,46,True,-0.08783657197458243,0.10479027912412842,0.605143499964224,no_trade
2019-04-29,0.2059,0.2933,0.33399999999999996,0.2018,0.1311,0.2147925613221783,0.4112263199362631,0.2290254095096127,-0.008892561322178305,-0.20532631993626307,46,True,-0.08693401104147608,0.10435041019658048,0.7478787057212274,no_trade
2019-04-30,0.2332,0.3074,0.3408,0.1917,0.13119999999999998,0.2184459398648756,0.41535645668892957,0.2302040859223555,0.014754060135124397,-0.18215645668892957,46,True,-0.08586844634355865,0.10376694733842041,0.9696970862072077,short_correlation
2019-05-01,0.3237,0.3418,0.3614,0.17629999999999998,0.14800000000000002,0.22829628864726498,0.4414211133105059,0.23434725291533806,0.09540371135273501,-0.11772111331050589,46,True,-0.08477439862715692,0.10336631842256912,1.7431027120779377,short_correlation
2019-05-02,0.3114,0.32880000000000004,0.35090000000000005,0.184,0.1442,0.22732261208015872,0.40619667814800847,0.23199725626625697,0.08407738791984129,-0.09479667814800846,46,True,-0.08341269375992291,0.10347104815599624,1.6187144584372126,short_correlation
2019-05-03,0.25579999999999997,0.2956,0.3281,0.18600000000000003,0.12869999999999998,0.23136160355798818,0.4470109745894753,0.2377369907338787,0.02443839644201179,-0.19121097458947534,46,True,-0.08210437681592472,0.10349628190622617,1.029435756489017,short_correlation
2019-05-06,0.3256,0.3222,0.34130000000000005,0.1883,0.15439999999999998,0.22533776479482232,0.45937322663521823,0.231388873479265,0.10026223520517769,-0.13377322663521823,46,True,-0.08141028524418474,0.10362238574830678,1.7532169244842062,short_correlation
2019-05-07,0.4836,0.40630000000000005,0.3921,0.19640000000000002,0.1932,0.2572981658442093,0.438373714323444,0.25753144646743514,0.2263018341557907,0.045226285676555955,46,True,-0.08046423690846348,0.1041891129850097,2.9443198264716046,short_correlation
2019-05-08,0.502,0.4021,0.3873,0.17579999999999998,0.19399999999999998,0.2580539054212957,0.44572725244694034,0.25776733271784846,0.2439460945787043,0.056272747553059665,46,True,-0.07878234391669453,0.10570169916671192,3.053200100278369,short_correlation
2019-05-09,0.48450000000000004,0.3935,0.3865,0.1918,0.191,0.24675538139304168,0.43566404857999663,0.24393421113725366,0.23774461860695836,0.04883595142000341,46,True,-0.07719263101873487,0.10752256824394352,2.9290339206851383,short_correlation
2019-05-10,0.3957,0.3592,0.36590000000000006,0.19079999999999997,0.1604,0.24744749745661734,0.42656737155526847,0.2434952597051703,0.14825250254338265,-0.030867371555268475,46,True,-0.07562735615075915,0.10921820444881955,2.049840132640649,short_correlation
2019-05-13,0.48009999999999997,0.41490000000000005,0.4014,0.2069,0.20550000000000002,0.28463781859207277,0.36509666017284054,0.2896513167600377,0.1954621814079272,0.11500333982715943,46,True,-0.07427074165732171,0.1098680871644359,2.4550616109439374,short_correlation
2019-05-14,0.47619999999999996,0.4089,0.39840000000000003,0.18969999999999998,0.18059999999999998,0.2779584126283733,0.3493769058976504,0.2867656207676779,0.19824158737162667,0.12682309410234954,46,True,-0.0725997972164558,0.11075559145498319,2.4453969414101,short_correlation
2019-05-15,0.4515,0.3911,0.3848,0.1784,0.16440000000000002,0.2794285730910949,0.3483979073787856,0.28719939346981677,0.1720714269089051,0.10310209262121439,46,True,-0.07089598390417076,0.11160656050456404,2.1769993602046354,short_correlation
2019-05-16,0.4164,0.3625,0.3663,0.1764,0.15289999999999998,0.2833190534962776,0.3404325711676486,0.2902004830614894,0.13308094650372237,0.07596742883235141,46,True,-0.06940449451410086,0.11233266424704007,1.8025517544257716,short_correlation
2019-05-17,0.39399999999999996,0.36090000000000005,0.3653,0.1843,0.15960000000000002,0.28514542236704193,0.3393152472290841,0.2918678342790149,0.10885457763295803,0.054684752770915834,46,True,-0.0682041475557022,0.11287465030615809,1.5686314394632543,short_correlation
2019-05-20,0.3967,0.35950000000000004,0.3715,0.20199999999999999,0.1631,0.2831935009592,0.33739911206825474,0.2895500689079069,0.11350649904080001,0.05930088793174526,46,True,-0.06701226172182743,0.11315296793021129,1.5953515322193315,short_correlation
2019-05-21,0.37329999999999997,0.33990000000000004,0.3586,0.1893,0.1495,0.2850267353358772,0.3428617733485194,0.29312077887988863,0.08827326466412277,0.03043822665148055,46,True,-0.06577516033629142,0.11341637791065048,1.358255552137044,short_correlation
2019-05-22,0.368,0.3336,0.3529,0.1946,0.1475,0.2827146175017274,0.3482476712759847,0.29055493002022115,0.08528538249827261,0.019752328724015278,46,True,-0.06464435051312545,0.11352644599336777,1.3206590913641125,short_correlation
2019-05-23,0.401,0.3594,0.374,0.2141,0.16920000000000002,0.28800087997777374,0.3278171927358931,0.29995303318249167,0.11299912002222628,0.07318280726410692,46,True,-0.06353856713616769,0.11362466544449007,1.5536915903584267,short_correlation
2019-05-24,0.4093,0.3715,0.38549999999999995,0.1962,0.1585,0.28739083507295454,0.34049550480189894,0.29984285492031776,0.12190916492704545,0.06880449519810106,46,True,-0.062395363013930366,0.11394666710603432,1.6174630870902895,short_correlation
2019-05-28,0.46409999999999996,0.3943,0.4042,0.2009,0.175,0.29011268653940914,0.31560462263203365,0.2953039719625522,0.17398731346059082,0.1484953773679663,46,True,-0.06108233418806936,0.11415710417684383,2.0591766876331015,short_correlation
2019-05-29,0.4507,0.39289999999999997,0.409,0.209,0.179,0.2940597408620585,0.30114414183151694,0.2992528973268811,0.1566402591379415,0.14955585816848305,46,True,-0.059538785846155046,0.11469626763210472,1.884795812863798,short_correlation
2019-05-30,0.4515,0.3883,0.4071,0.2079,0.17300000000000001,0.2927997601793272,0.29636698947292994,0.2980340941804592,0.15870023982067283,0.15513301052707007,46,True,-0.058134608549524715,0.11516913189235364,1.88275143527928,short_correlation
2019-05-31,0.4854,0.4045,0.41729999999999995,0.2121,0.18710000000000002,0.3073255304325544,0.230928055492601,0.3105154812875985,0.1780744695674456,0.25447194450739896,46,True,-0.057116651250967286,0.115947973233765,2.0284194217370186,short_correlation
2019-06-03,0.4568,0.3923,0.40369999999999995,0.23,0.1886,0.29008297646922543,0.2567912684386423,0.29343122371873165,0.16671702353077456,0.20000873156135768,46,True,-0.05575861902667068,0.1166911185737801,1.90653449274103,short_correlation
2019-06-04,0.4277,0.3644,0.3837,0.2193,0.1697,0.31445757873541075,0.1916787460372899,0.32425242355946143,0.11324242126458928,0.23602125396271012,46,True,-0.05447778606033868,0.11735538974858738,1.4291649295719444,short_correlation
2019-06-05,0.37329999999999997,0.3421,0.3679,0.2236,0.1609,0.30254800444102625,0.20147503472444503,0.30943222894971434,0.07075199555897371,0.17182496527555494,46,True,-0.05326046085828669,0.1174982763029386,1.0554406440612514,short_correlation
2019-06-06,0.3757,0.34409999999999996,0.37060000000000004,0.21489999999999998,0.1593,0.3053424846952212,0.20122864254505943,0.3117960351740056,0.0703575153047788,0.17447135745494055,46,True,-0.052077928062568626,0.11723954287297114,1.0443186690006632,short_correlation
2019-06-07,0.3772,0.3489,0.3737,0.2061,0.163,0.30777972902184164,0.18204947578131786,0.3141284107051806,0.06942027097815834,0.19515052421868212,46,True,-0.050907199476480224,0.11698198665807505,1.0285982815999013,short_correlation
2019-06-10,0.3664,0.33909999999999996,0.368,0.21289999999999998,0.1594,0.3044661087543355,0.18913584471845177,0.31162837114765357,0.06193389124566451,0.17726415528154824,46,True,-0.04957051384398256,0.1164212331457363,0.9577669131030906,short_correlation
2019-06-11,0.38299999999999995,0.3453,0.3715,0.2132,0.15990000000000001,0.3054149874940491,0.18995303330886862,0.31267426869661374,0.07758501250595085,0.19304696669113133,46,True,-0.048316723444511614,0.11591085248147953,1.0861945474051213,short_correlation
2019-06-12,0.3765,0.3468,0.37020000000000003,0.19760000000000003,0.1591,0.3049978298983772,0.18803416640598633,0.31214412428889016,0.0715021701016228,0.18846583359401367,46,True,-0.04702160392047723,0.11548456274344907,1.0263170349910977,short_correlation
2019-06-13,0.3772,0.3461,0.3666,0.19760000000000003,0.1582,0.3053051818718095,0.19108784344965365,0.314566708127721,0.07189481812819049,0.18611215655034632,46,True,-0.04576425807313802,0.1150406733253654,1.022760670641744,short_correlation
2019-06-14,0.3589,0.34369999999999995,0.36329999999999996,0.19440000000000002,0.1528,0.30513479441225655,0.2070096627235927,0.31468341789533355,0.05376520558774345,0.1518903372764073,46,True,-0.044488604603797284,0.11455300874920493,0.857714793040935,short_correlation
2019-06-17,0.3518,0.3496,0.3674,0.2076,0.1535,0.3001819562730458,0.21741934609488608,0.3079315192257864,0.05161804372695422,0.13438065390511392,46,True,-0.043395582447413324,0.11416905033534963,0.8322187659026967,short_correlation
2019-06-18,0.34490000000000004,0.3525,0.3691,0.21050000000000002,0.1515,0.2882035109711012,0.20276730590507946,0.29547542640762287,0.056696489028898844,0.14213269409492058,46,True,-0.042187103580025725,0.11355250888656362,0.8708182106985151,short_correlation
2019-06-19,0.3006,0.3317,0.35240000000000005,0.2091,0.1433,0.28646089742839126,0.22834103606651648,0.29467352505281597,0.01413910257160872,0.0722589639334835,46,True,-0.040943828410558505,0.11290882324664249,0.4878532022412624,no_trade
2019-06-20,0.3032,0.3353,0.3468,0.2126,0.1475,0.2857369337936261,0.20749035522100848,0.2951083768048383,0.017463066206373945,0.09570964477899155,46,True,-0.03994457503210838,0.11227330823816004,0.5113204744684838,no_trade
2019-06-21,0.3272,0.37170000000000003,0.37189999999999995,0.20929999999999999,0.154,0.28118671469804407,0.2108055550236715,0.29138905003898213,0.04601328530195592,0.1163944449763285,46,True,-0.03908880704698688,0.11188352219608613,0.7606311517418408,short_correlation
2019-06-24,0.3056,0.3489,0.34659999999999996,0.21109999999999998,0.15259999999999999,0.28309135204604546,0.19762017243295948,0.29148728559474313,0.02250864795395452,0.1079798275670405,46,True,-0.0381404459636906,0.1115864182785411,0.5435168083471713,no_trade
2019-06-25,0.3177,0.37189999999999995,0.376,0.2217,0.1628,0.28156317331326375,0.1653224785421075,0.2849603226640349,0.036136826686736234,0.1523775214578925,46,True,-0.03741587908595859,0.11138408362727055,0.660352030356756,no_trade
2019-06-26,0.3091,0.3557,0.35590000000000005,0.2212,0.16210000000000002,0.2755733184064221,0.1677144491028086,0.27463866046822216,0.03352668159357791,0.14138555089719138,46,True,-0.03651625558307722,0.11105722160109388,0.6306923238926521,no_trade
2019-06-27,0.28559999999999997,0.3527,0.3632,0.2212,0.1582,0.27638691989833425,0.16676376453911737,0.27614713518474193,0.009213080101665716,0.1188362354608826,46,True,-0.035840056526643634,0.11096245259075499,0.4060214565955171,no_trade
2019-06-28,0.2529,0.3186,0.3292,0.2235,0.1508,0.27648640549850995,0.1784035555417777,0.276451176249902,-0.023586405498509933,0.07449644445822232,46,True,-0.03533383723398396,0.11087546878928632,0.10595158571820312,no_trade
2019-07-01,0.23620000000000002,0.3,0.3115,0.2104,0.1406,0.2800252986359087,0.23708395162386306,0.28118954899559856,-0.04382529863590867,-0.0008839516238630385,46,True,-0.03511925860088752,0.11084554849105889,-0.07854208088224134,no_trade
2019-07-02,0.21359999999999998,0.2877,0.3151,0.2101,0.1293,0.279244917165197,0.25145038572189177,0.27928853661649994,-0.06564491716519702,-0.03785038572189178,46,True,-0.0348861545296669,0.11076487919417984,-0.2776941830235512,no_trade
2019-07-03,0.19440000000000002,0.2705,0.2919,0.2126,0.1257,0.2812772821901771,0.23642100508391833,0.28032420850090395,-0.0868772821901771,-0.04202100508391832,46,True,-0.03466588923080204,0.11064777741907018,-0.4718702370462292,no_trade
2019-07-05,0.1948,0.2774,0.2966,0.2182,0.1328,0.2798644345156366,0.35848992463646495,0.2790375755701182,-0.08506443451563658,-0.16368992463646495,46,True,-0.03462336004874361,0.11062555087613361,-0.4559622444128786,no_trade
2019-07-08,0.2183,0.298,0.3125,0.2271,0.1396,0.28061934976413344,0.38451307204098417,0.27885308661631714,-0.06231934976413345,-0.16621307204098418,46,True,-0.03463878636546974,0.11063233930544754,-0.25020318265385094,no_trade
2019-07-09,0.2306,0.316,0.3356,0.22579999999999997,0.1409,0.2811133850769387,0.3747637504734434,0.2793646416115761,-0.05051338507693873,-0.1441637504734434,46,True,-0.03445364251678799,0.11054644700341705,-0.1452759721861918,no_trade
2019-07-10,0.2007,0.29600000000000004,0.3155,0.22870000000000001,0.1303,0.2897975230881195,0.4095918708401649,0.29081691392450243,-0.08909752308811952,-0.20889187084016492,46,True,-0.03409604593500477,0.11034719759806509,-0.4984401810860232,no_trade
2019-07-11,0.1931,0.29760000000000003,0.3273,0.23010000000000003,0.1293,0.28886759823897235,0.4158429871251807,0.28945403019247445,-0.09576759823897235,-0.2227429871251807,46,True,-0.03383425100162057,0.11013710650130516,-0.5623295291184888,no_trade
2019-07-12,0.1638,0.2756,0.3055,0.2329,0.12390000000000001,0.2890482285746337,0.4391737439653118,0.2910879693255042,-0.1252482285746337,-0.2753737439653118,46,True,-0.03359570640869115,0.10993663097447738,-0.8336850179374731,no_trade
2019-07-15,0.1722,0.2839,0.3119,0.23379999999999998,0.1268,0.29744555854772636,0.4661800377314573,0.2985045174733015,-0.12524555854772637,-0.2939800377314573,46,True,-0.03355847924065527,0.10990386569801572,-0.8342479923226802,no_trade
2019-07-16,0.1761,0.2957,0.332,0.23870000000000002,0.1286,0.3011203158235243,0.5260684132106089,0.30095335420498637,-0.12502031582352427,-0.3499684132106089,46,True,-0.03346662879747807,0.10981715100492334,-0.8336920616520243,no_trade
2019-07-17,0.2029,0.304,0.3292,0.2394,0.13970000000000002,0.30252141345185163,0.5114342284415311,0.3018712376952965,-0.09962141345185163,-0.3085342284415311,46,True,-0.03332628598476249,0.10967681387428345,-0.6044589109151149,no_trade
2019-07-18,0.20679999999999998,0.3155,0.3465,0.2324,0.1353,0.29896536307291716,0.5328944510404442,0.29728614886994187,-0.09216536307291717,-0.3260944510404442,46,True,-0.033108439961983295,0.10948949601251427,-0.5393843725811276,no_trade
2019-07-19,0.23010000000000003,0.3265,0.3414,0.2238,0.1445,0.30342697680025793,0.5451017927143602,0.30017508884583677,-0.0733269768002579,-0.3150017927143602,46,True,-0.03285831200533345,0.10928127335188599,-0.3703165561094374,no_trade
2019-07-22,0.2075,0.3139,0.32799999999999996,0.2225,0.1353,0.3093686405872825,0.547467227391145,0.3074653341798081,-0.10186864058728248,-0.33996722739114493,46,True,-0.03251447133423607,0.10901571370933553,-0.6361850681266262,no_trade
2019-07-23,0.1891,0.3086,0.3323,0.2273,0.1261,0.3146294667739004,0.5626192308565762,0.31546947200272174,-0.12552946677390042,-0.3735192308565762,46,True,-0.0324004285330293,0.10892768499615797,-0.8549620626212328,no_trade
2019-07-24,0.1789,0.2874,0.3069,0.2268,0.1207,0.3065242277964208,0.5842424460477801,0.30740897430668596,-0.1276242277964208,-0.4053424460477801,46,True,-0.03243497459469195,0.10895594309712037,-0.8736490226777235,no_trade
2019-07-25,0.221,0.3267,0.3407,0.21559999999999999,0.1274,0.3093068210864092,0.6202351192088392,0.31186625071570034,-0.08830682108640922,-0.39923511920883925,46,True,-0.032522386487674845,0.10902368709594563,-0.5116726106469104,no_trade
2019-07-26,0.21660000000000001,0.3059,0.311,0.1991,0.1216,0.3039018397393724,0.6362226845035728,0.30722601587020576,-0.08730183973937239,-0.41962268450357276,46,True,-0.032507507980992716,0.10901578567636866,-0.5026274994801733,no_trade
2019-07-29,0.2248,0.3062,0.3146,0.2036,0.1283,0.302299603729624,0.629988666647984,0.3064676955536251,-0.077499603729624,-0.40518866664798403,46,True,-0.0324609115863863,0.10898973913843098,-0.41323791119485814,no_trade
2019-07-30,0.2934,0.34490000000000004,0.353,0.2002,0.1394,0.29899782464899183,0.6417401725723952,0.3002646545665869,-0.005597824648991834,-0.34834017257239525,46,True,-0.03238656936239617,0.10895244908775492,0.24587556257526205,no_trade
2019-07-31,0.3556,0.3663,0.3588,0.1925,0.1612,0.3136607462256257,0.642272207470207,0.31348891198703605,0.04193925377437435,-0.28667220747020694,46,True,-0.03217210983386958,0.10895177640894593,0.6802217095577224,no_trade
2019-08-01,0.424,0.4052,0.3935,0.2016,0.1787,0.2966922242560617,0.6508034024030485,0.29844856844208356,0.1273077757439383,-0.22680340240304847,46,True,-0.0318761310958539,0.10905174541175815,1.4597098491064475,short_correlation
2019-08-02,0.3972,0.38689999999999997,0.3675,0.21100000000000002,0.1761,0.2966299432899394,0.6482981405397408,0.29983590010813327,0.10057005671006058,-0.2510981405397408,46,True,-0.031158506327221232,0.10950274730672939,1.2029703936860638,short_correlation
2019-08-05,0.48479999999999995,0.43579999999999997,0.4086,0.2421,0.2459,0.3461259775085943,0.6090645004875852,0.3464211948357952,0.13867402249140565,-0.12426450048758525,46,True,-0.030662865088909176,0.10981599367194633,1.542005694418023,short_correlation
2019-08-06,0.4401,0.42590000000000006,0.41759999999999997,0.22829999999999998,0.20170000000000002,0.353434985121358,0.590622844299493,0.3533623029771939,0.08666501487864198,-0.15052284429949297,46,True,-0.029969840642940362,0.1103322305077894,1.0571240605286956,short_correlation
2019-08-07,0.3875,0.38549999999999995,0.37799999999999995,0.2261,0.1949,0.3273089150741208,0.6013304237010567,0.3235191633791573,0.06019108492587921,-0.2138304237010567,46,True,-0.02942872832497337,0.11056923131397879,0.8105312136643419,short_correlation
2019-08-08,0.3565,0.3654,0.373,0.20929999999999999,0.1691,0.3388506113439284,0.5642751184764978,0.3358325197318083,0.017649388656071574,-0.20777511847649782,46,True,-0.029058838264679906,0.11071298469418342,0.4218857169262587,no_trade
2019-08-09,0.3729,0.3667,0.36369999999999997,0.215,0.1797,0.3397335289906367,0.5414089974947673,0.3364448886850996,0.03316647100936332,-0.16850899749476733,46,True,-0.02885008963362516,0.11075140892687889,0.559961821198442,no_trade
2019-08-12,0.46299999999999997,0.4106,0.3968,0.22010000000000002,0.2109,0.3474529811304478,0.523995806065,0.3441581952736798,0.11554701886955215,-0.06099580606499999,46,True,-0.02859796627982834,0.11082023504944563,1.300709974898231,short_correlation
2019-08-13,0.4228,0.4012,0.4043,0.20800000000000002,0.1752,0.3573267967559328,0.5076188504113558,0.35346153325287216,0.06547320324406719,-0.08481885041135578,46,True,-0.028117008154749507,0.11118262007341653,0.8417701555964129,short_correlation
2019-08-14,0.5162,0.4461,0.43520000000000003,0.2148,0.221,0.3965487147661386,0.41245816902768856,0.3916589583619423,0.11965128523386137,0.10374183097231143,46,True,-0.027956809176650565,0.1112886418190887,1.3263536331988335,short_correlation
2019-08-15,0.5136,0.44909999999999994,0.4509,0.2183,0.2118,0.3850484267373375,0.4399057204038808,0.3802277795626047,0.12855157326266242,0.07369427959611913,46,True,-0.027752115461169513,0.11151317696964141,1.4016611576440368,short_correlation
2019-08-16,0.4339,0.4108,0.41,0.2047,0.18469999999999998,0.3936882965036323,0.42270449134584315,0.3903072569183626,0.04021170349636771,0.01119550865415686,46,True,-0.027379958685526264,0.11187855389052542,0.6041520902033938,no_trade
2019-08-19,0.38770000000000004,0.3617,0.38049999999999995,0.2003,0.16879999999999998,0.3962168327891223,0.412500352383933,0.39185209819322026,-0.008516832789122242,-0.024800352383932966,46,True,-0.027489740175262397,0.11179825477211316,0.16970665083112493,no_trade
2019-08-20,0.4421,0.40380000000000005,0.4225,0.1998,0.175,0.3971180395998818,0.40135889997643637,0.3927602188599591,0.044981960400118204,0.040741100023563626,46,True,-0.027649046227930255,0.11174226759812134,0.6499868687940388,no_trade
2019-08-21,0.3944,0.3582,0.3751,0.19899999999999998,0.158,0.400113286015052,0.3888026935093856,0.4007347797313753,-0.005713286015052055,0.005597306490614351,46,True,-0.027471552439974265,0.1118222603781771,0.19457902524360426,no_trade
2019-08-22,0.4021,0.37,0.4004,0.2025,0.1668,0.39783955898200485,0.38619822884801897,0.399316239544873,0.004260441017995165,0.015901771151981048,46,True,-0.027514793790443835,0.111811688824628,0.28418526848545445,no_trade
2019-08-23,0.4768,0.4302,0.4347,0.2256,0.19870000000000002,0.4263390771748796,0.26013358864348474,0.42792035890097097,0.05046092282512038,0.21666641135651526,46,True,-0.027579011115617127,0.11178867994114149,0.6981022942736848,no_trade
2019-08-26,0.4727,0.41479999999999995,0.4286,0.217,0.1932,0.42067803507126017,0.22852151506701787,0.4231592093755164,0.05202196492873984,0.24417848493298214,46,True,-0.027498387682713114,0.11183779193614234,0.7110329275533074,no_trade
2019-08-27,0.5063,0.42829999999999996,0.4397,0.22210000000000002,0.20309999999999997,0.43164301630203156,0.22914912779606575,0.43165462114443437,0.07465698369796842,0.2771508722039342,46,True,-0.027520422405421043,0.11182150954647753,0.913754487108944,short_correlation
2019-08-28,0.47119999999999995,0.39909999999999995,0.4065,0.2133,0.1935,0.41884685090587004,0.2207030188875841,0.4142522663492269,0.052353149094129914,0.25049698111241586,46,True,-0.027391314546323334,0.11192097616777018,0.7125068630648453,no_trade
2019-08-29,0.4449,0.39890000000000003,0.419,0.1985,0.1788,0.4227777027224229,0.1912258882852096,0.4207578695536662,0.02212229727757714,0.25367411171479043,46,True,-0.0273683362873554,0.11193681328599543,0.44213009207690546,no_trade
2019-08-30,0.44020000000000004,0.3824,0.3951,0.1962,0.1898,0.4210729112851609,0.2219057264197227,0.41925605056841375,0.019127088714839147,0.21829427358027734,46,True,-0.027538183217741572,0.11182863635388592,0.4172926850767161,no_trade
2019-09-03,0.4507,0.39159999999999995,0.4036,0.2148,0.1966,0.41813212120939086,0.2912656763197572,0.4163372607143192,0.03256787879060913,0.1594343236802428,46,True,-0.027666684459865875,0.11175602316008967,0.5389827013098832,no_trade
2019-09-04,0.3771,0.358,0.3787,0.2113,0.17329999999999998,0.4263029263249035,0.2852933671027731,0.42479006475241476,-0.04920292632490353,0.0918066328972269,46,True,-0.02782797879664025,0.11163911533994071,-0.1914646803065094,no_trade
2019-09-05,0.3362,0.3483,0.3885,0.20440000000000003,0.16269999999999998,0.42769883256741564,0.32456800315362233,0.4296513215444408,-0.09149883256741564,0.011631996846377668,46,True,-0.028137842395575808,0.11158943855184074,-0.5678045431011326,no_trade
2019-09-06,0.3086,0.3224,0.35590000000000005,0.20420000000000002,0.15,0.428727136310342,0.3302742360751186,0.4303574208202354,-0.120127136310342,-0.02167423607511859,46,True,-0.028638310146973902,0.11158967188345983,-0.8198682245335005,no_trade
2019-09-09,0.2875,0.3098,0.34729999999999994,0.2158,0.1527,0.42177162598862666,0.3960622000711054,0.4243700138827167,-0.13427162598862669,-0.1085622000711054,46,True,-0.029233280516606522,0.11167649111571767,-0.940559149223097,long_correlation
2019-09-10,0.2975,0.3226,0.37189999999999995,0.218,0.152,0.41459758566813903,0.4454636996155163,0.4192565039103911,-0.11709758566813905,-0.1479636996155163,46,True,-0.029951193284473498,0.1117682463080683,-0.7797061800850198,no_trade
2019-09-11,0.2834,0.31079999999999997,0.35009999999999997,0.1956,0.1461,0.41586140291134893,0.4480549702211115,0.42060731915505617,-0.13246140291134895,-0.16465497022111153,46,True,-0.030615828094623838,0.11178657395928678,-0.9110716180801621,long_correlation
2019-09-12,0.2688,0.3153,0.3675,0.1938,0.1422,0.41588144236160307,0.4530003389696121,0.4193040284381016,-0.1470814423616031,-0.18420033896961213,46,True,-0.03126780001756496,0.11189994464583233,-1.03497497438978,long_correlation
2019-09-13,0.2553,0.3059,0.34409999999999996,0.19390000000000002,0.1374,0.4165513852262094,0.4633283737971686,0.41938137103659107,-0.16125138522620935,-0.2080283737971686,46,True,-0.03188777718100386,0.112107715588305,-1.1539224340300502,long_correlation
2019-09-16,0.27149999999999996,0.3204,0.3547,0.21170000000000003,0.1467,0.41433339714004114,0.46637062364745935,0.41721508758785214,-0.14283339714004117,-0.19487062364745938,46,True,-0.032531884773584,0.11238358662984115,-0.9814735022629085,long_correlation
2019-09-17,0.27899999999999997,0.34450000000000003,0.38530000000000003,0.2133,0.1444,0.4152213103032083,0.46072790391748714,0.4180408697549111,-0.13622131030320833,-0.18172790391748717,46,True,-0.03304770887878424,0.11259099081458349,-0.9163575227287226,long_correlation
2019-09-18,0.26649999999999996,0.324,0.3567,0.2119,0.13949999999999999,0.4168056917929361,0.44838279877274456,0.4196091593442793,-0.15030569179293612,-0.1818827987727446,46,True,-0.033518387812785766,0.11277397241745583,-1.035587391990045,long_correlation
2019-09-19,0.27399999999999997,0.3496,0.37979999999999997,0.2052,0.1405,0.4182653198653725,0.44883618713650114,0.4268649952068967,-0.14426531986537255,-0.17483618713650118,46,True,-0.0341532796514821,0.11297993984849865,-0.9746158509337682,long_correlation
2019-09-20,0.3005,0.3626,0.3734,0.2077,0.1532,0.4220588756964688,0.4528742969720817,0.43238067826300397,-0.12155887569646884,-0.1523742969720817,46,True,-0.03474557522829129,0.11316498868957277,-0.7671392139340768,no_trade
2019-09-23,0.2811,0.3639,0.379,0.2137,0.1491,0.4222042410203752,0.42748759485686544,0.4321531542747366,-0.14110424102037517,-0.14638759485686542,46,True,-0.03525686759247628,0.11326535025555652,-0.9345079778509426,long_correlation
2019-09-24,0.3333,0.4029,0.418,0.2241,0.1705,0.425434529366099,0.40180386997031003,0.43616913647972944,-0.092134529366099,-0.06850386997031005,46,True,-0.035842604516616666,0.11343008415424588,-0.49626979711074504,no_trade
2019-09-25,0.2869,0.37329999999999997,0.381,0.2206,0.15960000000000002,0.4228605108760301,0.3961779508241452,0.43281093992461794,-0.13596051087603012,-0.10927795082414521,46,True,-0.036230470891489494,0.11345489153728745,-0.8790281197506932,no_trade
2019-09-26,0.3009,0.3947,0.4111,0.2255,0.1607,0.4210986293918259,0.3913711844624028,0.4316217959519948,-0.1201986293918259,-0.09047118446240282,46,True,-0.03679428248075326,0.11359653786037886,-0.734215571020172,no_trade
2019-09-27,0.3172,0.3885,0.3947,0.23010000000000003,0.1722,0.41768199719397087,0.396375850373573,0.42924218964106137,-0.10048199719397088,-0.079175850373573,46,True,-0.03729929542665465,0.11368363066024127,-0.5557766003809834,no_trade
2019-09-30,0.2894,0.3705,0.3815,0.23260000000000003,0.1624,0.4179317629561272,0.3848229737931416,0.42974067004564737,-0.12853176295612723,-0.09542297379314163,46,True,-0.03772920137561166,0.1137170348876138,-0.798495684224052,no_trade
2019-10-01,0.3558,0.42229999999999995,0.4346,0.23420000000000002,0.1856,0.4212730743831169,0.3703080708982849,0.4319691259013253,-0.06547307438311689,-0.014508070898284875,46,True,-0.03818768353911508,0.113849745213844,-0.23966141331938562,no_trade
2019-10-02,0.40009999999999996,0.43670000000000003,0.434,0.249,0.20559999999999998,0.43438120732998836,0.2969570908652175,0.4431622443810728,-0.034281207329988406,0.10314290913478247,46,True,-0.038410630525297036,0.11384794153207833,0.03627139094249767,no_trade
2019-10-03,0.3709,0.4407,0.44659999999999994,0.2437,0.1912,0.4360204342642077,0.2883902523720421,0.44455581949893086,-0.06512043426420772,0.08250974762795793,46,True,-0.03847703867287285,0.1138406033254349,-0.23404123672087082,no_trade
2019-10-04,0.297,0.37979999999999997,0.3857,0.2349,0.1704,0.44988611345314167,0.23364705731949417,0.4577560551472931,-0.15288611345314168,0.06335294268050581,46,True,-0.038649257574973395,0.11384798113539886,-1.0034157368351304,long_correlation
2019-10-07,0.3223,0.3924,0.3935,0.24,0.17859999999999998,0.4539158464632295,0.22054358954729522,0.46169762874148523,-0.13161584646322955,0.10175641045270475,46,True,-0.03916882099188701,0.11407003924765449,-0.8104409017571494,no_trade
2019-10-08,0.39840000000000003,0.4512,0.4523,0.2495,0.2028,0.4622924738549347,0.1300284280866649,0.47152986508112915,-0.06389247385493468,0.26837157191333516,46,True,-0.03970046540852617,0.11418786751287356,-0.21186146105829592,no_trade
2019-10-09,0.3553,0.4156,0.4153,0.24760000000000001,0.1864,0.4651294666011226,0.11430576322876235,0.47426522382933206,-0.10982946660112258,0.24099423677123766,46,True,-0.040055701731835494,0.11412305348301101,-0.611390623890676,no_trade
2019-10-10,0.32380000000000003,0.41009999999999996,0.41869999999999996,0.2498,0.1757,0.46700618532203814,0.10929915563314477,0.47584428974717874,-0.1432061853220381,0.21450084436685526,46,True,-0.04070585230621023,0.11405170586697273,-0.8987181054124862,no_trade
2019-10-11,0.26039999999999996,0.35229999999999995,0.3693,0.2522,0.1558,0.4698039111601622,0.10467845443694197,0.48164592825878993,-0.20940391116016221,0.155721545563058,46,True,-0.041522291049875454,0.11404610583583091,-1.4720504385476514,long_correlation
2019-10-14,0.2334,0.34729999999999994,0.363,0.2518,0.1457,0.4695121379279443,0.10221747505752767,0.48168005139811104,-0.23611213792794428,0.13118252494247234,46,True,-0.04264387696119638,0.1143025430228312,-1.6925980459428962,long_correlation
2019-10-15,0.2091,0.34409999999999996,0.3701,0.2469,0.1354,0.4700891128875409,0.08281607203136208,0.48071802018135285,-0.2609891128875409,0.1262839279686379,46,True,-0.04400031001409668,0.11456292558704316,-1.8940578006501714,long_correlation
2019-10-16,0.213,0.33159999999999995,0.34659999999999996,0.2493,0.1368,0.4709993434813806,0.07972718344579,0.4808201439900265,-0.25799934348138065,0.13327281655421,46,True,-0.045098329867473516,0.11531190016460054,-1.8463056571785237,long_correlation
2019-10-17,0.2384,0.3582,0.3757,0.2339,0.1379,0.47838027963377855,0.0862436624624,0.4892553398771619,-0.23998027963377855,0.1521563375376,46,True,-0.046183313068616776,0.11602434091640595,-1.670313013928603,long_correlation
2019-10-18,0.2267,0.34130000000000005,0.35590000000000005,0.24539999999999998,0.1425,0.47675200301425447,0.07971678518144246,0.4864132501902142,-0.25005200301425445,0.14698321481855756,46,True,-0.04687363129044553,0.11665861332322822,-1.741649124191617,long_correlation
2019-10-21,0.226,0.3446,0.3741,0.2353,0.14,0.4826621455215362,0.07100013297136439,0.4931456430533462,-0.2566621455215362,0.1549998670286356,46,True,-0.04764291726353851,0.11735740238882214,-1.7810485235987639,long_correlation
2019-10-22,0.2314,0.3483,0.3762,0.24239999999999998,0.1446,0.476055303636702,0.0780293492473182,0.4870184413963885,-0.24465530363670202,0.1533706507526818,46,True,-0.048579794503080184,0.11808055844106274,-1.660523220098832,long_correlation
2019-10-23,0.2231,0.3347,0.3564,0.2365,0.1401,0.47208127797412675,0.08537562220546274,0.483248311867191,-0.24898127797412675,0.13772437779453725,46,True,-0.049526391902046045,0.11869331637126838,-1.6804222189579154,long_correlation
2019-10-24,0.22510000000000002,0.35009999999999997,0.37939999999999996,0.22690000000000002,0.1371,0.46100928012506276,0.09089908755855398,0.4734172881415958,-0.23590928012506274,0.13420091244144605,46,True,-0.05052502336620607,0.11930943425465133,-1.5538105424519635,long_correlation
2019-10-25,0.21,0.3284,0.34700000000000003,0.2188,0.1265,0.4576166032338265,0.09897840397153376,0.4705746047484591,-0.24761660323382653,0.11102159602846623,46,True,-0.05156949342608891,0.1197766203347473,-1.6367727629969218,long_correlation
2019-10-28,0.22210000000000002,0.3247,0.3482,0.22329999999999997,0.1311,0.45770271652728617,0.09600237329189251,0.47094792161256416,-0.23560271652728615,0.1260976267081075,46,True,-0.05279573084940214,0.12019656299510185,-1.5209002747053058,long_correlation
2019-10-29,0.26170000000000004,0.3448,0.3738,0.2151,0.132,0.42018523992664714,0.09502560158480158,0.43404788313407894,-0.1584852399266471,0.16667439841519846,46,True,-0.05385427035404601,0.12062816862203739,-0.8673842168692777,no_trade
2019-10-30,0.222,0.3185,0.3431,0.2175,0.1233,0.4151135859254146,0.09832085808601,0.42737307094469135,-0.19311358592541458,0.12367914191399,46,True,-0.054801997805454306,0.12050776632764473,-1.1477400364712536,long_correlation
2019-10-31,0.2755,0.34619999999999995,0.3592,0.19440000000000002,0.1322,0.4199255502187767,0.13226464116471343,0.43127162916361994,-0.14442555021877668,0.1432353588352866,46,True,-0.055721548490713396,0.12067610286135867,-0.7350585544676793,no_trade
2019-11-01,0.2504,0.31920000000000004,0.3472,0.1924,0.12300000000000001,0.4072981991327417,0.14034724059605014,0.4190264396845705,-0.15689819913274167,0.11005275940394987,46,True,-0.05642778348688873,0.12067237338988579,-0.8325883781305814,no_trade
2019-11-04,0.254,0.31079999999999997,0.3423,0.19829999999999998,0.1283,0.3982162527924983,0.15916673300044976,0.4106681378874554,-0.14421625279249828,0.09483326699955025,46,True,-0.05721412842602327,0.12067890101909437,-0.7209389846258969,no_trade
2019-11-05,0.28,0.3326,0.3678,0.1986,0.131,0.38594857166717866,0.169686020847108,0.39905373890712553,-0.10594857166717864,0.11031397915289204,46,True,-0.057765722091004855,0.12075792248139379,-0.3990036312822269,no_trade
2019-11-06,0.2797,0.3298,0.35359999999999997,0.17600000000000002,0.12619999999999998,0.3772818606231027,0.19830125622942327,0.3891494929477984,-0.0975818606231027,0.08139874377057674,46,True,-0.058322939467431834,0.12065454477526522,-0.3253828625253671,no_trade
2019-11-07,0.285,0.34450000000000003,0.3729,0.1794,0.1273,0.3307218935540058,0.20996767484810955,0.34476037435166046,-0.0457218935540058,0.07503232515189043,46,True,-0.05886134708861264,0.12052522421393821,0.1090182874191021,no_trade
2019-11-08,0.25370000000000004,0.3214,0.34759999999999996,0.1775,0.1207,0.33885682490427355,0.21841203255860112,0.35321124108124735,-0.08515682490427351,0.03528796744139892,46,True,-0.059299412827395225,0.12027479946167165,-0.21498611673111415,no_trade
2019-11-11,0.2962,0.33049999999999996,0.3546,0.1776,0.12689999999999999,0.3327936651311009,0.2092168416405499,0.3433866116420486,-0.036593665131100905,0.08698315835945011,46,True,-0.05961052198298227,0.12023974087928213,0.1914247043744859,no_trade
2019-11-12,0.311,0.34119999999999995,0.3753,0.1772,0.1268,0.3267416411761475,0.22797759762193465,0.33646837070724817,-0.015741641176147514,0.08302240237806535,46,True,-0.05972438616048249,0.12020415794262687,0.36590036265906734,no_trade
2019-11-13,0.2923,0.3204,0.3478,0.1782,0.13,0.3203376379204359,0.22170211568516554,0.3307710450916186,-0.0280376379204359,0.07059788431483446,46,True,-0.05969781355186492,0.12021317322136432,0.2633669404361282,no_trade
2019-11-14,0.3049,0.33899999999999997,0.3728,0.1772,0.1305,0.31195466011834266,0.2391738374144203,0.32062913770527274,-0.007054660118342659,0.0657261625855797,46,True,-0.05992623424814722,0.12009759610242744,0.44023840481130083,no_trade
2019-11-15,0.2597,0.3039,0.33590000000000003,0.17809999999999998,0.12050000000000001,0.31150705126800876,0.23843150472875752,0.3206016967468636,-0.051807051268008775,0.02126849527124247,46,True,-0.060078129527306415,0.12000602566738412,0.06892219130914522,no_trade
2019-11-18,0.26789999999999997,0.2928,0.3325,0.1833,0.1246,0.2609025732542865,0.24941396967687934,0.27277471830854116,0.006997426745713464,0.018486030323120628,46,True,-0.06043381159184468,0.11984742186272276,0.5626423771951986,no_trade
2019-11-19,0.2777,0.3093,0.3592,0.1834,0.1286,0.24844519189950257,0.2625734924066876,0.26089846529415095,0.029254808100497437,0.01512650759331241,46,True,-0.060519925914815594,0.11979090543956712,0.7494286288753628,no_trade
2019-11-20,0.2623,0.2932,0.3417,0.19260000000000002,0.1278,0.2536729902309541,0.25143335869977196,0.2674995538734992,0.008627009769045901,0.01086664130022802,46,True,-0.060472966244313656,0.11982389603405057,0.576679429566564,no_trade
2019-11-21,0.2934,0.31829999999999997,0.3774,0.1917,0.1313,0.2512160339954026,0.2533141063677656,0.2644397401111757,0.042183966004597395,0.040085893632234415,46,True,-0.060634011565858285,0.1197031039112634,0.8589416164736651,short_correlation
2019-11-22,0.2615,0.2934,0.3442,0.1882,0.1234,0.24239811952159038,0.2583673107047963,0.2522325919322518,0.019101880478409633,0.0031326892952037166,46,True,-0.06067230898003683,0.11966851646699225,0.666626376039769,no_trade
2019-11-25,0.25420000000000004,0.2833,0.3357,0.18539999999999998,0.11869999999999999,0.24286796046898976,0.259607553459279,0.2550566977455549,0.01133203953101028,-0.005407553459278958,46,True,-0.06083012503816879,0.11953638743959999,0.6036836658263708,no_trade
2019-11-26,0.2651,0.2926,0.35090000000000005,0.18359999999999999,0.11539999999999999,0.24015656780155167,0.26772544374549884,0.2525567946978808,0.02494343219844833,-0.0026254437454988344,46,True,-0.06103724006322204,0.11936515826545901,0.7203163260627183,no_trade
2019-11-27,0.24559999999999998,0.2735,0.3239,0.1852,0.1175,0.23395809949168792,0.30765816273031005,0.2448685202784294,0.01164190050831207,-0.06205816273031006,46,True,-0.06104132671574783,0.1193621850485782,0.6089300995493604,no_trade
2019-11-29,0.2817,0.2985,0.3421,0.18760000000000002,0.12619999999999998,0.23076439436499607,0.3046100982912933,0.2358086383253505,0.05093560563500393,-0.022910098291293313,46,True,-0.061235736306890845,0.11920301061901882,0.9410109808417696,short_correlation
2019-12-02,0.3763,0.3394,0.3644,0.1928,0.1491,0.2387650323582999,0.2709029052684618,0.24319294225358706,0.13753496764170012,0.10539709473153824,46,True,-0.06125443022884625,0.11918497565194552,1.6679065191158715,short_correlation
2019-12-03,0.43799999999999994,0.3789,0.4025,0.1977,0.15960000000000002,0.24876254040895096,0.29709689979628134,0.2523887171617465,0.18923745959104898,0.1409031002037186,46,True,-0.060974085144457436,0.11957005645940998,2.092593682268979,short_correlation
2019-12-04,0.4056,0.35090000000000005,0.3649,0.1929,0.14800000000000002,0.2556920533691779,0.29485234430698504,0.2599597344503032,0.14990794663082213,0.11074765569301498,46,True,-0.060393323789374447,0.12042885828121437,1.7462697348597331,short_correlation
2019-12-05,0.41350000000000003,0.3734,0.3901,0.1888,0.1452,0.25509111532827355,0.30295834225412427,0.25822586243368056,0.15840888467172648,0.11054165774587577,46,True,-0.05986238001496519,0.1210607729182567,1.8029891881995,short_correlation
2019-12-06,0.34619999999999995,0.3308,0.34990000000000004,0.1819,0.1362,0.2607143624815116,0.27911573477017393,0.26440083898368827,0.08548563751848837,0.06708426522982602,46,True,-0.05952732047573123,0.12154852956938789,1.1930457612935306,short_correlation
2019-12-09,0.41409999999999997,0.35960000000000003,0.36840000000000006,0.1729,0.1586,0.2633675381215265,0.27906542128304623,0.2674514105785297,0.15073246187847344,0.13503457871695373,46,True,-0.05934678138445779,0.12173058546389245,1.7257720601799342,short_correlation
2019-12-10,0.447,0.3797,0.39759999999999995,0.1734,0.1568,0.26161224189870724,0.28230304939622847,0.26730305785955916,0.18538775810129277,0.16469695060377154,46,True,-0.05895507414376373,0.12224809467253557,1.998745525642543,short_correlation
2019-12-11,0.3957,0.3455,0.363,0.1602,0.1499,0.2617287626319544,0.29022121443510235,0.2677428081292376,0.13397123736804561,0.10547878556489765,46,True,-0.0583146778133481,0.123104124290921,1.5619778483374085,short_correlation
2019-12-12,0.3157,0.3249,0.3611,0.17170000000000002,0.1394,0.26523386067643406,0.2713816483924161,0.2740807976173661,0.05046613932356592,0.044318351607583906,46,True,-0.05789374636886553,0.12358051125515007,0.8768363602955694,short_correlation
2019-12-13,0.2766,0.3035,0.3328,0.156,0.1263,0.26244509406731914,0.2766297213322723,0.2712810472567251,0.014154905932680872,-2.9721332272303336e-05,46,True,-0.057865718531527235,0.12360437536801153,0.5826705102451158,no_trade
2019-12-16,0.2539,0.2938,0.3267,0.16519999999999999,0.12140000000000001,0.26484789655521446,0.2802751396735941,0.27551663691883127,-0.010947896555214442,-0.02637513967359406,46,True,-0.05785878014759217,0.1236083847361889,0.37951214792181975,no_trade
2019-12-17,0.2571,0.3035,0.35369999999999996,0.1678,0.1229,0.2648963301023713,0.28293628122973635,0.2761319398052143,-0.007796330102371296,-0.025836281229736358,46,True,-0.0578302192799124,0.12361842857683349,0.40474458180353884,no_trade
2019-12-18,0.2751,0.30469999999999997,0.3414,0.1686,0.1258,0.26054804151854205,0.2741463207752534,0.2701362631752773,0.01455195848145796,0.0009536792247465953,46,True,-0.05788268527423321,0.12359427821936052,0.5860679377659458,no_trade
2019-12-19,0.2544,0.3075,0.3577,0.1703,0.125,0.26207305202428577,0.2624328388930699,0.2721209197272749,-0.007673052024285754,-0.008032838893069882,46,True,-0.05796981394731785,0.12353519650010389,0.4071451970612262,no_trade
2019-12-20,0.2563,0.3085,0.3396,0.1674,0.1251,0.26320963405264064,0.26323328612454483,0.27498958583012917,-0.0069096340526406674,-0.006933286124544857,46,True,-0.05800537508315354,0.12351935915244934,0.41366585271422746,no_trade
2019-12-23,0.2636,0.326,0.35369999999999996,0.1672,0.1261,0.2643661053551801,0.2952810795959754,0.27587251649282674,-0.0007661053551801245,-0.03168107959597538,46,True,-0.05816453312077081,0.12342717830080345,0.4650388071394244,no_trade
2019-12-24,0.2608,0.32270000000000004,0.3493,0.1741,0.1267,0.26505337587246,0.3348147429090415,0.2750172442672207,-0.004253375872459997,-0.07401474290904153,46,True,-0.05829142959148246,0.12335133875492577,0.4380824258939352,no_trade
2019-12-26,0.2121,0.3191,0.35810000000000003,0.1885,0.1265,0.2539054437094883,0.34191513146324976,0.268276247836761,-0.0418054437094883,-0.12981513146324974,46,True,-0.05866051862086534,0.12304837046335827,0.13697926147178194,no_trade
2019-12-27,0.2256,0.3178,0.3442,0.1938,0.1343,0.21616358205468517,0.33168176626819207,0.24296157844571928,0.009436417945314829,-0.10608176626819207,46,True,-0.058718138535873765,0.12303701897740388,0.5539353687828327,no_trade
2019-12-30,0.2796,0.3543,0.36700000000000005,0.1935,0.1482,0.22138923175189829,0.2788445063463946,0.24259791784788706,0.05821076824810173,0.000755493653605388,46,True,-0.05860838103127011,0.12308561504914874,0.9490885611021673,short_correlation
2019-12-31,0.23260000000000003,0.31829999999999997,0.33899999999999997,0.1984,0.1378,0.2005902724455078,0.3247578431325526,0.22285459799387947,0.03200972755449222,-0.0921578431325526,46,True,-0.05819446857727144,0.1233030501508771,0.7315650020124178,no_trade
2020-01-02,0.1655,0.2993,0.3394,0.2097,0.1247,0.19850753944597224,0.31986431216614336,0.22891654702033307,-0.033007539445972234,-0.15436431216614335,46,True,-0.05773058882445985,0.12342205976188059,0.2003130512177972,no_trade
2020-01-03,0.2192,0.3243,0.3454,0.2065,0.1402,0.17382878290858417,0.33001678057675893,0.20818055217149295,0.04537121709141584,-0.11081678057675892,46,True,-0.057222956158863234,0.1232588728846364,0.832347163731585,short_correlation
2020-01-06,0.2009,0.3107,0.33130000000000004,0.21559999999999999,0.13849999999999998,0.16523090851460642,0.3297336306911818,0.19866354576291195,0.03566909148539357,-0.12883363069118178,46,True,-0.05650497855713609,0.12332768660169449,0.7473915434757148,no_trade
2020-01-07,0.2108,0.3265,0.3565,0.21489999999999998,0.1379,0.16758069690312163,0.32618008668352916,0.19575174330348288,0.04321930309687835,-0.11538008668352917,46,True,-0.055499418369496116,0.12304060096740603,0.802326392184361,short_correlation
2020-01-08,0.20309999999999997,0.3024,0.3245,0.221,0.13449999999999998,0.16283798614967523,0.3205504243250161,0.1870681052736958,0.04026201385032474,-0.11745042432501615,46,True,-0.0544314237388891,0.12272313160971339,0.7716021938745814,short_correlation
2020-01-09,0.162,0.2887,0.32880000000000004,0.2255,0.12539999999999998,0.16432539357925152,0.3191923833361946,0.19070371463023233,-0.002325393579251517,-0.1571923833361946,46,True,-0.053377236438624104,0.12238925553946974,0.41712683547542867,no_trade
2020-01-10,0.1536,0.276,0.30870000000000003,0.22769999999999999,0.12560000000000002,0.16107026106623346,0.3073456844022502,0.183190974284276,-0.007470261066233469,-0.1537456844022502,46,True,-0.052514738966310544,0.12197781719690401,0.36928417752683296,no_trade
2020-01-13,0.1461,0.2648,0.29760000000000003,0.23260000000000003,0.1232,0.16391917985907214,0.2993555750909688,0.18815422803725335,-0.017819179859072137,-0.15325557509096877,46,True,-0.05164438332379738,0.1215108795927447,0.2783718098173072,no_trade
2020-01-14,0.1655,0.2833,0.3246,0.23370000000000002,0.12390000000000001,0.16591851651705714,0.297710836216571,0.1887873788422747,-0.000418516517057127,-0.132210836216571,46,True,-0.050713472016637215,0.120863555452456,0.4161300344946792,no_trade
2020-01-15,0.1564,0.2731,0.30329999999999996,0.2275,0.1242,0.1649400346660144,0.2994566563117686,0.18941494311437368,-0.008540034666014384,-0.1430566563117686,46,True,-0.0498117481846334,0.12038492164178989,0.34283125291574834,no_trade
2020-01-16,0.15460000000000002,0.2854,0.32520000000000004,0.22089999999999999,0.1232,0.16833432255725475,0.2876816419618091,0.1919012912123207,-0.013734322557254736,-0.1330816419618091,46,True,-0.048912732100998654,0.11984046076626687,0.2935436773090751,no_trade
2020-01-17,0.1516,0.27899999999999997,0.3081,0.2169,0.121,0.17040938223281493,0.2861379787152709,0.19818973626329,-0.01880938223281492,-0.1345379787152709,46,True,-0.0480629843670951,0.11932454874194534,0.2451599645060871,no_trade
2020-01-21,0.1666,0.2817,0.3153,0.2318,0.1285,0.1758257884643707,0.289287973109105,0.2050068881021144,-0.009225788464370693,-0.12268797310910498,46,True,-0.04712356992907857,0.11861436471877047,0.3195041473649661,no_trade
2020-01-22,0.177,0.2864,0.3222,0.2261,0.1291,0.17800029462374015,0.28839353993236455,0.20737633112870626,-0.0010002946237401555,-0.11139353993236456,46,True,-0.04620762071534424,0.11800832902694668,0.38308589287185985,no_trade
2020-01-23,0.1821,0.2957,0.34130000000000005,0.2291,0.1298,0.18182314549804376,0.4335382219344276,0.20508345040100326,0.0002768545019562474,-0.25143822193442755,46,True,-0.04547839951723482,0.11771613525259901,0.3886914391218162,no_trade
2020-01-24,0.226,0.3116,0.33759999999999996,0.2341,0.1456,0.1895091658596693,0.49130667524672045,0.20369647819782263,0.03649083414033072,-0.26530667524672047,46,True,-0.04473392646197397,0.11740828599284063,0.6918145505271889,no_trade
2020-01-27,0.32189999999999996,0.369,0.3722,0.23829999999999998,0.18230000000000002,0.21549897615825167,0.4847154843615244,0.2299232388876693,0.1064010238417483,-0.16281548436152443,46,True,-0.04364271593367009,0.11687694783518353,1.2837753086006805,short_correlation
2020-01-28,0.3062,0.3668,0.3812,0.22519999999999998,0.1628,0.21796893165070078,0.5958537988198985,0.2354153062199826,0.08823106834929925,-0.2896537988198985,46,True,-0.042320426359243934,0.11668112189692996,1.118874181068173,short_correlation
2020-01-29,0.3394,0.3616,0.3608,0.21050000000000002,0.16390000000000002,0.21625585320324758,0.5665347929492511,0.23429978804466803,0.1231441467967524,-0.22713479294925115,46,True,-0.04118050189004872,0.11654716936589866,1.409941138689568,short_correlation
2020-01-30,0.3326,0.3629,0.3669,0.2053,0.1549,0.2072463093663904,0.666751913739057,0.21898902050110441,0.1253536906336096,-0.33415191373905695,46,True,-0.039965386046491407,0.11665820271130811,1.417123466998828,short_correlation
2020-01-31,0.3657,0.3815,0.3654,0.22010000000000002,0.1884,0.24504082032186325,0.6892660357474911,0.2500664782875865,0.12065917967813677,-0.3235660357474911,46,True,-0.038641966737428514,0.11663435650543812,1.3658166529013929,short_correlation
2020-02-03,0.381,0.365,0.3615,0.22210000000000002,0.1797,0.24825393665900086,0.7417779809703847,0.254793527071144,0.13274606334099914,-0.3607779809703847,46,True,-0.037272648189793645,0.11647019305856435,1.4597615670243012,short_correlation
2020-02-04,0.3552,0.34009999999999996,0.3533,0.2108,0.1605,0.26145505865869206,0.7522142207855724,0.2733823513351578,0.09374494134130795,-0.3970142207855724,46,True,-0.03595827553246494,0.11651267933348111,1.113211176807101,short_correlation
2020-02-05,0.281,0.2919,0.306,0.2161,0.1515,0.2661240397347333,0.7533642972565316,0.2800326466678372,0.014875960265266719,-0.4723642972565316,46,True,-0.03480523889686126,0.11635204889770102,0.42699032490445143,no_trade
2020-02-06,0.2787,0.2955,0.3185,0.2041,0.1496,0.2674066131597066,0.7803586092975957,0.28163415585716395,0.011293386840293407,-0.5016586092975956,46,True,-0.03413645837654229,0.11615036025423911,0.3911296109404676,no_trade
2020-02-07,0.2843,0.2939,0.3127,0.2095,0.1547,0.26245774783056286,0.798895764325406,0.27692411566697245,0.021842252169437137,-0.514595764325406,46,True,-0.03346037238903807,0.11591580914949821,0.47709302953793514,no_trade
2020-02-10,0.2529,0.27390000000000003,0.2983,0.21960000000000002,0.15039999999999998,0.26421939425504476,0.8027073749193282,0.27945367159427875,-0.011319394255044746,-0.5498073749193282,46,True,-0.03274657757850042,0.11569926954598549,0.18519722213923995,no_trade
2020-02-11,0.247,0.2755,0.3134,0.22940000000000002,0.1518,0.2634113312587819,0.8325904642314934,0.28100437175746446,-0.016411331258781914,-0.5855904642314934,46,True,-0.03202772976248295,0.115264881215582,0.13548271024973688,no_trade
2020-02-12,0.2084,0.2536,0.289,0.21789999999999998,0.1374,0.2648239244927067,0.855928771297478,0.28477435973962156,-0.056423924492706695,-0.647528771297478,46,True,-0.03142655355501841,0.11494799834407365,-0.2174667788721618,no_trade
2020-02-13,0.2419,0.27940000000000004,0.3194,0.2139,0.14150000000000001,0.2625219085087734,0.8691353471384604,0.2816908339025681,-0.02062190850877338,-0.6272353471384604,46,True,-0.030973745454417147,0.11462213372393036,0.09031272241516955,no_trade
2020-02-14,0.2401,0.27190000000000003,0.3053,0.2026,0.1368,0.26192862841485376,0.8638607532789582,0.2799441765631371,-0.02182862841485375,-0.6237607532789582,46,True,-0.030438389520805534,0.11435279328143597,0.07529121815819685,no_trade
2020-02-18,0.2693,0.28059999999999996,0.3102,0.2101,0.1483,0.2651620447904068,0.8395930519340516,0.2817983735002953,0.004137955209593203,-0.5702930519340517,46,True,-0.029966368087154464,0.11414082375078759,0.2987916345444488,no_trade
2020-02-19,0.267,0.2727,0.3054,0.2065,0.1438,0.26266854373121884,0.8129463303733261,0.28118054731012765,0.004331456268781175,-0.5459463303733261,46,True,-0.029137686450994953,0.11362414115516101,0.2945601381846476,no_trade
2020-02-20,0.2793,0.2896,0.3336,0.2148,0.15560000000000002,0.26499897518502774,0.8044296802070416,0.28356911488455294,0.014301024814972252,-0.5251296802070416,46,True,-0.028407063842454804,0.11324290302268031,0.3771369994716002,no_trade
2020-02-21,0.31370000000000003,0.3122,0.34020000000000006,0.23070000000000002,0.17079999999999998,0.2663027250917175,0.7900808223323098,0.28730381499716146,0.04739727490828255,-0.4763808223323098,46,True,-0.027577303462038707,0.11278398533341344,0.6647626269694271,no_trade
2020-02-24,0.5181,0.42560000000000003,0.41859999999999997,0.23120000000000002,0.2503,0.3655875180801694,0.7995739215824605,0.3808305493423718,0.15251248191983058,-0.28147392158246054,46,True,-0.026619351496599705,0.11238926875947883,1.593851756432239,short_correlation
2020-02-25,0.5754,0.4938,0.4894,0.247,0.2785,0.4114017251827139,0.7856421373216963,0.4290086979514824,0.16399827481728613,-0.21024213732169628,46,True,-0.025095679585172455,0.11220383236700038,1.6852717987738886,short_correlation
2020-02-26,0.5557,0.4725,0.4604,0.2463,0.2756,0.4079576313044339,0.7933740486050371,0.4249045376604465,0.14774236869556606,-0.23767404860503716,46,True,-0.023683269419059776,0.11233549498441128,1.5260148908269326,short_correlation
2020-02-27,0.6951,0.588,0.5614,0.2669,0.39159999999999995,0.5026030509546429,0.7900266909607839,0.5098540199307213,0.1924969490453572,-0.09492669096078388,46,True,-0.02244203201012709,0.11249522739576819,1.910649776272818,short_correlation
2020-02-28,0.6695,0.5706,0.5213,0.3211,0.4011,0.4854461264102459,0.7947919622240143,0.4897617367057605,0.18405387358975406,-0.12529196222401429,46,True,-0.02101559206297163,0.11293350444107488,1.8158425762810224,short_correlation
2020-03-02,0.5454,0.5083,0.46869999999999995,0.25920000000000004,0.3342,0.5467214209771705,0.7890083598185477,0.540210387883225,-0.0013214209771704732,-0.24360835981854767,46,True,-0.01963223991307804,0.1133027701720549,0.161609631504171,no_trade
2020-03-03,0.6818000000000001,0.5821000000000001,0.5452,0.2708,0.3682,0.5628759592219787,0.7894037930216916,0.5575299521622975,0.11892404077802132,-0.10760379302169154,46,True,-0.018684986300630108,0.11244744219234411,1.2237630700684843,short_correlation
2020-03-04,0.5954999999999999,0.5306000000000001,0.4954,0.23309999999999997,0.31989999999999996,0.6063977668667053,0.7847107904698867,0.5972422119299586,-0.010897766866705405,-0.18921079046988676,46,True,-0.017370985858589195,0.11211126280197024,0.05773923894977329,no_trade
2020-03-05,0.6194,0.5978,0.5696,0.3066,0.3962,0.6217314376192155,0.7822893328127096,0.6131408282480144,-0.002331437619215504,-0.16288933281270968,46,True,-0.01672792205999183,0.11167924435622074,0.12890922143828434,no_trade
2020-03-06,0.5439,0.5650999999999999,0.54,0.3494,0.4194,0.6174664626836783,0.7927169036926762,0.6099397156071332,-0.07356646268367828,-0.24881690369267617,46,True,-0.016205176295757146,0.11143587382350541,-0.5147470416822073,no_trade
2020-03-09,0.7127,0.7061,0.6479,0.3574,0.5446,0.670598673899213,0.7850243151114117,0.6733977435977431,0.042101326100786984,-0.07232431511141169,46,True,-0.016150111036730214,0.11140395585347293,0.5228848176103726,no_trade
2020-03-10,0.6988,0.698,0.6372,0.34049999999999997,0.473,0.6880437198666465,0.7821833598646359,0.691758105039952,0.010756280133353502,-0.08338335986463596,46,True,-0.015476224928212351,0.11123988990301491,0.23581922891542595,no_trade
2020-03-11,0.7073999999999999,0.7195,0.6617000000000001,0.3594,0.539,0.7037038303824414,0.7732063552732918,0.7060564119615005,0.0036961696175584757,-0.06580635527329193,46,True,-0.014724741521700863,0.11077207017820467,0.16629562948155324,no_trade
2020-03-12,0.8573999999999999,0.8265,0.7774,0.2771,0.7547,0.7561094908362597,0.7416840645247497,0.7621484064645837,0.10129050916374027,0.11571593547525028,46,True,-0.01393251883687107,0.11018318872611207,1.045740546564023,short_correlation
2020-03-13,0.6907,0.6940000000000001,0.6197,0.4371,0.5783,0.7807057660773918,0.7247571463852608,0.7851043554111776,-0.09000576607739186,-0.034057146385260806,46,True,-0.012729633457227836,0.10977753450143184,-0.703933942141469,no_trade
2020-03-16,0.8671,0.9029,0.8334,0.4664,0.8269,0.810979408706691,0.6558403116116995,0.8196333462578801,0.05612059129330893,0.21125968838830045,46,True,-0.0122996591095207,0.10925853901160651,0.6262233691003444,no_trade
2020-03-17,0.8351999999999999,0.8576,0.7873,0.42829999999999996,0.7591,0.8070299120301774,0.6452464559488261,0.8124690400839922,0.028170087969822566,0.18995354405117382,46,True,-0.011265054397583232,0.10866313237118637,0.36291188655134526,no_trade
2020-03-18,0.7432,0.7876000000000001,0.7112,0.5887,0.7645000000000001,0.7868246277136974,0.6481265774478442,0.7929128117728877,-0.04362462771369746,0.09507342255215578,46,True,-0.010376725330144991,0.10806282109363043,-0.30767198234390913,no_trade
2020-03-19,0.7322,0.7263,0.6602,0.5418999999999999,0.72,0.7663268737982236,0.680758754272387,0.7752096074685837,-0.034126873798223656,0.051441245727612994,46,True,-0.009878807449551124,0.1076167167501547,-0.22531877092076102,no_trade
2020-03-20,0.6990000000000001,0.7376,0.6733,0.49420000000000003,0.6604000000000001,0.7619747531088678,0.6822622847871885,0.7712535004953459,-0.06297475310886769,0.016737715212811533,46,True,-0.009322775401697025,0.10712494027342917,-0.5008355437139812,no_trade
2020-03-23,0.6992,0.6361,0.5815,0.4521,0.6159,0.7485280968190077,0.6988293545070658,0.7565420784157368,-0.04932809681900763,0.00037064549293419624,46,True,-0.008822157858088679,0.10657467625663476,-0.38007095478647784,no_trade
2020-03-24,0.8072,0.6967,0.6145,0.35950000000000004,0.6167,0.7570103396019445,0.6698708079235169,0.7662832170540604,0.0501896603980555,0.1373291920764831,46,True,-0.008705364227225919,0.10651383662316616,0.5529330882488566,no_trade
2020-03-25,0.8149,0.7328,0.6639,0.3907,0.6395000000000001,0.745087892073781,0.7000694401973687,0.7551145078272933,0.06981210792621895,0.11483055980263124,46,True,-0.008411084325194237,0.10657392494903059,0.7339805894248873,no_trade
2020-03-26,0.8420000000000001,0.7464,0.6616,0.2853,0.61,0.7524226287354966,0.6660264288058452,0.7608115695400762,0.08957737126450349,0.1759735711941549,46,True,-0.007878437640529846,0.1066283212303252,0.9139767725923532,short_correlation
2020-03-27,0.8210999999999999,0.7433,0.6731999999999999,0.2992,0.6554000000000001,0.7520511330140981,0.6446591731009084,0.760900054981662,0.06904886698590185,0.17644082689909157,46,True,-0.007304063662065981,0.10676234568860707,0.7151672263802245,no_trade
2020-03-30,0.7317,0.7249,0.6940999999999999,0.3261,0.5708,0.7537605516958099,0.6233450956446871,0.7613452685464697,-0.022060551695809894,0.10835490435531292,46,True,-0.0066884534415362525,0.10675353562063224,-0.14399615118042683,no_trade
2020-03-31,0.7099,0.7084999999999999,0.7044,0.29350000000000004,0.5354,0.75130109478942,0.6202288063241065,0.7591691667498213,-0.04140109478942,0.08967119367589349,46,True,-0.006244530522078304,0.10645448891062313,-0.3302497116571419,no_trade
2020-04-01,0.7765000000000001,0.7711,0.7497,0.38689999999999997,0.5706,0.7519135661400641,0.6070257516217621,0.7610233656754046,0.024586433859935974,0.169474248378238,46,True,-0.005925302265334602,0.10622682211676632,0.28723193932820057,no_trade
2020-04-02,0.7059000000000001,0.7331,0.7201000000000001,0.381,0.5091,0.7520418427063733,0.6028974886927282,0.7598833256346775,-0.046141842706373226,0.1030025113072719,46,True,-0.005548295362583699,0.10616558974168547,-0.3823606824259993,no_trade
2020-04-03,0.645,0.6836,0.6867,0.4,0.46799999999999997,0.7511238366572631,0.5957942130495706,0.7591857983001813,-0.1061238366572631,0.04920578695042943,46,True,-0.005496111234606454,0.10614229683793218,-0.9480454862994374,long_correlation
2020-04-06,0.6844,0.7081999999999999,0.6773,0.30829999999999996,0.4524,0.7597907023513416,0.49785020926710916,0.7665826199104875,-0.0753907023513416,0.18654979073289085,46,True,-0.005650417757302258,0.10626061299731906,-0.6563135919025695,no_trade
2020-04-07,0.745,0.7472,0.7187,0.3184,0.467,0.757310483239354,0.49573411717334276,0.7644107162458054,-0.01231048323935402,0.24926588282665724,46,True,-0.005532636532190802,0.10616638133999885,-0.06384174181709272,no_trade
2020-04-08,0.6739,0.7436,0.718,0.3189,0.4335,0.7579081630991634,0.47332471025295264,0.7649238164970013,-0.08400816309916337,0.2005752897470474,46,True,-0.005182329298460313,0.10599699204445256,-0.7436610443402527,no_trade
2020-04-09,0.6546,0.7265999999999999,0.7047,0.34149999999999997,0.4167,0.7545959352882793,0.48480656929342364,0.7616057102719107,-0.09999593528827933,0.16979343070657632,46,True,-0.005242773671473483,0.10603773582872396,-0.8935796381946011,no_trade
2020-04-13,0.6537000000000001,0.7232999999999999,0.7051000000000001,0.358,0.4117,0.7505661035710839,0.509740784094282,0.7575487473605838,-0.09686610357108383,0.14395921590571803,46,True,-0.005273643143032714,0.106064285393306,-0.8635560979684096,no_trade
2020-04-14,0.6138,0.6945999999999999,0.6944,0.3435,0.3776,0.7503745336612415,0.4898996751904541,0.7559750291043712,-0.1365745336612415,0.12390032480954594,46,True,-0.005251227485977073,0.10604424754296875,-1.2383821774212949,long_correlation
2020-04-15,0.6265,0.6976,0.6989,0.3577,0.40840000000000004,0.7492876534388123,0.4878503202663148,0.7548918659930737,-0.12278765343881237,0.13864967973368514,46,True,-0.005304805658026444,0.10610740533109887,-1.1072068666102142,long_correlation
2020-04-16,0.5716,0.6742,0.6758,0.3885,0.4011,0.747030218508438,0.49830153334855437,0.7518624583558646,-0.17543021850843799,0.07329846665144563,46,True,-0.005338082036861046,0.10614306457222888,-1.6024799845102606,long_correlation
2020-04-17,0.52,0.635,0.6369,0.3685,0.3815,0.7448740926812837,0.5135693375154794,0.7500877926449797,-0.22487409268128367,0.006430662484520622,46,True,-0.005679185266797435,0.10655184760265983,-2.0571666502854193,long_correlation
2020-04-20,0.6063000000000001,0.7043,0.6823,0.3479,0.43829999999999997,0.7449415983653654,0.5032787476058839,0.750184795765594,-0.13864159836536538,0.10302125239411619,46,True,-0.0063245967012606945,0.10738508631166624,-1.2321729786581161,long_correlation
2020-04-21,0.6347,0.7262000000000001,0.7112999999999999,0.37270000000000003,0.45409999999999995,0.7462008376073136,0.45374626504310706,0.7520212926103282,-0.11150083760731355,0.180953734956893,46,True,-0.006591784992796541,0.10763090656526454,-0.9747112234059175,long_correlation
2020-04-22,0.6156,0.6966,0.6748000000000001,0.337,0.41979999999999995,0.7463433055068084,0.4359571728568474,0.7515783790367233,-0.13074330550680835,0.17964282714315266,46,True,-0.006735349523619954,0.10774701478302637,-1.1509177886079462,long_correlation
2020-04-23,0.6282,0.7162000000000001,0.7056,0.3295,0.4138,0.7456001692211565,0.44397970829155287,0.7508345308903519,-0.11740016922115648,0.18422029170844711,46,True,-0.006909607795449085,0.10791245068732135,-1.0238907625761942,long_correlation
2020-04-24,0.5327000000000001,0.665,0.6509999999999999,0.3194,0.3593,0.7464548392725312,0.4190215695847301,0.7514725904398292,-0.21375483927253114,0.11367843041526998,46,True,-0.007126708932193285,0.10808002252826578,-1.9118068770414918,long_correlation
2020-04-27,0.4891,0.6307,0.6171,0.3181,0.3329,0.7479595410761255,0.41349122604799066,0.7529710037967112,-0.2588595410761255,0.07560877395200932,46,True,-0.007822562687786453,0.10884396653618979,-2.3063931458696993,long_correlation
2020-04-28,0.5621,0.6745,0.6603,0.2916,0.3357,0.7481871163352745,0.40307532008158004,0.7530044632431092,-0.18608711633527442,0.15902467991842,46,True,-0.008752864772599732,0.10998234468356015,-1.6123883526296754,long_correlation
2020-04-29,0.503,0.6167,0.6131,0.2854,0.3123,0.7455207723133214,0.4090098886569005,0.7507845849231491,-0.24252077231332136,0.09399011134309948,46,True,-0.009456017768683446,0.11054821691519486,-2.1082633537493374,long_correlation
2020-04-30,0.5734,0.6504000000000001,0.6284000000000001,0.27399999999999997,0.34149999999999997,0.7436351597971996,0.40403633259714294,0.7491090342001885,-0.1702351597971996,0.16936366740285708,46,True,-0.010476949643478863,0.11150756796189949,-1.4327118156527976,long_correlation
2020-05-01,0.7076,0.7193999999999999,0.6803,0.25579999999999997,0.37189999999999995,0.7442395377785885,0.3520346359732972,0.7500949468683834,-0.03663953777858853,0.3555653640267028,46,True,-0.011531072148042098,0.11175796131669335,-0.2246682503396379,no_trade
2020-05-04,0.6613,0.6762,0.6495000000000001,0.2709,0.35969999999999996,0.7432497394904464,0.3547129499986824,0.748883939015063,-0.08194973949044637,0.3065870500013176,46,True,-0.01201010756748031,0.11160512974009527,-0.6266704056152317,no_trade
2020-05-05,0.6745,0.6972,0.6809000000000001,0.2587,0.3361,0.7439943889597628,0.3523933551741719,0.7491487392176849,-0.06949438895976279,0.32210664482582807,46,True,-0.012432282710069431,0.11166790718568127,-0.5109982598206175,no_trade
2020-05-06,0.6925,0.69,0.6628000000000001,0.23629999999999998,0.34119999999999995,0.743893921945924,0.3710767696721022,0.7491779771764255,-0.05139392194592396,0.3214232303278978,46,True,-0.01310592010754935,0.11149726687186211,-0.3433985685261413,no_trade
2020-05-07,0.6854,0.6999,0.6792,0.23309999999999997,0.3144,0.742778395293193,0.3767055797051151,0.7481656463748441,-0.057378395293192996,0.3086944202948849,46,True,-0.014207887393667268,0.11048941571306697,-0.39072075475207885,no_trade
2020-05-08,0.5476,0.6232,0.6158,0.2273,0.2798,0.7432493253606024,0.3584472430752638,0.7486220794952625,-0.19564932536060242,0.18915275692473615,46,True,-0.015403619496333525,0.10930868546275732,-1.6489605112457473,long_correlation
2020-05-11,0.5149,0.565,0.5753,0.24559999999999998,0.2757,0.7425154762976464,0.35008145054691675,0.7474213042487554,-0.22761547629764634,0.16481854945308327,46,True,-0.017123436734300036,0.10871771066677255,-1.9361338485917834,long_correlation
2020-05-12,0.6920999999999999,0.6799,0.6707,0.2061,0.33039999999999997,0.742941302216753,0.5502612549522149,0.7482277756769932,-0.05084130221675309,0.14183874504778504,46,True,-0.01861497633287555,0.10901773987045343,-0.29560625566235654,no_trade
2020-05-13,0.7078,0.6761,0.6615000000000001,0.2395,0.3528,0.7429760174201097,0.5360874757058344,0.7484635521095904,-0.03517601742010967,0.1717125242941656,46,True,-0.019592371109163963,0.10819177565375529,-0.14403725437336243,no_trade
2020-05-14,0.6282,0.6283,0.6388,0.2675,0.3261,0.742530873080544,0.5369869163318987,0.7480895584227153,-0.11433087308054402,0.09121308366810132,46,True,-0.020518631445639108,0.10731503221921541,-0.8741761493699413,no_trade
2020-05-15,0.5887,0.5982,0.6027,0.2564,0.3189,0.7417952507453127,0.5532848887893479,0.7468598951629656,-0.15309525074531272,0.035415111210652106,46,True,-0.0216551485090893,0.10678253315609998,-1.2309138803073512,long_correlation
2020-05-18,0.5603,0.5606,0.5774,0.2463,0.293,0.7421092502586081,0.5383836858386502,0.7472124058514528,-0.18180925025860806,0.02191631416134987,46,True,-0.022790768339442616,0.10665202213519609,-1.4910029714916018,long_correlation
2020-05-19,0.6252,0.5992000000000001,0.6128,0.2316,0.3053,0.7399890467911557,0.5394070002497471,0.7446001557594489,-0.11478904679115576,0.0857929997502529,46,True,-0.02394419622790121,0.10679427351803647,-0.8506528259486851,no_trade
2020-05-20,0.5555,0.5379,0.5597,0.2502,0.2799,0.7383994610082492,0.5306357736340955,0.7430687869436677,-0.18289946100824916,0.024864226365904463,46,True,-0.024850130933583573,0.10659175766449158,-1.48275376574746,long_correlation
2020-05-21,0.604,0.5836,0.6113000000000001,0.2464,0.2953,0.7381682183322242,0.5249465959695421,0.7429959831391703,-0.13416821833222425,0.07905340403045791,46,True,-0.02592621317831521,0.10681374837373563,-1.0133714695151042,long_correlation
2020-05-22,0.5771000000000001,0.5814,0.5935,0.2334,0.2816,0.7342727123938935,0.5233057348959769,0.7391250375874886,-0.1571727123938934,0.05379426510402319,46,True,-0.026797060800658454,0.10679802938618503,-1.2207683263685745,long_correlation
2020-05-26,0.568,0.5539999999999999,0.5724,0.22920000000000001,0.2801,0.7333463905535635,0.5710960625101972,0.7386867128994896,-0.1653463905535636,-0.0030960625101972283,46,True,-0.027869171246754167,0.10674514037821936,-1.2879014334488685,long_correlation
2020-05-27,0.5199,0.5091,0.5337,0.2407,0.2762,0.7301489283389395,0.5772259971910287,0.7361203932718912,-0.2102489283389395,-0.05732599719102871,46,True,-0.029009074244693088,0.1066730635814763,-1.6990217399710883,long_correlation
2020-05-28,0.5740999999999999,0.552,0.5703,0.2279,0.2859,0.7279119909048947,0.6079582223512121,0.7336992990842351,-0.15381199090489472,-0.033858222351212164,46,True,-0.03053382123596107,0.1065058824890082,-1.1574775663837762,long_correlation
2020-05-29,0.5538000000000001,0.5356000000000001,0.5516,0.2323,0.2751,0.7230429665368983,0.6235887007743551,0.7293924490007868,-0.1692429665368982,-0.06978870077435506,46,True,-0.03176577460914693,0.10612704110448436,-1.2954021001339517,long_correlation
2020-06-01,0.5685,0.5385,0.5512,0.22829999999999998,0.2823,0.7185600496186006,0.6430369303164948,0.7255084075361152,-0.15006004961860064,-0.07453693031649478,46,True,-0.03306713653913729,0.1057923257878345,-1.105873343914298,long_correlation
2020-06-02,0.5519,0.535,0.5563,0.23309999999999997,0.26839999999999997,0.7190503083454661,0.634641232937427,0.7259723983138167,-0.16715030834546618,-0.08274123293742708,46,True,-0.03436925764701841,0.10520091493121073,-1.2621663108659393,long_correlation
2020-06-03,0.518,0.5135000000000001,0.5393,0.23879999999999998,0.2566,0.7081678985111484,0.6441668451985624,0.7148739568804243,-0.19016789851114835,-0.12616684519856236,46,True,-0.03569412801160667,0.10475979243954825,-1.4745520862756665,long_correlation
2020-06-04,0.5239,0.5162,0.5492,0.2469,0.2581,0.7031029638239932,0.6623463182606588,0.7094750858735579,-0.17920296382399314,-0.13844631826065878,46,True,-0.03689813721706595,0.10478478956843663,-1.3580675897047598,long_correlation
2020-06-05,0.4779,0.4813,0.5161,0.2457,0.2452,0.6977846719466408,0.6448794541532934,0.7060500069934866,-0.21988467194664085,-0.1669794541532934,46,True,-0.03789002197652218,0.10494462720207968,-1.734196926724726,long_correlation
2020-06-08,0.4792,0.4767,0.5058,0.26170000000000004,0.2581,0.6693062727611294,0.654757180236164,0.6817983947832048,-0.1901062727611294,-0.175557180236164,46,True,-0.03904177668783733,0.1053438177582011,-1.43401387274605,long_correlation
2020-06-09,0.5347999999999999,0.5199,0.5536,0.2622,0.2757,0.6478251595035163,0.6481244089605684,0.6611053117034069,-0.11302515950351633,-0.1133244089605685,46,True,-0.040071643924898,0.10554764210459157,-0.6911903868617513,no_trade
2020-06-10,0.5064,0.489,0.5243,0.24489999999999998,0.2757,0.5802640279016059,0.6559228963540884,0.5971752509391549,-0.07386402790160596,-0.14952289635408844,46,True,-0.040765925872315374,0.10544937246621117,-0.3138767093175079,no_trade
2020-06-11,0.7501000000000001,0.6942,0.6789000000000001,0.2268,0.4079,0.5941372281867509,0.44025741865722334,0.612937763262499,0.15596277181324925,0.30984258134277676,46,True,-0.041366914127900924,0.10520345739060737,1.875695826311958,short_correlation
2020-06-12,0.6052000000000001,0.5912,0.5839,0.27440000000000003,0.36090000000000005,0.5995242606997245,0.4469469197517394,0.6169112795661951,0.00567573930027554,0.15825308024826068,46,True,-0.041031753009997646,0.10569784975311415,0.4418963339308334,no_trade
2020-06-15,0.6179,0.5903,0.5774,0.267,0.344,0.6157053996823616,0.4432517674157514,0.6329344895233125,0.0021946003176384066,0.1746482325842486,46,True,-0.041294527132330644,0.10549811038052026,0.41222660096098857,no_trade
2020-06-16,0.6428,0.6077,0.5996,0.2559,0.3367,0.6099940548559661,0.42693920724705914,0.6331445916787679,0.0328059451440339,0.2158607927529409,46,True,-0.04149917239133899,0.10536291054412487,0.705230304968224,no_trade
2020-06-17,0.6264,0.5842,0.5881000000000001,0.255,0.3347,0.6218539332715514,0.42219486914136295,0.6458552109372643,0.0045460667284485945,0.204205130858637,46,True,-0.041573823576191854,0.10530332024120984,0.43797185310963915,no_trade
2020-06-18,0.6086,0.6003000000000001,0.6132,0.2097,0.32939999999999997,0.5923634597608671,0.4071492379981342,0.6031217598792917,0.0162365402391329,0.20145076200186585,46,True,-0.041780769696431734,0.1051605734885035,0.551702106701684,no_trade
2020-06-19,0.6065,0.6098,0.6174000000000001,0.1917,0.35119999999999996,0.6070896296898001,0.39061941467049804,0.6174046146539403,-0.0005896296898000308,0.215880585329502,46,True,-0.04177244653108442,0.10516509992885446,0.39160155668701013,no_trade
2020-06-22,0.5611,0.5801,0.5876,0.193,0.3177,0.5804064412261728,0.3933942113960753,0.5893869602267233,-0.019306441226172755,0.16770578860392477,46,True,-0.04184408421321209,0.10513073144406428,0.21437730602141472,no_trade
2020-06-23,0.5650999999999999,0.5864,0.601,0.19399999999999998,0.31370000000000003,0.5707475908267525,0.40257579149628253,0.5799248801076525,-0.005647590826752591,0.1625242085037174,46,True,-0.04210328947721259,0.10499368679448463,0.3472180067532883,no_trade
2020-06-24,0.6156,0.6071,0.6054999999999999,0.1898,0.33840000000000003,0.5698518747381573,0.32798554401541274,0.5801117357453819,0.04574812526184269,0.2876144559845873,46,True,-0.042215020583485245,0.10493962237733394,0.8382262471751302,short_correlation
2020-06-25,0.5427000000000001,0.5842,0.5951,0.2165,0.3222,0.5695129298439537,0.32855096305515163,0.581480314374345,-0.02681292984395367,0.21414903694484844,46,True,-0.04217688050977451,0.10496995485523394,0.1463652212388731,no_trade
2020-06-26,0.5526,0.6021,0.6026,0.2143,0.34729999999999994,0.5606144991280964,0.24251573300681253,0.5714934446066244,-0.008014499128096375,0.3100842669931875,46,True,-0.04241632341230439,0.1048653494583597,0.3280571176455996,no_trade
2020-06-29,0.48719999999999997,0.5634,0.5692,0.22640000000000002,0.3178,0.5579630795960504,0.22525089081788144,0.570567161728837,-0.07076307959605044,0.26194910918211856,46,True,-0.04248468682194631,0.10483716900486889,-0.269736325794822,no_trade
2020-06-30,0.4533,0.524,0.5418999999999999,0.2141,0.3043,0.5579258916960654,0.19988443311922138,0.5704885875176045,-0.10462589169606545,0.2534155668807786,46,True,-0.0426718958461429,0.10484540932153016,-0.590908045004887,no_trade
2020-07-01,0.4485,0.5196000000000001,0.5393,0.22390000000000002,0.2862,0.5039094323792961,0.1923117135323131,0.516489125306917,-0.055409432379296075,0.2561882864676869,46,True,-0.042913168040826066,0.10491800671844807,-0.11910504906945349,no_trade
2020-07-02,0.4275,0.5468,0.562,0.2091,0.2768,0.5067398808242224,0.1880433745206297,0.521336601442722,-0.0792398808242224,0.2394566254793703,46,True,-0.04287255103770741,0.10491115250774427,-0.34664884444797656,no_trade
2020-07-06,0.3858,0.5121,0.534,0.24280000000000002,0.27940000000000004,0.499123402151983,0.16652993905267097,0.5116540693859486,-0.113323402151983,0.219270060947329,46,True,-0.04284224388942981,0.1048994921140167,-0.6718922736627385,no_trade
2020-07-07,0.42229999999999995,0.542,0.5697,0.2473,0.2943,0.5038268128233951,0.14961541124026786,0.5152645604960663,-0.08152681282339519,0.2726845887597321,46,True,-0.04295438264989151,0.10495989513460703,-0.36749684366620244,no_trade
2020-07-08,0.3669,0.4886,0.5227,0.2816,0.2808,0.5102907447193888,0.14821741316375023,0.523112023186014,-0.14339074471938884,0.21868258683624978,46,True,-0.043030602741396515,0.10498098561807873,-0.9559839945026135,long_correlation
2020-07-09,0.36729999999999996,0.49420000000000003,0.5372,0.2995,0.2926,0.49565741983618805,0.14151838031766392,0.5139730924314728,-0.1283574198361881,0.22578161968233604,46,True,-0.04339916369235861,0.10517022395656389,-0.8078166323855875,no_trade
2020-07-10,0.2992,0.442,0.4914,0.31739999999999996,0.2729,0.49224095264449663,0.1254278384356324,0.5104236027428755,-0.1930409526444966,0.17377216156436762,46,True,-0.04355495693342238,0.1052672225990746,-1.42006212399479,long_correlation
2020-07-13,0.3544,0.4929,0.5361,0.3232,0.32189999999999996,0.494401370730604,0.13454116229726232,0.5142495688148172,-0.14000137073060398,0.21985883770273768,46,True,-0.043940962308047476,0.10563714074215275,-0.9093431320431905,long_correlation
2020-07-14,0.3019,0.4429,0.5021,0.3464,0.2952,0.49621593799007413,0.12412578978216339,0.5116890037687905,-0.19431593799007413,0.17777421021783663,46,True,-0.043999506522952106,0.10568645743086814,-1.4222865930145057,long_correlation
2020-07-15,0.2821,0.42210000000000003,0.4742,0.33840000000000003,0.2776,0.49009506921090557,0.12757047545105363,0.5077511229323299,-0.20799506921090555,0.1545295245489464,46,True,-0.044273595330263024,0.10598713793907112,-1.5447296442211804,long_correlation
2020-07-16,0.2833,0.434,0.4849,0.3329,0.28,0.46824321661735524,0.12807284266286975,0.4919602838583025,-0.18494321661735524,0.15522715733713024,46,True,-0.04460286022465739,0.10636719443421368,-1.3193951118029723,long_correlation
2020-07-17,0.2727,0.42979999999999996,0.4793,0.3055,0.2568,0.4612216574440973,0.12455293233039559,0.4859433273869993,-0.18852165744409732,0.1481470676696044,46,True,-0.04494143880864749,0.10667836156363249,-1.3459169838281195,long_correlation
2020-07-20,0.2481,0.395,0.4507,0.30820000000000003,0.2446,0.4596518272287779,0.1310078946388829,0.48342094486450793,-0.2115518272287779,0.11709210536111708,46,True,-0.04532380505615217,0.10702043622220514,-1.5532362606660346,long_correlation
2020-07-21,0.2801,0.42060000000000003,0.4824,0.30260000000000004,0.2484,0.4538027202454472,0.14121249061774074,0.4773409803804692,-0.1737027202454472,0.13888750938225927,46,True,-0.04587231636737645,0.10751759933580671,-1.1889253914498372,long_correlation
2020-07-22,0.2705,0.3992,0.4558,0.2952,0.2432,0.45199132991737623,0.14130293167880817,0.4724359202965782,-0.1814913299173762,0.12919706832119185,46,True,-0.046157372239035835,0.1077615991113895,-1.2558644154718814,long_correlation
2020-07-23,0.3397,0.4551,0.5071,0.2811,0.2608,0.4543013600329527,0.1267275834882204,0.4759023977251787,-0.11460136003295268,0.2129724165117796,46,True,-0.04637944312452582,0.10798325173024363,-0.6317823904660158,no_trade
2020-07-24,0.33270000000000005,0.4587,0.5012,0.2767,0.2584,0.45089952831734725,0.12861401338168368,0.4613244915819473,-0.1181995283173472,0.20408598661831637,46,True,-0.04632776507784538,0.10794732535964265,-0.6658040206188555,no_trade
2020-07-27,0.31170000000000003,0.4426,0.47979999999999995,0.2726,0.24739999999999998,0.45126948929791166,0.1291540014941315,0.46213329257687136,-0.13956948929791163,0.18254599850586853,46,True,-0.04644638693193641,0.10801004548616658,-0.8621707540888129,no_trade
2020-07-28,0.3629,0.48369999999999996,0.5218,0.2611,0.2544,0.4370044256804375,0.12278222720983753,0.44869062803259546,-0.07410442568043751,0.24011777279016247,46,True,-0.046653798239708395,0.10813892044146245,-0.25384595415476374,no_trade
2020-07-29,0.32280000000000003,0.449,0.48979999999999996,0.25780000000000003,0.24100000000000002,0.43907745932385056,0.11926767965468796,0.4501943747427469,-0.11627745932385053,0.20353232034531207,46,True,-0.046640325310941776,0.10813527351949356,-0.6439816698697789,no_trade
2020-07-30,0.3704,0.4928,0.5299,0.2458,0.24760000000000001,0.4315755642281638,0.11558116120598329,0.44206071790523455,-0.06117556422816378,0.25481883879401673,46,True,-0.04707953021044518,0.10819266448424272,-0.13028641160576615,no_trade
2020-07-31,0.3502,0.4669,0.4976,0.24280000000000002,0.2446,0.4239339996194687,0.13582955269782618,0.43519884138972365,-0.0737339996194687,0.21437044730217383,46,True,-0.047488715996169543,0.10804954920350508,-0.24290044536759403,no_trade
2020-08-03,0.31989999999999996,0.42340000000000005,0.46,0.2563,0.24280000000000002,0.4259766133555036,0.13019591355994742,0.43691767975553036,-0.10607661335550361,0.18970408644005254,46,True,-0.048286500819040214,0.10749456743734309,-0.5376096105521645,no_trade
2020-08-04,0.33299999999999996,0.419,0.44939999999999997,0.2515,0.2376,0.42125650718511504,0.18574333501846166,0.4300740951188649,-0.08825650718511507,0.1472566649815383,46,True,-0.04910652728755435,0.1071421135374717,-0.36540234838533847,no_trade
2020-08-05,0.314,0.39030000000000004,0.41969999999999996,0.2498,0.2299,0.42162205636713573,0.33966019623242527,0.43297885051756374,-0.10762205636713573,-0.02566019623242527,46,True,-0.05000704526246118,0.10650934505961492,-0.5409385540060034,no_trade
2020-08-06,0.29410000000000003,0.38270000000000004,0.42100000000000004,0.2534,0.22649999999999998,0.41183004043040417,0.3406592527288243,0.4245801967049128,-0.11773004043040414,-0.046559252728824274,46,True,-0.050778025703912676,0.10621887559673084,-0.630321252699761,no_trade
2020-08-07,0.2541,0.35109999999999997,0.3886,0.2723,0.22210000000000002,0.4016667761833114,0.39448767098294474,0.41445632758044215,-0.14756677618331143,-0.14038767098294475,46,True,-0.05148406191564396,0.10606954124941342,-0.9058464205264848,long_correlation
2020-08-10,0.2501,0.34619999999999995,0.3743,0.2824,0.2213,0.3997794858256874,0.4298926084772694,0.4099898921162502,-0.1496794858256874,-0.1797926084772694,46,True,-0.052139681617387544,0.10615109463259982,-0.9188770454595447,long_correlation
2020-08-11,0.3297,0.43310000000000004,0.4269,0.2729,0.2403,0.4042132982681839,0.45483742218991774,0.4117173848880762,-0.07451329826818393,-0.12513742218991775,46,True,-0.05286526081117743,0.10619057480109934,-0.20386025311148787,no_trade
2020-08-12,0.2943,0.3969,0.4211,0.2473,0.2228,0.39587488367811857,0.44424303656879394,0.39510631308388394,-0.10157488367811857,-0.14994303656879393,46,True,-0.05361946841886686,0.105663311392187,-0.45385114878008304,no_trade
2020-08-13,0.2956,0.4018,0.414,0.25739999999999996,0.2213,0.3916376299578614,0.46278116644577016,0.391499678275397,-0.09603762995786141,-0.1671811664457702,46,True,-0.05428235765268505,0.1054369489654988,-0.39602124980721487,no_trade
2020-08-14,0.3007,0.3956,0.4096,0.2534,0.2205,0.39072292412745835,0.45311797656929753,0.3867384961592163,-0.09002292412745833,-0.1524179765692975,46,True,-0.055138266046303,0.10489342879847001,-0.3325723878106667,no_trade
2020-08-17,0.2828,0.37799999999999995,0.396,0.2535,0.21350000000000002,0.3881249579440738,0.44553605600263907,0.38439046940746624,-0.10532495794407382,-0.16273605600263907,46,True,-0.05600562516293047,0.10427029467780247,-0.47299504555483596,no_trade
2020-08-18,0.3031,0.386,0.4132,0.25170000000000003,0.2151,0.3872593953453173,0.4510611147813282,0.3831845980356977,-0.0841593953453173,-0.14796111478132823,46,True,-0.05658315159721793,0.10413820982976602,-0.26480428070713,no_trade
2020-08-19,0.3331,0.3918,0.413,0.2473,0.2254,0.3946090410186159,0.4541177499154253,0.3873136919387907,-0.06150904101861587,-0.1210177499154253,46,True,-0.05688332049625045,0.10410812311737046,-0.04443188853909536,no_trade
2020-08-20,0.32289999999999996,0.38079999999999997,0.4146,0.2434,0.22719999999999999,0.39482164147378945,0.4583403442193513,0.3851426778980286,-0.07192164147378949,-0.13544034421935136,46,True,-0.05730590383521369,0.1039089335926293,-0.14065910536505166,no_trade
2020-08-21,0.24,0.3312,0.37729999999999997,0.2734,0.2254,0.3996201087237187,0.45196290942063155,0.389277857771377,-0.15962010872371873,-0.21196290942063156,46,True,-0.05756863540449438,0.10386165547764421,-0.9825712179331717,long_correlation
2020-08-24,0.2183,0.3134,0.35590000000000005,0.2929,0.2237,0.40368793969262706,0.4610773606009714,0.3953424348477708,-0.18538793969262707,-0.24277736060097138,46,True,-0.058218955046326584,0.10398596302169208,-1.222943760397471,long_correlation
2020-08-25,0.2241,0.3194,0.3669,0.2863,0.22030000000000002,0.40703251891479236,0.4524010440372105,0.39833608337349563,-0.18293251891479237,-0.2283010440372105,46,True,-0.05915486323092082,0.10406523981954949,-1.1894236336600355,long_correlation
2020-08-26,0.1934,0.2986,0.371,0.3195,0.2327,0.39954031572285886,0.4741996230176162,0.3829837951784337,-0.20614031572285887,-0.2807996230176162,46,True,-0.06008722229379198,0.10411770591237421,-1.4027690309656422,long_correlation
2020-08-27,0.1929,0.2967,0.35350000000000004,0.3325,0.2447,0.39982774617780675,0.49802095396890556,0.37938312808728425,-0.20692774617780677,-0.3051209539689056,46,True,-0.06120149729149367,0.10417246058141208,-1.3988941806018511,long_correlation
2020-08-28,0.1668,0.2738,0.3268,0.341,0.2296,0.40458188881862056,0.4909637676507152,0.3838638426001514,-0.23778188881862056,-0.3241637676507152,46,True,-0.06223038973304898,0.10432675448768533,-1.6827083325619372,long_correlation
2020-08-31,0.2144,0.3019,0.3488,0.3191,0.2641,0.39595519371321947,0.5007653635588639,0.36963963580434805,-0.18155519371321946,-0.2863653635588639,46,True,-0.06326175555089103,0.10477326865365669,-1.1290421658349195,long_correlation
2020-09-01,0.2125,0.301,0.35109999999999997,0.3322,0.2612,0.39430565906746956,0.5112692195308992,0.36540663242822,-0.18180565906746957,-0.2987692195308992,46,True,-0.06405811381449443,0.10490713963937322,-1.1223978239969352,long_correlation
2020-09-02,0.20670000000000002,0.2904,0.33149999999999996,0.3594,0.2657,0.4004547936580356,0.4797195729341612,0.3728953672844748,-0.19375479365803558,-0.2730195729341611,46,True,-0.0649088024567884,0.10498962254937975,-1.2272259683631785,long_correlation
2020-09-03,0.2913,0.3549,0.3826,0.35619999999999996,0.336,0.42851009967052717,0.45907855967867284,0.4008861808953799,-0.13721009967052716,-0.16777855967867283,46,True,-0.06548242097795162,0.10529790274381183,-0.681188103689851,no_trade
2020-09-04,0.2382,0.318,0.3515,0.37689999999999996,0.3075,0.3099151533448201,0.479352946630631,0.2899906688186471,-0.07171515334482012,-0.241152946630631,46,True,-0.06566381489502747,0.1053822381096057,-0.05742275508989275,no_trade
2020-09-08,0.3204,0.3944,0.3914,0.35710000000000003,0.3146,0.32827092790623214,0.4733505028184853,0.3044252357430489,-0.007870927906232117,-0.15295050281848527,46,True,-0.06547170385151349,0.10532666900635004,0.5468774099540609,no_trade
2020-09-09,0.33030000000000004,0.36469999999999997,0.385,0.28850000000000003,0.28809999999999997,0.3374409557223305,0.4469438526857412,0.3135715483535759,-0.007140955722330478,-0.11664385268574118,46,True,-0.06497011377975796,0.10529869347939724,0.5491916010215487,no_trade
2020-09-10,0.3799,0.4131,0.43270000000000003,0.2816,0.29710000000000003,0.3382588970191024,0.41658384945522636,0.3126930264708178,0.041641102980897626,-0.03668384945522635,46,True,-0.06453377794663967,0.10530964563004055,1.0082161068183286,short_correlation
2020-09-11,0.35259999999999997,0.41229999999999994,0.42590000000000006,0.2908,0.2687,0.33652107582467705,0.42969696782785033,0.311943995270268,0.016078924175322917,-0.07709696782785036,46,True,-0.0638428949867498,0.10543325801473345,0.758032338817646,short_correlation
2020-09-14,0.33159999999999995,0.4,0.4156,0.2948,0.2585,0.3384473183519794,0.42063943551453925,0.31468943472544253,-0.006847318351979437,-0.0890394355145393,46,True,-0.06319543321477787,0.105421036839838,0.5345054132640138,no_trade
2020-09-15,0.3387,0.4121,0.43450000000000005,0.2852,0.2559,0.33702440004169193,0.42989521894600397,0.3143040639915853,0.0016755999583080716,-0.09119521894600396,46,True,-0.06258271866368965,0.10529748943879137,0.6102549924454809,no_trade
2020-09-16,0.32689999999999997,0.39799999999999996,0.4167,0.2962,0.26039999999999996,0.3359726090779161,0.4469458282738404,0.3114781124237562,-0.009072609077916127,-0.12004582827384042,46,True,-0.06200927026250573,0.10525219141992967,0.5029506794151742,no_trade
2020-09-17,0.3354,0.415,0.4507,0.3002,0.2646,0.3385398701208853,0.4394523860502942,0.3130403945833628,-0.0031398701208853463,-0.10405238605029421,46,True,-0.06150471192431012,0.10519976600692872,0.5548001104829522,no_trade
2020-09-18,0.32530000000000003,0.4279,0.4805,0.2986,0.2583,0.317797079165871,0.4595847556341673,0.2971163459054968,0.007502920834129012,-0.13428475563416725,46,True,-0.06092072056846865,0.10511328701556648,0.6509514005823511,no_trade
2020-09-21,0.35159999999999997,0.45189999999999997,0.46880000000000005,0.313,0.2778,0.3231758991189148,0.4508619822947205,0.2950151546315656,0.028424100881085157,-0.09926198229472055,46,True,-0.06031846564505793,0.10506862961479892,0.844615246734347,short_correlation
2020-09-22,0.3353,0.45649999999999996,0.4742,0.30920000000000003,0.2686,0.295250384616833,0.4530879431144392,0.2713749892677508,0.04004961538316698,-0.11778794311443919,46,True,-0.05972329510308352,0.1051451138964945,0.948906770736561,short_correlation
2020-09-23,0.37810000000000005,0.4826,0.48590000000000005,0.3144,0.2858,0.30179844696150715,0.3934982893993096,0.2777157589592649,0.0763015530384929,-0.01539828939930954,46,True,-0.05900443059354565,0.10520575153720199,1.286108237002544,short_correlation
2020-09-24,0.3678,0.4746,0.4885,0.32030000000000003,0.2851,0.2902279079783162,0.392227009662163,0.26763653674347176,0.0775720920216838,-0.02442700966216299,46,True,-0.058336033441146476,0.10552899023618527,1.2878747835893551,short_correlation
2020-09-25,0.3232,0.4525,0.4607,0.3173,0.2638,0.29434814044763197,0.4420301897467441,0.2737194615748604,0.02885185955236802,-0.11883018974674409,46,True,-0.05748868184234602,0.10576024970294993,0.8163798935537665,short_correlation
2020-09-28,0.3307,0.4893,0.45649999999999996,0.3166,0.2619,0.3008921306432853,0.40723174985941785,0.2817325002333244,0.0298078693567147,-0.07653174985941785,46,True,-0.05689721164812304,0.10582491040784325,0.8193258153555834,short_correlation
2020-09-29,0.35240000000000005,0.4587,0.46549999999999997,0.31679999999999997,0.2627,0.2955335857656832,0.5302294231627073,0.27380754443291005,0.05686641423431682,-0.17782942316270722,46,True,-0.05638018836816,0.10592934580584953,1.0690767675469135,short_correlation
2020-09-30,0.3406,0.456,0.4542,0.3118,0.2637,0.2969065198368674,0.5270055962197949,0.27596269750656177,0.043693480163132625,-0.1864055962197949,46,True,-0.055644481315816965,0.106069963878912,0.9365324343124358,short_correlation
2020-10-01,0.3311,0.4449,0.4468,0.3175,0.267,0.2946798662161242,0.5142842414830813,0.2731705282949889,0.03642013378387582,-0.18318424148308127,46,True,-0.055211280702538196,0.1062524297333888,0.8623935915285683,short_correlation
2020-10-02,0.30670000000000003,0.43229999999999996,0.4303,0.3247,0.2763,0.2968777683922626,0.5324905395912634,0.27809602859781657,0.00982223160773743,-0.22579053959126333,46,True,-0.05493071982510223,0.10640115584036418,0.6085737595744715,no_trade
2020-10-05,0.3627,0.45030000000000003,0.42229999999999995,0.31620000000000004,0.2796,0.30260826521916184,0.527954722081118,0.2861974114978649,0.06009173478083818,-0.16525472208111802,46,True,-0.05463332829386435,0.10647726735162986,1.0774606254294188,short_correlation
2020-10-06,0.385,0.4425,0.4435,0.31629999999999997,0.2948,0.31225320408078794,0.47685727020558405,0.29250743373983934,0.07274679591921207,-0.09185727020558404,46,True,-0.05378817810245967,0.10653951544503594,1.187681148099003,short_correlation
2020-10-07,0.3529,0.41100000000000003,0.4035,0.3186,0.28059999999999996,0.31620220780377967,0.4654976948581991,0.2990444742610569,0.036697792196220325,-0.1125976948581991,46,True,-0.052977215235862685,0.10672237467531513,0.8402643560444015,short_correlation
2020-10-08,0.322,0.3865,0.38770000000000004,0.3264,0.2636,0.3164357575660329,0.46072564964252216,0.2998825783577447,0.0055642424339670815,-0.13872564964252215,46,True,-0.05257804751343747,0.10686940108659992,0.5440499278206853,no_trade
2020-10-09,0.28059999999999996,0.3488,0.36479999999999996,0.3186,0.25,0.3162158823237494,0.36274210245702204,0.29967113651487176,-0.03561588232374946,-0.08214210245702208,46,True,-0.05212013596964743,0.10687033234507189,0.15443250978772718,no_trade
2020-10-12,0.267,0.3337,0.33909999999999996,0.3257,0.2507,0.3204294727322751,0.3380778870847563,0.30564397718999303,-0.05342947273227511,-0.07107788708475626,46,True,-0.05169319032282881,0.10671979990462258,-0.016269543336831987,no_trade
2020-10-13,0.30210000000000004,0.3601,0.3583,0.32159999999999994,0.2607,0.3249968804653957,0.3368037817326381,0.3084046761167138,-0.022896880465395675,-0.03470378173263805,46,True,-0.051074244138591164,0.10625275889623502,0.26519183093130894,no_trade
2020-10-14,0.3077,0.35619999999999996,0.3502,0.3006,0.264,0.33198537318898447,0.33983718279494635,0.3143526688148798,-0.024285373188984494,-0.03213718279494637,46,True,-0.05022815184707312,0.10562046584130723,0.24562264946896906,no_trade
2020-10-15,0.3256,0.3693,0.3663,0.30879999999999996,0.2697,0.3348744503633951,0.34453632290609876,0.3165796760755844,-0.009274450363395081,-0.018936322906098757,46,True,-0.049288851292713765,0.1047879074607391,0.3818608644734211,no_trade
2020-10-16,0.3224,0.38079999999999997,0.3685,0.3042,0.2741,0.33267048118562287,0.3445628535428845,0.3136202454435181,-0.010270481185622848,-0.022162853542884497,46,True,-0.04830184774859478,0.10398250089201407,0.3657477579084922,no_trade
2020-10-19,0.3669,0.4269,0.4125,0.31670000000000004,0.2918,0.3534559061571976,0.32460425793955455,0.3374803794386986,0.01344409384280243,0.04229574206044545,46,True,-0.04739030092935607,0.10330010540191521,0.5889093194577768,no_trade
2020-10-20,0.384,0.4322,0.4165,0.3097,0.29350000000000004,0.34943273371236167,0.33937859000298415,0.3338331666730853,0.03456726628763834,0.04462140999701586,46,True,-0.04634468149738362,0.10257156470208562,0.7888340986122907,short_correlation
2020-10-21,0.387,0.4172,0.3968,0.309,0.2865,0.35141814547223704,0.339664067250568,0.33344741373265463,0.03558185452776297,0.047335932749431986,46,True,-0.04518900922829959,0.10183044142707781,0.7931897635335666,short_correlation
2020-10-22,0.38130000000000003,0.41600000000000004,0.40409999999999996,0.3057,0.2811,0.35013683010390934,0.34480478745503507,0.3317786138665034,0.031163169896090692,0.03649521254496496,46,True,-0.044076957013361236,0.10117151683680523,0.7436888292464573,no_trade
2020-10-23,0.35979999999999995,0.4017,0.38170000000000004,0.3068,0.2755,0.35121838914186565,0.3517553830811006,0.33661169277139097,0.008581610858134303,0.00804461691889935,46,True,-0.042965272696415924,0.10044757397223537,0.5131720111906163,no_trade
2020-10-26,0.46799999999999997,0.46340000000000003,0.42590000000000006,0.2999,0.3246,0.3711801480846627,0.3357603416980737,0.35607182727406933,0.09681985191533726,0.13223965830192624,46,True,-0.041995070748069914,0.09975489843101693,1.3915599619341126,short_correlation
2020-10-27,0.4987,0.47909999999999997,0.4395,0.2803,0.3335,0.37106542800060577,0.3389201268333094,0.3525756238714145,0.1276345719993942,0.15977987316669057,46,True,-0.04062825941811291,0.09928488465358343,1.694747715169291,short_correlation
2020-10-28,0.6192,0.5634,0.49340000000000006,0.2576,0.4028,0.4204389221103914,0.19659103973368194,0.400634036613868,0.19876107788960856,0.422608960266318,46,True,-0.03918684160649909,0.0990794950926939,2.401585911126165,short_correlation
2020-10-29,0.5577000000000001,0.5165,0.46,0.2594,0.3759,0.423420815980874,0.19635269064821387,0.4042032993785207,0.13427918401912609,0.3613473093517862,46,True,-0.03776919748818062,0.09991797412198668,1.7218962155623603,short_correlation
2020-10-30,0.6223,0.5599000000000001,0.4888,0.2468,0.38020000000000004,0.4168999967126072,0.19011654560903662,0.39863364790948086,0.20540000328739277,0.43218345439096334,46,True,-0.03647001982967054,0.10001847269422051,2.4182535145934057,short_correlation
2020-11-02,0.5942000000000001,0.5192,0.455,0.2425,0.3713,0.42441245117170634,0.18008285554262152,0.40519362258932085,0.16978754882829372,0.41411714445737857,46,True,-0.03508182318877305,0.10093760645837507,2.0296634644447544,short_correlation
2020-11-03,0.5567,0.48829999999999996,0.4432,0.24280000000000002,0.3555,0.43423356786492917,0.1702865951067695,0.41555484336403226,0.1224664321350708,0.3864134048932305,46,True,-0.03378545117305464,0.10146334143933787,1.5399836146885044,short_correlation
2020-11-04,0.5097,0.4549,0.4121,0.2391,0.2957,0.4210235449022199,0.17734757285646177,0.40525242871739964,0.08867645509778016,0.3323524271435383,46,True,-0.0327271865503262,0.10169743994053267,1.19377283950409,short_correlation
2020-11-05,0.4805,0.4536,0.4226,0.2445,0.2758,0.4210497447571459,0.15594660873370408,0.4072412979843069,0.05945025524285408,0.3245533912662959,46,True,-0.03195486501554462,0.10187801962914429,0.8972015807838729,short_correlation
2020-11-06,0.41119999999999995,0.41659999999999997,0.3945,0.2468,0.2486,0.4267717678372324,0.15892682657877868,0.4120182070418862,-0.015571767837232464,0.25227317342122124,46,True,-0.03133172169861622,0.10195522788407024,0.15457720205680728,no_trade
2020-11-09,0.4213,0.413,0.39759999999999995,0.2386,0.2575,0.3787328463916045,0.22402549485423895,0.3668884569262948,0.042567153608395525,0.19727450514576106,46,True,-0.031212078342597278,0.10195596431585455,0.7236382142630555,no_trade
2020-11-10,0.3812,0.38299999999999995,0.3937,0.2657,0.248,0.3711272933164144,0.25963552802809425,0.36009798202121346,0.010072706683585564,0.12156447197190573,46,True,-0.0307052371580232,0.10200418488342332,0.3997673613902441,no_trade
2020-11-11,0.3697,0.36719999999999997,0.373,0.2328,0.2345,0.3694773435932679,0.25840720010197515,0.35914818536863014,0.0002226564067320802,0.11129279989802482,46,True,-0.030520053142885546,0.10203580756567578,0.30129334282800624,no_trade
2020-11-12,0.413,0.39890000000000003,0.4044,0.2311,0.2535,0.37192474666974545,0.23800624367393808,0.36109250024181416,0.041075253330254524,0.1749937563260619,46,True,-0.030456702755651897,0.10204997435649033,0.7009502602717413,no_trade
2020-11-13,0.3444,0.36329999999999996,0.3725,0.2373,0.231,0.3739593873857001,0.2302372937182332,0.36415266990438633,-0.02955938738570013,0.11416270628176678,46,True,-0.030182445250688843,0.10214932293008804,0.006099481103904517,no_trade
2020-11-16,0.3636,0.37310000000000004,0.38659999999999994,0.2364,0.2245,0.37292976915918064,0.21845814061601898,0.36431725589711406,-0.009329769159180656,0.145141859383981,46,True,-0.030271749723972008,0.10213885970121311,0.2050344073357872,no_trade
2020-11-17,0.3918,,0.4071,0.237,0.2271,0.37124994066440403,0.2150358784822687,0.362293472744289,0.02055005933559595,0.17676412151773127,46,True,-0.030103189080683008,0.10213822852468732,0.49592840161738083,no_trade
2020-11-18,0.4047,0.3885,0.3992,0.23070000000000002,0.2384,0.3746044939680476,0.17870433345847955,0.36480890712223785,0.03009550603195238,0.22599566654152045,46,True,-0.030049408792627918,0.10216140686637974,0.5887244182457845,no_trade
2020-11-19,0.3978,0.3874,0.40700000000000003,0.2346,0.2311,0.38211654582187266,0.1757218477733623,0.3764896533249446,0.015683454178127332,0.22207815222663768,46,True,-0.03004607268972532,0.1021633648817763,0.4476117923560072,no_trade
2020-11-20,0.4158,0.3979,0.4072,0.2278,0.237,0.3850291823273323,0.16959087213696683,0.3798599170095468,0.030770817672667705,0.24620912786303317,46,True,-0.030018070926197217,0.10217497332847882,0.5949489059658162,no_trade
2020-11-23,0.37329999999999997,0.3739,0.39289999999999997,0.23550000000000001,0.2266,0.38319861515420295,0.16785155351858186,0.3776993966378398,-0.009898615154202983,0.2054484464814181,46,True,-0.030063361197355667,0.10214536662728543,0.19741224402993338,no_trade
2020-11-24,0.37560000000000004,0.3582,0.3856,0.2396,0.2164,0.3879689280140326,0.12729301785312164,0.3835552106937785,-0.012368928014032554,0.2483069821468784,46,True,-0.030178442529231114,0.10210608332719315,0.17442167924636753,no_trade
2020-11-25,0.33340000000000003,0.33759999999999996,0.3669,0.2446,0.2125,0.39196046422017294,0.13973512846447106,0.38581864620020173,-0.058560464220172914,0.19366487153552897,46,True,-0.03027249398774319,0.10207860702265659,-0.27711947740579124,no_trade
2020-11-27,0.3189,0.3371,0.369,0.2561,0.2084,0.38630847789156286,0.14030702611433638,0.3817863149579825,-0.06740847789156285,0.17859297388566364,46,True,-0.030603858656071053,0.10203417686635613,-0.36070873863860636,no_trade
2020-11-30,0.3095,0.3247,0.3532,0.2753,0.2057,0.3595340966307416,0.14524555540841497,0.3549982066806122,-0.0500340966307416,0.16425444459158503,46,True,-0.030917550633848333,0.10202529496150792,-0.18737065160267904,no_trade
2020-12-01,0.3057,0.3259,0.3617,0.2738,0.2077,0.3605948813764889,0.1455472637619267,0.3573151865433079,-0.05489488137648885,0.16015273623807333,46,True,-0.0313182240555378,0.1019007487406708,-0.2313688330293994,no_trade
2020-12-02,0.3016,0.321,0.34990000000000004,0.2746,0.21170000000000003,0.34222989846384844,0.18254166969139513,0.33933119597408984,-0.04062989846384846,0.11905833030860485,46,True,-0.03208183456751474,0.10134989151508114,-0.08434211195047744,no_trade
2020-12-03,0.33899999999999997,0.34020000000000006,0.3676,0.264,0.21280000000000002,0.3346167228700871,0.18567103061309695,0.33099991364550163,0.004383277129912877,0.15332896938690302,46,True,-0.032994006623288136,0.10037981830955696,0.3723585515759237,no_trade
2020-12-04,0.2691,0.3159,0.3422,0.2635,0.2079,0.32720069338772606,0.15253014370310075,0.3268309666988366,-0.058100693387726055,0.11656985629689925,46,True,-0.03357148547051397,0.09973996046906412,-0.2459315985474066,no_trade
2020-12-07,0.28809999999999997,0.32020000000000004,0.3436,0.26890000000000003,0.213,0.327515134459973,0.16667073000849292,0.3271157633504255,-0.03941513445997302,0.12142926999150705,46,True,-0.034430650462813385,0.09900948061929452,-0.05034350211699105,no_trade
2020-12-08,0.28300000000000003,0.3071,0.341,0.27440000000000003,0.20679999999999998,0.32576668210292226,0.16437530736240802,0.32475664895066264,-0.04276668210292223,0.11862469263759201,46,True,-0.03492628844685489,0.09871899056757237,-0.0794213313060636,no_trade
2020-12-09,0.301,0.31679999999999997,0.3423,0.2586,0.2227,0.3267341319070595,0.1576167841336597,0.32557171764263043,-0.025734131907059532,0.14338321586634029,46,True,-0.03569414219281281,0.09801920567410415,0.10161284431204723,no_trade
2020-12-10,0.32030000000000003,0.3321,0.361,0.25370000000000004,0.22519999999999998,0.32909975101245414,0.14974230082291165,0.3285546964752927,-0.008799751012454116,0.17055769917708838,46,True,-0.03653192747062374,0.09701920077928247,0.2858421450127176,no_trade
2020-12-11,0.3372,0.3458,0.3871,0.2556,0.23309999999999997,0.3246008210955999,0.15400967439848973,0.32335793609216595,0.012599178904400099,0.18319032560151027,46,True,-0.0370984790118162,0.09643466736563591,0.515350540151558,no_trade
2020-12-14,0.386,0.37079999999999996,0.40549999999999997,0.2465,0.24719999999999998,0.3201435788785893,0.14724760313717514,0.31906356519530793,0.06585642112141071,0.23875239686282487,46,True,-0.03724874472776527,0.09632712188892485,1.0703648549581593,short_correlation
2020-12-15,0.3308,0.3397,0.3644,0.2577,0.2289,0.32026535545887963,0.1497436087831061,0.32100262657588075,0.010534644541120353,0.18105639121689387,46,True,-0.03704357998495284,0.09649195928472472,0.4930796812372855,no_trade
2020-12-16,0.3122,0.3086,0.3353,0.25920000000000004,0.225,0.32029478007300266,0.15057450137298967,0.32093806227279675,-0.008094780073002683,0.1616254986270103,46,True,-0.03695833180599914,0.09652459012638513,0.2990279647414588,no_trade
2020-12-17,0.2998,0.3098,0.3428,0.26,0.2193,0.31007725795704105,0.15474403046832327,0.3114067997958143,-0.010277257957041042,0.14505596953167674,46,True,-0.03695951613127943,0.09652423272287242,0.2764306684606854,no_trade
2020-12-18,0.2825,0.3104,0.35590000000000005,0.26789999999999997,0.2157,0.3127206273201702,0.15321698197033012,0.31278773698693463,-0.030220627320170224,0.12928301802966985,46,True,-0.03705804476794013,0.09648410615108431,0.07086573862293141,no_trade
2020-12-21,0.3407,0.33299999999999996,0.35590000000000005,0.2493,0.2516,0.3074382967318119,0.1542277277527953,0.3057774147855938,0.033261703268188114,0.1864722722472047,46,True,-0.03714751927308253,0.09646720068336563,0.7298773266198,no_trade
2020-12-22,0.3331,0.3329,0.34450000000000003,0.24989999999999998,0.24230000000000002,0.30243349069628295,0.14405415719129408,0.2979293304498077,0.03066650930371706,0.18904584280870593,46,True,-0.036988109204349084,0.09655052241290633,0.700717270267431,no_trade
2020-12-23,0.2952,0.2948,0.31120000000000003,0.2515,0.23309999999999997,0.3010992440902013,0.143796647599188,0.2968244785944993,-0.005899244090201261,0.151403352400812,46,True,-0.03686337660649632,0.09661778397211858,0.32048067388122375,no_trade
2020-12-24,0.2582,0.2841,0.3053,0.2609,0.21530000000000002,0.30054561688332093,0.2771458738296865,0.2959477070050263,-0.04234561688332095,-0.018945873829686488,46,True,-0.03686990782958259,0.09661562640566479,-0.05667519072688332,no_trade
2020-12-28,0.2229,0.2759,0.3018,0.2711,0.217,0.30380866414817115,0.2789476792004832,0.2988004865519383,-0.08090866414817116,-0.0560476792004832,46,True,-0.0368720513739232,0.09661574233541484,-0.455791279037828,no_trade
2020-12-29,0.2726,0.3246,0.34299999999999997,0.26039999999999996,0.23079999999999998,0.30285453756716835,0.30934606907009465,0.29901071793393635,-0.030254537567168338,-0.036746069070094645,46,True,-0.03723056360445291,0.09661084251054398,0.07220748578528564,no_trade
2020-12-30,0.255,0.3002,0.3176,0.2627,0.22769999999999999,0.2945183275596566,0.3198905677149996,0.28985521815041887,-0.03951832755965662,-0.06489056771499957,46,True,-0.037581616405307154,0.09642320269813513,-0.020085530247450713,no_trade
2020-12-31,0.2382,0.2926,0.3371,0.264,0.2275,0.29079474456775006,0.3309403150642369,0.28733142407643986,-0.05259474456775007,-0.09274031506423688,46,True,-0.03786545789385536,0.09632275656963175,-0.1529159587874429,no_trade
2021-01-04,0.293,0.3478,0.3529,0.2702,0.2697,0.28496485190975596,0.31497854141788484,0.2797179276358357,0.008035148090244026,-0.021978541417884856,46,False,-0.037943184898306864,0.09632672368744709,0.4773164831987595,no_trade
2021-01-05,0.2763,0.3342,0.34759999999999996,0.2688,0.2534,0.28451070938141515,0.31682587047323907,0.2792660477314019,-0.00821070938141516,-0.04052587047323908,46,False,-0.038091343902279765,0.09622672942960887,0.3105232267373556,no_trade
2021-01-06,0.27949999999999997,0.32939999999999997,0.3326,0.2664,0.2507,0.2775484066175283,0.34844729703258986,0.27200131108350456,0.0019515933824716947,-0.0689472970325899,46,False,-0.03826547009619567,0.09613238003945462,0.41835085599837946,no_trade
2021-01-07,0.2138,0.2934,0.31629999999999997,0.282,0.2237,0.27526820733641577,0.3436845696978879,0.27056183181121796,-0.06146820733641578,-0.12988456969788792,46,False,-0.038429230849030625,0.09602811140962825,-0.2399190835807186,no_trade
2021-01-08,0.1948,0.2662,0.2908,0.2893,0.21559999999999999,0.2754795481190401,0.34346620463802574,0.27083125178347833,-0.08067954811904007,-0.14866620463802574,46,False,-0.038832922202946256,0.0959097425608542,-0.4363125663645939,no_trade
2021-01-11,0.22829999999999998,0.305,0.32270000000000004,0.2982,0.2408,0.2712937518017492,0.3530285075911542,0.2671517908471398,-0.04299375180174922,-0.1247285075911542,46,False,-0.039143851387627965,0.0959179250766067,-0.04013744470646605,no_trade
2021-01-12,0.2071,0.29,0.3173,0.3037,0.23329999999999998,0.2693780884980351,0.3561091015407606,0.2651070018374491,-0.06227808849803507,-0.14900910154076058,46,False,-0.039284817620705396,0.09589729179335071,-0.23976976249629572,no_trade
2021-01-13,0.19260000000000002,0.276,0.3041,0.2977,0.22210000000000002,0.2681789924877529,0.3584325395597493,0.263555907286866,-0.07557899248775288,-0.16583253955974928,46,False,-0.03946124186133621,0.09589853966064231,-0.37662461549703596,no_trade
2021-01-14,0.214,0.3012,0.3494,0.299,0.2325,0.25544659295117095,0.36180139140666573,0.2529203575601086,-0.04144659295117095,-0.14780139140666573,46,False,-0.03975949771836278,0.0958935072441141,-0.017593425053412343,no_trade
2021-01-15,0.2378,0.3235,0.3381,0.284,0.2434,0.26018148494167065,0.35224919176975633,0.25753426701718596,-0.022381484941670637,-0.11444919176975632,46,False,-0.039890079298859425,0.09587322809184481,0.18262235147037995,no_trade
2021-01-19,0.23379999999999998,0.3201,0.33590000000000003,0.2738,0.2324,0.2591429234683832,0.3517178967394067,0.25749781025287916,-0.02534292346838321,-0.1179178967394067,46,False,-0.03992439343530553,0.09586537648576669,0.15210361135010259,no_trade
2021-01-20,0.1918,0.2873,0.313,0.2899,0.2158,0.25858967028738705,0.3497436130266925,0.25786810061805643,-0.06678967028738705,-0.1579436130266925,46,False,-0.039950320186240326,0.09586052656271282,-0.2799833368700326,no_trade
2021-01-21,0.1837,0.28809999999999997,0.3246,0.2984,0.2132,0.2584726184262728,0.3429814977666201,0.25854113517499583,-0.07477261842627278,-0.15928149776662012,46,False,-0.04017874828871261,0.09585560570532985,-0.36089563967604926,no_trade
2021-01-22,0.1732,0.2783,0.311,0.2969,0.2191,0.24005886963229572,0.33976698707377495,0.24176453950657092,-0.06685886963229573,-0.16656698707377496,46,False,-0.040471495605389325,0.09584812794765808,-0.27530401054172227,no_trade
2021-01-25,0.1704,0.2749,0.3086,0.3176,0.23190000000000002,0.24003009238255002,0.3514733509102557,0.2424811453581781,-0.06963009238255002,-0.18107335091025573,46,False,-0.040737907209096674,0.09582771623981494,-0.3015013433185533,no_trade
2021-01-26,0.1877,0.29359999999999997,0.32789999999999997,0.3206,0.2302,0.1669823911246266,0.39336556835734776,0.1839093293018064,0.02071760887537341,-0.20566556835734776,46,False,-0.04115902199688589,0.095720096220098,0.6464330199792182,no_trade
2021-01-27,0.3222,0.3807,0.3825,0.3095,0.3721,0.21274287285658744,0.2882539281628618,0.2144603315811357,0.10945712714341255,0.03394607183713816,46,False,-0.04149903554833975,0.0953452973771153,1.5832575579966115,short_correlation
2021-01-28,0.335,0.3864,0.38420000000000004,0.26530000000000004,0.30210000000000004,0.21571420089514046,0.32378592346026436,0.22115353076512934,0.11928579910485956,0.011214076539735662,46,False,-0.04141480515629962,0.09546965547056244,1.6832636869702577,short_correlation
2021-01-29,0.35840000000000005,0.4053,0.389,0.2646,0.3309,0.226024310076777,0.29159755979303614,0.22604229640228787,0.13237568992322304,0.06680244020696391,46,False,-0.04143011605983887,0.09544346505608343,1.8210341156508942,short_correlation
2021-02-01,0.33649999999999997,0.3786,0.37020000000000003,0.2671,0.3024,0.2186453265042722,0.2918359766326149,0.2206145366889101,0.11785467349572776,0.044664023367385064,46,False,-0.041402250983292796,0.09549336421428707,1.6677276561505163,short_correlation
2021-02-02,0.3147,0.3618,0.3652,0.2585,0.2556,0.2292675841759457,0.2860110663298249,0.23199584986099403,0.08543241582405428,0.028688933670175054,46,False,-0.041413379976080134,0.0954745635661477,1.3285820962381438,short_correlation
2021-02-03,0.29109999999999997,0.3408,0.348,0.2596,0.2291,0.21719003086174163,0.3336568788690197,0.219006150694491,0.07390996913825834,-0.04255687886901971,46,False,-0.041601132545591814,0.0951767683428956,1.213648074997625,short_correlation
2021-02-04,0.27449999999999997,0.3321,0.35,0.26039999999999996,0.2177,0.2198200354215336,0.3066648206585119,0.22312352878752972,0.054679964578466356,-0.03216482065851195,46,False,-0.041679842752746776,0.09507253718368529,1.0135398737181145,short_correlation
2021-02-05,0.2579,0.3287,0.3464,0.2521,0.2087,0.24839836665783593,0.29554080510837527,0.24614585405245973,0.009501633342164084,-0.03764080510837525,46,False,-0.04152189035467852,0.09519985238526653,0.5359622144197693,no_trade
2021-02-08,0.2555,0.32030000000000003,0.3406,0.2584,0.21239999999999998,0.25902038254112786,0.30536792168280263,0.2574897464838045,-0.0035203825411278533,-0.04986792168280263,46,False,-0.0415290004876076,0.09519595891779624,0.3992671367416027,no_trade
2021-02-09,0.2708,0.33340000000000003,0.36090000000000005,0.2596,0.2163,0.26074136870309556,0.301375062955335,0.25946483850001356,0.01005863129690443,-0.03057506295533502,46,False,-0.041629645863443185,0.09514208510535696,0.5432745887701521,no_trade
2021-02-10,0.2826,0.3354,0.35700000000000004,0.24850000000000003,0.21989999999999998,0.2550750187602066,0.3000610807035791,0.25365302711990045,0.02752498123979341,-0.0174610807035791,46,False,-0.041544812428713225,0.09517874270897228,0.7256850815911816,no_trade
2021-02-11,0.2707,0.3368,0.365,0.2597,0.2125,0.2477580950047352,0.29735525857594525,0.246171040256337,0.0229419049952648,-0.02665525857594525,46,False,-0.04137046198229031,0.09526516867820164,0.6750879452572776,no_trade
2021-02-12,0.2401,0.3041,0.33759999999999996,0.2579,0.1997,0.2464128205052273,0.2940806663039923,0.2426032554245508,-0.006312820505227301,-0.053980666303992314,46,False,-0.041055518214480884,0.09534636003231077,0.3643841012649046,no_trade
2021-02-16,0.253,0.3095,0.34909999999999997,0.2637,0.2146,0.24525015749825171,0.2925235366925701,0.2415596657416533,0.007749842501748289,-0.03952353669257008,46,False,-0.04099873611922873,0.09536283680176051,0.5111905251132071,no_trade
2021-02-17,0.2494,0.3038,0.3439,0.2641,0.215,0.23545902895096416,0.2941747831788163,0.2344565300810267,0.013940971049035855,-0.04477478317881628,46,False,-0.04088136123463905,0.09540471958894683,0.5746291432947765,no_trade
2021-02-18,0.3004,0.3321,0.37329999999999997,0.2514,0.2249,0.2331317396265076,0.2863772869759842,0.23212388671276818,0.0672682603734924,0.01402271302401581,46,False,-0.04084246037813332,0.0954251455330186,1.1329374469145317,short_correlation
2021-02-19,0.2833,0.31989999999999996,0.355,0.2495,0.2205,0.22963104363408315,0.2867910893800239,0.22707896981258047,0.05366895636591684,-0.003491089380023904,46,False,-0.04059271115549557,0.09562599550668452,0.9857326663315443,short_correlation
2021-02-22,0.308,0.3387,0.37420000000000003,0.2523,0.2345,0.22632575939699845,0.29262739616464023,0.2210742096429416,0.08167424060300155,0.015372603835359766,46,False,-0.04043648920489659,0.09574811066671914,1.2753330479067335,short_correlation
2021-02-23,0.2939,0.3267,0.369,0.2634,0.2311,0.21368039759444069,0.2947461066173191,0.2066060786690391,0.08021960240555931,-0.0008461066173190979,46,False,-0.04030046949975881,0.09589761457200861,1.256757766532563,short_correlation
2021-02-24,0.23,0.2825,0.3287,0.2804,0.2134,0.2154120304394507,0.29750996625410897,0.21154474412234137,0.014587969560549308,-0.06750996625410896,46,False,-0.04058734600576783,0.09542548848492503,0.5782031241583168,no_trade
2021-02-25,0.3814,0.3837,0.4053,0.2607,0.2889,0.23589018830920394,0.2897989513792208,0.23307879539307808,0.14550981169079608,0.09160104862077922,46,False,-0.0411802440425009,0.09460996555417824,1.9732599482492066,short_correlation
2021-02-26,0.36340000000000006,0.35600000000000004,0.3751,0.25429999999999997,0.27949999999999997,0.24160983302670452,0.27513135216649276,0.23701090273113223,0.12179016697329553,0.0882686478335073,46,False,-0.04118910339569444,0.0945923070886722,1.7229653804321619,short_correlation
2021-03-01,0.2959,0.3175,0.3456,0.2507,0.2335,0.25604089874012254,0.24902427915946448,0.25315579957102435,0.03985910125987746,0.04687572084053551,46,False,-0.041469685864234364,0.09399938706740159,0.8652055046464887,short_correlation
2021-03-02,0.33299999999999996,0.3482,0.3788,0.2391,0.24100000000000002,0.26158057622759956,0.23994438001778726,0.2595329750306789,0.0714194237724004,0.0930556199822127,46,False,-0.04204188734173388,0.09305522638000976,1.2192900445031658,short_correlation
2021-03-03,0.3583,0.3582,0.3837,0.2535,0.2667,0.2633873371317064,0.2330971452365371,0.26107926142953186,0.09491266286829358,0.1252028547634629,46,False,-0.041753233195902247,0.09329455516981472,1.464886089176765,short_correlation
2021-03-04,0.4242,0.3961,0.4172,0.261,0.2857,0.2656380985777449,0.20843205232645617,0.26289107343590695,0.15856190142225512,0.21576794767354385,46,False,-0.04184851644157577,0.0931419358353667,2.1516668734270987,short_correlation
2021-03-05,0.30219999999999997,0.3298,0.3578,0.264,0.2466,0.2794721688837424,0.1820877407391512,0.27512241570843543,0.02272783111625759,0.12011225926084876,46,False,-0.04117605744042909,0.09397428878280811,0.6800146017000495,no_trade
2021-03-08,0.3177,0.33840000000000003,0.36590000000000006,0.2829,0.2547,0.27059588307447263,0.20276693111099345,0.2659865722919525,0.04710411692552735,0.11493306888900653,46,False,-0.04107661589782802,0.09402879985112471,0.9378055761955002,short_correlation
2021-03-09,0.3159,0.3371,0.3666,0.2676,0.2403,0.26971098827792866,0.21267899096319262,0.26625055064895997,0.04618901172207135,0.10322100903680739,46,False,-0.04059776439144227,0.09416984071072754,0.921598416844589,short_correlation
2021-03-10,0.2718,0.3111,0.34369999999999995,0.2741,0.2256,0.27249353121095315,0.2081419990439447,0.26874324930639215,-0.0006935312109531688,0.06365800095605528,46,False,-0.04058154341675464,0.0941844934920768,0.42350933499639215,no_trade
2021-03-11,0.2701,0.3095,0.3477,0.2621,0.2191,0.2748139516534827,0.21224518156581057,0.2739587858412492,-0.004713951653482706,0.05785481843418944,46,False,-0.040626979176057454,0.0941623879954436,0.3813946129351831,no_trade
2021-03-12,0.2242,0.2922,0.33130000000000004,0.2752,0.2069,0.27376586347388254,0.21665022617104407,0.2747387013605984,-0.04956586347388253,0.007549773828955941,46,False,-0.04066035267316475,0.09414810547538836,-0.09459044083522007,no_trade
2021-03-15,0.21100000000000002,0.2677,0.3143,0.2772,0.2003,0.2697935491818869,0.2210786125212234,0.27074795795556833,-0.058793549181886895,-0.010078612521223385,46,False,-0.04125898907252039,0.09372055733677533,-0.18709406567395712,no_trade
2021-03-16,0.2511,0.2968,0.3383,0.2613,0.1979,0.26994321157709456,0.23299413830391275,0.2711835348240455,-0.018843211577094565,0.018105861696087244,46,False,-0.0411351310689668,0.09367649269926843,0.2379670592860094,no_trade
2021-03-17,0.2236,0.2658,0.3062,0.2669,0.1923,0.26929279823994406,0.2434798410194252,0.26951432809119735,-0.04569279823994407,-0.01987984101942522,46,False,-0.04143260647718269,0.09348525163627736,-0.04557073643376912,no_trade
2021-03-18,0.2489,0.298,0.3395,0.3069,0.2158,0.2703411551976644,0.23535017963720123,0.2714978536214838,-0.021441155197664374,0.013549820362798781,46,False,-0.04172571316849129,0.09338189005820273,0.2172215400457629,no_trade
2021-03-19,0.2468,0.301,0.3273,0.2854,0.2095,0.26917454226580895,0.24785985247227468,0.2718290020702816,-0.022374542265808955,-0.0010598524722746916,46,False,-0.041637683515649886,0.09339054845481855,0.2062643551039884,no_trade
2021-03-22,0.2407,0.287,0.324,0.2667,0.1888,0.2680153872595603,0.2507101602282536,0.2720571226328708,-0.027315387259560314,-0.0100101602282536,46,False,-0.04159104727941015,0.09339724818235917,0.15284882903590957,no_trade
2021-03-23,0.2991,0.33899999999999997,0.36829999999999996,0.2552,0.203,0.2674369828406705,0.28266000905472966,0.2729263488954218,0.031663017159329454,0.016439990945270322,46,False,-0.04144954185937321,0.09339173427124274,0.7828589927065478,short_correlation
2021-03-24,0.2956,0.32789999999999997,0.3642,0.2621,0.212,0.26612147560098154,0.28480642902212766,0.271370667019343,0.029478524399018435,0.010793570977872313,46,False,-0.04112814854993537,0.09350380541148515,0.7551208492342403,short_correlation
2021-03-25,0.247,0.3065,0.34869999999999995,0.27449999999999997,0.1981,0.2643854125015181,0.2912457210397202,0.2693272293880527,-0.017385412501518094,-0.04424572103972019,46,False,-0.04121033559755059,0.09343229489530872,0.2549966595889401,no_trade
2021-03-26,0.1984,0.272,0.3197,0.2775,0.1886,0.27913290553898207,0.22210388031784747,0.28437667166434605,-0.08073290553898207,-0.02370388031784748,46,False,-0.04155635750400987,0.09318061751976767,-0.42043666459562956,no_trade
2021-03-29,0.2249,0.2883,0.33130000000000004,0.2786,0.20739999999999997,0.2789000047661483,0.21909187948185224,0.28430957406005014,-0.0540000047661483,0.005808120518147747,46,False,-0.04223219193576973,0.09284273520075059,-0.1267499584639923,no_trade
2021-03-30,0.22,0.2852,0.33049999999999996,0.2767,0.1961,0.278960142733479,0.19526714958912691,0.2831547812906442,-0.05896014273347902,0.024732850410873086,46,False,-0.042720481109388975,0.0925783412685467,-0.17541534447007248,no_trade
2021-03-31,0.20670000000000002,0.2768,0.3173,0.2718,0.19399999999999998,0.2732392347300764,0.21434211627568084,0.27901040357701823,-0.06653923473007636,-0.007642116275680816,46,False,-0.04286690805795116,0.09257471534262286,-0.2557104991845013,no_trade
2021-04-01,0.1793,0.2562,0.3044,0.26780000000000004,0.17329999999999998,0.2735876685235825,0.20548659014648146,0.2805644837552237,-0.09428766852358253,-0.026186590146481475,46,False,-0.042966662581525185,0.09258667266848335,-0.5543023035919844,no_trade
2021-04-05,0.1764,0.2522,0.3006,0.2753,0.1791,0.2844538089966083,0.1905852868139522,0.2938631830925569,-0.10805380899660832,-0.014185286813952203,46,False,-0.04343838521003121,0.09254394089561108,-0.6982134449997419,no_trade
2021-04-06,0.1999,0.28190000000000004,0.33049999999999996,0.271,0.1812,0.28364844201210426,0.1839522768585071,0.2907898163488611,-0.08374844201210427,0.015947723141492898,46,False,-0.043684067615944844,0.09263328426420726,-0.4325051704081701,no_trade
2021-04-07,0.17600000000000002,0.2639,0.3127,0.2811,0.1716,0.28460397912982216,0.19597714972510116,0.2913075703287797,-0.10860397912982214,-0.019977149725101145,46,False,-0.04359527636735294,0.09258390630425935,-0.7021598607951418,no_trade
2021-04-08,0.1789,0.278,0.3284,0.2798,0.16949999999999998,0.2870778609535274,0.2001802590402446,0.2941568425516734,-0.10817786095352738,-0.02128025904024461,46,False,-0.04372707508472787,0.09265296410675342,-0.6956149378506687,no_trade
2021-04-09,0.1716,0.27140000000000003,0.3155,0.2747,0.16690000000000002,0.2905968847320283,0.18886859583004453,0.29879629967291965,-0.11899688473202832,-0.01726859583004453,46,False,-0.04410750118676825,0.09272024371641568,-0.8076918323716751,no_trade
2021-04-12,0.1721,0.2767,0.31629999999999997,0.28600000000000003,0.1691,0.2912910604436309,0.20743611019773175,0.2992923560694825,-0.1191910604436309,-0.03533611019773175,46,False,-0.04424634532023199,0.0928063880475538,-0.8075383246786566,no_trade
2021-04-13,0.17,0.27449999999999997,0.3201,0.2893,0.16649999999999998,0.2933480981721027,0.27886088788254376,0.30169705701343064,-0.12334809817210271,-0.10886088788254375,46,False,-0.04432251645180084,0.09286018862930155,-0.8510168123367968,no_trade
2021-04-14,0.1809,0.2799,0.32020000000000004,0.2826,0.1699,0.2906163499310755,0.3067095517881751,0.2984928110150232,-0.10971634993107549,-0.1258095517881751,46,False,-0.044427603731963625,0.09293484209750469,-0.7025217316301318,no_trade
2021-04-15,0.16949999999999998,0.2797,0.32030000000000003,0.2803,0.16570000000000001,0.29448910101770326,0.30988338838849544,0.30238508654395685,-0.12498910101770327,-0.14038338838849546,46,False,-0.044321023637796296,0.09284410111199388,-0.8688551713436323,no_trade
2021-04-16,0.16570000000000001,0.281,0.3144,0.2768,0.1625,0.29724374935675085,0.30546165764010247,0.30283881923103784,-0.13154374935675084,-0.13976165764010245,46,False,-0.044329759540887144,0.09285161688759969,-0.9392834798067056,long_correlation
2021-04-19,0.1928,0.33649999999999997,0.3307,0.2849,0.1729,0.301099083082036,0.307268542062645,0.3075213334599846,-0.10829908308203598,-0.11446854206264498,46,False,-0.044155606885523294,0.0926456733659714,-0.6923526362977731,no_trade
2021-04-20,0.22089999999999999,0.3483,0.35369999999999996,0.2864,0.1868,0.3013230178192428,0.32327622868067013,0.3107899017266458,-0.08042301781924283,-0.10237622868067014,46,False,-0.04369300764108184,0.09202870040098154,-0.39911473288358246,no_trade
2021-04-21,0.1985,0.3306,0.3248,0.2764,0.175,0.3045853250334057,0.32694717720625144,0.3144479647099873,-0.10608532503340568,-0.12844717720625143,46,False,-0.04346198152780357,0.09186231935041131,-0.6817087130875029,no_trade
2021-04-22,0.24670000000000003,0.371,0.3677,0.2746,0.18710000000000002,0.3132169483125225,0.30842623627623444,0.3212579795235128,-0.06651694831252247,-0.061726236276234414,46,False,-0.04344049139854204,0.09184697119758825,-0.2512489700323007,no_trade
2021-04-23,0.20670000000000002,0.35009999999999997,0.33759999999999996,0.2627,0.17329999999999998,0.26844552896173984,0.31466033671486243,0.2868493455407324,-0.06174552896173982,-0.10796033671486241,46,False,-0.043185624901739314,0.0916927305991465,-0.20241412747471682,no_trade
2021-04-26,0.2143,0.3375,0.3335,0.267,0.1764,0.2661825804708584,0.3232430164466568,0.28266473024416366,-0.05188258047085842,-0.10894301644665683,46,False,-0.042964773154678136,0.09158022081666885,-0.09737700167847947,no_trade
2021-04-27,0.2225,0.3362,0.34,0.2616,0.17559999999999998,0.24481051787267702,0.3324634400648547,0.2670623633282699,-0.022310517872677016,-0.10996344006485467,46,False,-0.042322422921338164,0.09094298923350028,0.22004890335504224,no_trade
2021-04-28,0.2439,0.34380000000000005,0.33509999999999995,0.2484,0.1728,0.24176639895967547,0.3302884831304118,0.2598302496663584,0.0021336010403245342,-0.08638848313041181,46,False,-0.04138373632132448,0.08991402616449384,0.48398830769779916,no_trade
2021-04-29,0.275,0.3576,0.3532,0.2323,0.1761,0.23329013916087643,0.3321250679359517,0.2478956881330745,0.04170986083912359,-0.05712506793595168,46,False,-0.04063682871269115,0.08948795606283122,0.920198573917562,short_correlation
2021-04-30,0.31679999999999997,0.40159999999999996,0.3577,0.21719999999999998,0.1861,0.2391833519066825,0.3213538613457765,0.25431714471761063,0.07761664809331748,-0.004553861345776511,46,False,-0.039508929374784625,0.08872121454307448,1.3201529991593746,short_correlation
2021-05-03,0.3031,0.3835,0.361,0.21989999999999998,0.18309999999999998,0.23621038081547074,0.3275888702137548,0.24848140586589046,0.06688961918452924,-0.024488870213754843,46,False,-0.038525390454584155,0.08864001715805477,1.189248524750926,short_correlation
2021-05-04,0.3336,0.4006,0.391,0.2372,0.1948,0.23650264101030533,0.3359001926260875,0.24772210102597159,0.09709735898969468,-0.002300192626087494,46,False,-0.03811456046663528,0.08888836384576454,1.5211430788730025,short_correlation
2021-05-05,0.3317,0.40619999999999995,0.37549999999999994,0.231,0.19149999999999998,0.23532257679974491,0.35346923005035547,0.2451233037496671,0.09637742320025508,-0.02176923005035547,46,False,-0.0374040561075871,0.08925142369483967,1.4989282385595957,short_correlation
2021-05-06,0.2977,0.3721,0.37329999999999997,0.23440000000000003,0.1839,0.23785217520339944,0.3398444440109135,0.24888210907071873,0.059847824796600585,-0.042144444010913495,46,False,-0.036745834630761635,0.08962468198556815,1.0777573463849641,short_correlation
2021-05-07,0.2563,0.35409999999999997,0.3533,0.2289,0.16690000000000002,0.23845893191655523,0.33633548849031714,0.2507225153234331,0.01784106808344474,-0.08003548849031716,46,False,-0.03630439912781511,0.08982597498753384,0.6027818481099061,no_trade
2021-05-10,0.3038,0.391,0.3749,0.2415,0.1966,0.2393874951474949,0.3516753281941137,0.2520336034659567,0.0644125048525051,-0.047875328194113664,46,False,-0.036005909193780834,0.08988062728506192,1.1172420251118493,short_correlation
2021-05-11,0.3825,0.42590000000000006,0.41979999999999995,0.243,0.2184,0.24528996757545365,0.32956411719210904,0.25447372907375776,0.13721003242454635,0.052935882807890966,46,False,-0.03497391780404628,0.08953264608442914,1.9231415328239427,short_correlation
2021-05-12,0.47200000000000003,0.4924,0.45549999999999996,0.2336,0.2759,0.26400351835603547,0.2410648862146445,0.2723943726565125,0.20799648164396456,0.23093511378535553,46,False,-0.03352619753133916,0.08935466177489312,2.7029667437358795,short_correlation
2021-05-13,0.406,0.4293,0.4115,0.2438,0.23129999999999998,0.2718501843104878,0.1964451309173486,0.28046776008683005,0.13414981568951223,0.20955486908265142,46,False,-0.03249906346839981,0.09063335536772871,1.8387146595396793,short_correlation
2021-05-14,0.3012,0.3832,0.35700000000000004,0.2268,0.1881,0.2775141587601884,0.16183269612970166,0.28858671483650017,0.0236858412398116,0.13936730387029836,46,False,-0.031827135559234644,0.0912390710477027,0.6084342613486529,no_trade
2021-05-17,0.3236,0.3822,0.3747,0.2413,0.1972,0.2789733399098653,0.18397484120513827,0.2915747916903113,0.04462666009013472,0.13962515879486173,46,False,-0.031279450184947516,0.09115605077135841,0.8327051208643654,short_correlation
2021-05-18,0.3923,0.4232,0.41960000000000003,0.2284,0.2134,0.28687857720908977,0.15357497543973878,0.3002341392936678,0.10542142279091021,0.2387250245602612,46,False,-0.030494839427663994,0.09095406960537405,1.4943395365185894,short_correlation
2021-05-19,0.38130000000000003,0.4146,0.4043,0.24170000000000003,0.2218,0.2900360612524251,0.2265919643997674,0.30184319904592993,0.09126393874757494,0.15470803560023264,46,False,-0.029355035169530985,0.09084997330191731,1.3276720898558632,short_correlation
2021-05-20,0.37450000000000006,0.4033,0.4029,0.2214,0.20670000000000002,0.2944375420512399,0.25807214180913096,0.3043763670897665,0.08006245794876016,0.1164278581908691,46,False,-0.028537364591996336,0.09100511375133162,1.1933375836164748,short_correlation
2021-05-21,0.3471,0.4077,0.4199,0.22089999999999999,0.20149999999999998,0.27433967531773984,0.2643045695647495,0.28333927879217774,0.07276032468226018,0.0827954304352505,46,False,-0.027493864913595505,0.0907352981499424,1.104908361354399,short_correlation
2021-05-24,0.3134,0.3834,0.36829999999999996,0.2087,0.184,0.2704202116400197,0.25079568560289867,0.2895153697372521,0.04297978835998029,0.06260431439710135,46,False,-0.026672719901633266,0.09070239509423275,0.7679235833767124,short_correlation
2021-05-25,0.3358,0.38909999999999995,0.3887,0.20920000000000002,0.1884,0.25521336246821896,0.2590729659833865,0.2691123448319159,0.08058663753178102,0.07672703401661346,46,False,-0.025878463946260755,0.09043102398811621,1.177307264507285,short_correlation
2021-05-26,0.30579999999999996,0.3603,0.3937,0.21309999999999998,0.1736,0.2533409655693819,0.25077770300541335,0.26775543089120707,0.05245903443061806,0.055022296994586606,46,False,-0.02490253923163637,0.09024675774477987,0.857222747891231,short_correlation
2021-05-27,0.2698,0.3403,0.35109999999999997,0.2206,0.1674,0.24829219323031967,0.2505220531498423,0.2636688916936288,0.02150780676968031,0.019277946850157657,46,False,-0.023860047315884154,0.08961230031583364,0.5062681565551598,no_trade
2021-05-28,0.2626,0.3298,0.3385,0.20800000000000002,0.16760000000000003,0.2369015456816368,0.25314280166939584,0.25599365839688176,0.025698454318363206,0.009457198330604155,46,False,-0.02316433383304854,0.08927932394127971,0.5473023987451955,no_trade
2021-06-01,0.2929,0.3483,0.3429,0.21660000000000001,0.179,0.2209564820484185,0.25361436336144805,0.2376502265015198,0.07194351795158149,0.039285636638551946,46,False,-0.022390756766162586,0.0888520867091948,1.0617001604756005,short_correlation
2021-06-02,0.27690000000000003,0.3492,0.34740000000000004,0.2194,0.1748,0.2316026894175247,0.2559660697824767,0.24969457077949855,0.045297310582475325,0.020933930217523322,46,False,-0.02150979022818567,0.08868162201288494,0.7533364782271832,short_correlation
2021-06-03,0.297,0.35609999999999997,0.3747,0.2249,0.1804,0.2370070749557103,0.26128851081382964,0.24910240101524192,0.059992925044289686,0.03571148918617034,46,False,-0.02066674412132876,0.08830057495436419,0.9134670890569542,short_correlation
2021-06-04,0.2522,0.32880000000000004,0.3382,0.2193,0.1642,0.23570463438831604,0.251237337752813,0.25149016520572137,0.016495365611683938,0.0009626622471869961,46,False,-0.019674042440553215,0.08779212775595756,0.41198919512214127,no_trade
2021-06-07,0.2394,0.32270000000000004,0.3342,0.2227,0.1642,0.23941424123653796,0.2488468262729658,0.24985707155995882,-1.424123653795406e-05,-0.009446826272965808,46,False,-0.018897461768189412,0.08723916513865214,0.21645347593182168,no_trade
2021-06-08,0.2701,0.33549999999999996,0.34950000000000003,0.2184,0.1707,0.24223085020034163,0.26373750118389416,0.2524258834497083,0.027869149799658377,0.006362498816105844,46,False,-0.01802496005902234,0.08631563350643882,0.5317010139913667,no_trade
2021-06-09,0.30269999999999997,0.35350000000000004,0.34950000000000003,0.1961,0.1789,0.24336522754625484,0.283171870843208,0.25195978093941473,0.05933477245374513,0.019528129156791973,46,False,-0.017159978223463653,0.08567410878284468,0.8928572676617798,short_correlation
2021-06-10,0.2523,0.3134,0.33240000000000003,0.2005,0.161,0.24400739533217944,0.27589208656464614,0.25224825283820784,0.008292604667820586,-0.02359208656464612,46,False,-0.01647601023950627,0.08559370129564577,0.2893742709148022,no_trade
2021-06-11,0.2373,0.3095,0.3176,0.1935,0.1565,0.24676481957371685,0.27430582603916387,0.25546405892034346,-0.009464819573716837,-0.03700582603916386,46,False,-0.016149991856294257,0.08553068511634399,0.0781610982477674,no_trade
2021-06-14,0.2509,0.32170000000000004,0.32659999999999995,0.207,0.16390000000000002,0.24417512940722821,0.27109650099653965,0.25248649006391677,0.006724870592771798,-0.020196500996539635,46,False,-0.016806450552274286,0.0848364565404634,0.2773727487524498,no_trade
2021-06-15,0.2746,0.3332,0.3493,0.2032,0.1702,0.25152105557345744,0.26589629545999177,0.2584415499561081,0.02307894442654257,0.008703704540008239,46,False,-0.016802287332859617,0.08483758994978205,0.47008916428447695,no_trade
2021-06-16,0.3041,0.3554,0.3461,0.2052,0.1815,0.25634067976458547,0.2653334821166138,0.2601769036404961,0.047759320235414515,0.0387665178833862,46,False,-0.01671941295147508,0.08486641680237468,0.7597673569397759,short_correlation
2021-06-17,0.2926,0.3586,0.3543,0.21109999999999998,0.1775,0.25200886637894787,0.3154594551816958,0.2529090795983992,0.040591133621052156,-0.022859455181695798,46,False,-0.016660074161429915,0.0849064013031041,0.6742861186414342,no_trade
2021-06-18,0.3699,0.41450000000000004,0.37060000000000004,0.2104,0.207,0.2707942888812504,0.2653187239020216,0.2663805668006808,0.0991057111187496,0.1045812760979784,46,False,-0.016517038181697367,0.08497260367453986,1.360706207653735,short_correlation
2021-06-21,0.27690000000000003,0.37420000000000003,0.3472,0.2207,0.1789,0.28376624967260095,0.23595608112982044,0.27832237020031575,-0.00686624967260091,0.04094391887017959,46,False,-0.016188192265508404,0.08525973345260775,0.10933581674975755,no_trade
2021-06-22,0.2343,0.3224,0.3383,0.2263,0.1666,0.26210719805639054,0.22675203124064056,0.25349514497378145,-0.027807198056390536,0.0075479687593594524,46,False,-0.01621309948766238,0.08525607516241525,-0.13599146508493462,no_trade
2021-06-23,0.22649999999999998,0.3157,0.315,0.23120000000000002,0.1632,0.2648957218672826,0.22274953282941568,0.2554174772487908,-0.03839572186728263,0.003750467170584304,46,False,-0.016246832649687053,0.08525898566932846,-0.2597836350469689,no_trade
2021-06-24,0.2014,0.2975,0.3191,0.23329999999999998,0.1597,0.2642814651059283,0.21763610073232334,0.2577909329490565,-0.06288146510592832,-0.016236100732323344,46,False,-0.016376785550641537,0.08526772292157318,-0.5453960532997986,no_trade
2021-06-25,0.1611,0.28809999999999997,0.3078,0.2372,0.1562,0.2607457300895349,0.22472683976230895,0.2514138213936387,-0.0996457300895349,-0.06362683976230896,46,False,-0.01680785535368825,0.08522697797285422,-0.9719677584042867,long_correlation
2021-06-28,0.1496,0.2772,0.3028,0.2504,0.1576,0.2555741087671428,0.22376461788378968,0.24305880766850438,-0.1059741087671428,-0.07416461788378967,46,False,-0.017096874402281827,0.08538439082368535,-1.040907284194229,long_correlation
2021-06-29,0.15710000000000002,0.2863,0.324,0.2463,0.1602,0.25057535118311935,0.22457125850475684,0.23587028573728658,-0.09347535118311934,-0.06747125850475683,46,False,-0.017485603011960577,0.08556567424418035,-0.8880868273684773,no_trade
2021-06-30,0.1442,0.29469999999999996,0.3145,0.2534,0.1583,0.24966249722661954,0.22626483176221868,0.23533497015502608,-0.10546249722661954,-0.08206483176221868,46,False,-0.017575731073814025,0.08563395047882535,-1.0263075060928928,long_correlation
2021-07-01,0.14679999999999999,0.2979,0.3259,0.2491,0.1548,0.2503050772449894,0.22940130552523313,0.2363137659455259,-0.10350507724498942,-0.08260130552523315,46,False,-0.01757905093703051,0.08563735484018842,-1.0033708592273687,long_correlation
2021-07-02,0.1341,0.2966,0.3146,0.2447,0.1507,0.2516680528979003,0.24066918206415597,0.23730763047135328,-0.11756805289790029,-0.10656918206415597,46,False,-0.01776990667062453,0.08577548423092662,-1.1634810006854293,long_correlation
2021-07-06,0.1442,0.3031,0.31679999999999997,0.264,0.16440000000000002,0.2484812505876446,0.24665114470863259,0.23164897774394327,-0.10428125058764459,-0.10245114470863259,46,False,-0.01792200259155182,0.08591877801160479,-1.005126585767182,long_correlation
2021-07-07,0.1458,0.3148,0.32549999999999996,0.2735,0.162,0.24896963212662188,0.2494012740197333,0.23301761156334067,-0.10316963212662186,-0.10360127401973329,46,False,-0.01788612103772508,0.085880657219477,-0.9930467913274796,long_correlation
2021-07-08,0.22719999999999999,0.33049999999999996,0.34979999999999994,0.2701,0.19,0.25459457863476365,0.23141061358881346,0.23870209357572547,-0.02739457863476366,-0.004210613588813472,46,False,-0.017972005241309316,0.08595534347928642,-0.10962172928463725,no_trade
2021-07-09,0.1329,0.29460000000000003,0.3121,0.2693,0.1618,0.262263191069165,0.22223062063414636,0.24913932506921818,-0.12936319106916502,-0.08933062063414637,46,False,-0.01751170299494176,0.08559084827959619,-1.3068159776713801,long_correlation
2021-07-12,0.1465,0.3059,0.3224,0.2648,0.1617,0.25606328622658386,0.22114635624984608,0.24257850854187618,-0.10956328622658387,-0.07464635624984609,46,False,-0.017515694150628175,0.08559606096986139,-1.0753718224062427,long_correlation
2021-07-13,0.1892,0.33549999999999996,0.3529,0.26280000000000003,0.17120000000000002,0.2527375197754612,0.22374157452310509,0.24053492297836535,-0.06353751977546121,-0.03454157452310508,46,False,-0.01718443356960471,0.08507400315038534,-0.544856060480875,no_trade
2021-07-14,0.17129999999999998,0.3328,0.341,0.2519,0.16329999999999997,0.24827163387596307,0.22937973208341528,0.2362599520685011,-0.07697163387596309,-0.0580797320834153,46,False,-0.016881005589623986,0.08477003098130297,-0.7088664188360719,no_trade
2021-07-15,0.1943,0.34600000000000003,0.3657,0.256,0.17010000000000003,0.2513589360391723,0.23331372294576286,0.23723855146671496,-0.05705893603917231,-0.03901372294576286,46,False,-0.016415353589171164,0.0841112094196071,-0.4832124366116503,no_trade
2021-07-16,0.2351,0.3892,0.3762,0.248,0.1845,0.2529855282067,0.21719107325115047,0.23772717022987608,-0.017885528206700002,0.01790892674884953,46,False,-0.01581640067975952,0.08327478855856371,-0.024846986257855815,no_trade
2021-07-19,0.3179,0.4459,0.3987,0.2532,0.225,0.2573168285025997,0.1580547359777956,0.24057163618687133,0.060583171497400334,0.15984526402220442,46,False,-0.015153473344796605,0.08258514734568458,0.9170734360402458,short_correlation
2021-07-20,0.2631,0.3947,0.3848,0.2463,0.1973,0.25930418787305165,0.21783823970540506,0.24449646926520086,0.0037958121269483502,0.045261760294594944,46,False,-0.014164962118838283,0.08199043322590412,0.2190593894814559,no_trade
2021-07-21,0.21350000000000002,0.3616,0.3578,0.25239999999999996,0.1791,0.26404852527745976,0.1919593938512839,0.2521893377896459,-0.05054852527745973,0.021540606148716113,46,False,-0.013310407994410795,0.08104170400910665,-0.4594932663171112,no_trade
2021-07-22,0.2177,0.3643,0.3697,0.2527,0.1769,0.26578944153818446,0.207228874097151,0.2541164269142119,-0.04808944153818445,0.010471125902849016,46,False,-0.012821700871521959,0.08043972780588918,-0.4384368474215605,no_trade
2021-07-23,0.17370000000000002,0.35409999999999997,0.3497,0.24780000000000002,0.172,0.26877963156131357,0.19554204867394398,0.25721945565949667,-0.09507963156131355,-0.02184204867394396,46,False,-0.012292328298588655,0.07976139098979212,-1.0379370549508098,long_correlation
2021-07-26,0.1859,0.3489,0.3494,0.2556,0.17579999999999998,0.2712178368231239,0.1942900111172756,0.26049989528722167,-0.08531783682312388,-0.008390011117275581,46,False,-0.012214861122113898,0.07967105779423553,-0.9175599988870643,long_correlation
2021-07-27,0.22649999999999998,0.3529,0.36340000000000006,0.2531,0.1936,0.26586001977895624,0.20326770899628108,0.25406762951251094,-0.03936001977895626,0.023232291003718902,46,False,-0.012084378219359043,0.07952357752160366,-0.3429881100631748,no_trade
2021-07-28,0.2491,0.3711,0.3574,0.2359,0.18309999999999998,0.26460766692808135,0.222104845949376,0.25347353936050165,-0.015507666928081365,0.026995154050624,46,False,-0.011686721594283826,0.07913313968648401,-0.04828502128104187,no_trade
2021-07-29,0.2608,0.3676,0.36310000000000003,0.2206,0.177,0.26710658054801883,0.2282203831413068,0.25540053910240745,-0.006306580548018859,0.03257961685869318,46,False,-0.011454194773837965,0.07903502948926572,0.06513079401733175,no_trade
2021-07-30,0.302,0.39630000000000004,0.36950000000000005,0.21359999999999998,0.18239999999999998,0.2690148124887703,0.22996368423438754,0.25406799511196226,0.0329851875112297,0.07203631576561245,46,False,-0.011017802397743397,0.07875705490859786,0.5587180724322555,no_trade
2021-08-02,0.3569,0.41609999999999997,0.38049999999999995,0.20879999999999999,0.1946,0.26397483125944116,0.22843565626984846,0.2477499717184527,0.09292516874055884,0.12846434373015153,46,False,-0.010644148620999773,0.0787415049916392,1.3153078211110598,short_correlation
2021-08-03,0.2893,0.3711,0.3679,0.2242,0.1804,0.2657128501912436,0.2158075343977333,0.24873998953444476,0.023587149808756425,0.07349246560226669,46,False,-0.009982802714809186,0.07890920778876416,0.4254250354842064,no_trade
2021-08-04,0.2892,0.37829999999999997,0.3566,0.2263,0.1797,0.2708665948072025,0.20692984367105877,0.24761725979440596,0.018333405192797525,0.08227015632894125,46,False,-0.009468263972093868,0.07870259303543309,0.3532497226917881,no_trade
2021-08-05,0.2913,0.3651,0.3628,0.2228,0.1728,0.264880155968434,0.20230852581695274,0.24463855945867108,0.026419844031565998,0.08899147418304726,46,False,-0.009045288129324374,0.07856377358141955,0.4514183897255914,no_trade
2021-08-06,0.2528,0.35450000000000004,0.34240000000000004,0.2195,0.16149999999999998,0.23481923699081325,0.20792648292842644,0.21771264455497172,0.017980763009186773,0.04487351707157358,46,False,-0.008513375826154922,0.07834716881478782,0.3381633214848345,no_trade
2021-08-09,0.2669,0.36310000000000003,0.3522,0.217,0.1672,0.22558243863602798,0.19785816996954145,0.209459414327309,0.04131756136397205,0.06904183003045858,46,False,-0.00797484089187083,0.07805934428397923,0.6314734348333435,no_trade
2021-08-10,0.2751,0.3552,0.366,0.21899999999999997,0.1679,0.21623650203856054,0.20648328927805082,0.1965290976518889,0.05886349796143947,0.06861671072194919,46,False,-0.007225299869857802,0.0776192264940086,0.8514488074214273,short_correlation
2021-08-11,0.2532,0.3432,0.3455,0.2072,0.1606,0.2153492212661934,0.20808454138139426,0.1963310089108793,0.03785077873380657,0.04511545861860572,46,False,-0.0063977483468930126,0.07720497833849688,0.5731304901958096,no_trade
2021-08-12,0.2386,0.32770000000000005,0.3508,0.2108,0.1559,0.20997051155031093,0.19737768403029385,0.19119219017872446,0.028629488449689072,0.04122231596970616,46,False,-0.00595185915244067,0.07713445808968526,0.44832554034309213,no_trade
2021-08-13,0.218,0.3348,0.3443,0.20829999999999999,0.1545,0.2101822003665328,0.20117229118997385,0.19257730795984151,0.00781779963346721,0.016827708810026154,46,False,-0.00543517513606048,0.07692718430830905,0.17227947296774007,no_trade
2021-08-16,0.2281,0.3382,0.34869999999999995,0.2225,0.1612,0.20405194786319733,0.21422902818717668,0.1854824861653918,0.024048052136802667,0.013870971812823318,46,False,-0.0050230504154599705,0.07671777190952778,0.37893569936501537,no_trade
2021-08-17,0.2625,0.34700000000000003,0.371,0.23379999999999998,0.1791,0.20433297035998485,0.21933332251194929,0.18619846350227723,0.05816702964001516,0.043166677488050725,46,False,-0.004570387811236712,0.07655059163572628,0.8195549650327225,short_correlation
2021-08-18,0.3893,0.4229,0.401,0.2126,0.2157,0.21919680273005618,0.17761335571745476,0.195290177991422,0.1701031972699438,0.21168664428254522,46,False,-0.003921610082728422,0.07638591193845909,2.278231717556461,short_correlation
2021-08-19,0.4035,0.41619999999999996,0.41090000000000004,0.2207,0.2167,0.21409641999565943,0.25515198525243693,0.19122719219069548,0.1894035800043406,0.1483480147475631,46,False,-0.0029126315406043705,0.07699864641797936,2.4976570432287324,short_correlation
2021-08-20,0.2789,0.3765,0.41009999999999996,0.22390000000000002,0.1856,0.21641432081175163,0.23708310482148032,0.1940852207458029,0.06248567918824835,0.041816895178519664,46,False,-0.0019169465365450192,0.07785543952024841,0.8272077856299781,short_correlation
2021-08-23,0.2608,0.3436,0.3636,0.21789999999999998,0.17149999999999999,0.22018383989935686,0.24131661223142775,0.2007535355774351,0.04061616010064312,0.019483387768572225,46,False,-0.0013835841529655048,0.07783433700486543,0.5396043169351236,no_trade
2021-08-24,0.2991,0.3439,0.41,0.2127,0.1722,0.22042524577226322,0.2947250320056824,0.2013277838817875,0.07867475422773676,0.00437496799431758,46,False,-0.0005889957846148616,0.07723225859432459,1.026303664492033,short_correlation
2021-08-25,0.2518,0.3336,0.35409999999999997,0.215,0.1679,0.22195489569935256,0.28840248507114385,0.2043693038534429,0.029845104300647463,-0.03660248507114383,46,False,0.0004588720484024548,0.07650288782551252,0.38411925467792807,no_trade
2021-08-26,0.32789999999999997,0.3652,0.38659999999999994,0.2053,0.1884,0.22544564920035412,0.27043157479735336,0.20587532658861316,0.10245435079964585,0.05746842520264661,46,False,0.0013032276960827712,0.07564008775140459,1.3372687170327189,short_correlation
2021-08-27,0.2477,0.33490000000000003,0.3574,0.20829999999999999,0.16390000000000002,0.22787036766524,0.3234143521040535,0.21034771917898756,0.01982963233476001,-0.0757143521040535,46,False,0.0025278097060927106,0.0747611860051481,0.23142787792954336,no_trade
2021-08-30,0.2402,0.3272,0.35710000000000003,0.21760000000000002,0.16190000000000002,0.22264954547973675,0.3256006126948964,0.20377073283207733,0.017550454520263242,-0.08540061269489638,46,False,0.003427640573206071,0.07358551000736624,0.19192384405086563,no_trade
2021-08-31,0.2484,0.3265,0.3582,0.2207,0.1648,0.2233990811653213,0.34171326111036626,0.20447963582679463,0.025000918834678698,-0.09331326111036625,46,False,0.0044408641578841815,0.07199159856074641,0.28558963945558136,no_trade
2021-09-01,0.256,0.3181,0.34950000000000003,0.21850000000000003,0.1611,0.2186722483402486,0.37211944104289835,0.2008798432515723,0.03732775165975141,-0.11611944104289834,46,False,0.005260531271169492,0.07103501272234707,0.45142837538331043,no_trade
2021-09-02,0.2511,0.3118,0.3554,0.2184,0.1641,0.21794026436542283,0.37853694904890717,0.2014342397400214,0.033159735634577164,-0.12743694904890718,46,False,0.006130108297864812,0.07007063098041465,0.3857483079361362,no_trade
2021-09-03,0.23600000000000002,0.3268,0.35259999999999997,0.21230000000000002,0.1641,0.21710092502137074,0.39478981714573846,0.20264173793495616,0.018899074978629277,-0.15878981714573845,46,False,0.0070305627791847035,0.06894063285133595,0.17215554468491628,no_trade
2021-09-07,0.2988,0.35229999999999995,0.3689,0.21960000000000002,0.1814,0.21898912183223596,0.4018586736786146,0.20268205147113316,0.07981087816776405,-0.1030586736786146,46,False,0.007650043630967072,0.06833810693070622,1.0559384474897286,short_correlation
2021-09-08,0.2764,0.3532,0.4033,0.2159,0.1796,0.21866448971201669,0.41551552231578465,0.20312032723087634,0.057735510287983294,-0.13911552231578467,46,False,0.00825133740681066,0.0683036211865885,0.7244736372906816,no_trade
2021-09-09,0.3321,0.3829,0.3998,0.2078,0.188,0.22107374000625588,0.41637660342640254,0.20406161911565635,0.11102625999374413,-0.08427660342640253,46,False,0.008511680415517862,0.0683669273978296,1.4994761865147201,short_correlation
2021-09-10,0.3772,0.4035,0.4031,0.20420000000000002,0.2095,0.21713180559150966,0.42737684005390847,0.20156515092836363,0.16006819440849032,-0.05017684005390849,46,False,0.008980597938200701,0.06866374126661315,2.2003985463541005,short_correlation
2021-09-13,0.3417,0.3997,0.39380000000000004,0.22030000000000002,0.1937,0.21941593334795548,0.429112664876314,0.2072585322336402,0.12228406665204453,-0.087412664876314,46,False,0.009450546713707021,0.06929057555647236,1.6284107763887357,short_correlation
2021-09-14,0.3765,0.40740000000000004,0.42,0.2236,0.1946,0.20314849977442048,0.4235199451889033,0.1945476956649465,0.17335150022557952,-0.04701994518890329,46,False,0.009871995691789247,0.0696530919247154,2.3470530886193424,short_correlation
2021-09-15,0.32409999999999994,0.39049999999999996,0.39,0.22010000000000002,0.1818,0.19202431451020333,0.4414724809317032,0.1845078023500704,0.13207568548979662,-0.11737248093170327,46,False,0.010587070368684325,0.07040172190406643,1.725648348298354,short_correlation
2021-09-16,0.3418,0.3967,0.4127,0.2184,0.1869,0.19171005276382289,0.4412321634384398,0.1826875983940953,0.1500899472361771,-0.0994321634384398,46,False,0.011104531025555309,0.07081398129324716,1.9626832678008952,short_correlation
2021-09-17,0.37549999999999994,0.4338,0.4174,0.21170000000000003,0.20809999999999998,0.19472106457161406,0.4320020052166318,0.18417711002804873,0.18077893542838588,-0.056502005216631845,46,False,0.011736128471246157,0.07134113403817754,2.3694998577773942,short_correlation
2021-09-20,0.44670000000000004,0.4796,0.4354,0.247,0.2571,0.2139070902501627,0.4033503832441032,0.20178948584540923,0.23279290974983735,0.043349616755896825,46,False,0.012465965001203581,0.07212480477594897,3.054801263352672,short_correlation
2021-09-21,0.4755,0.4866,0.45880000000000004,0.23739999999999997,0.24359999999999998,0.2175954761819867,0.3967062641822645,0.20883777530863165,0.25790452381801326,0.07879373581773547,46,False,0.013359972893726235,0.07344718603368157,3.3295292050010366,short_correlation
2021-09-22,0.4033,0.4413,0.4204,0.23170000000000002,0.2087,0.22083805617075555,0.38980359865569536,0.21518638374928695,0.18246194382924444,0.013496401344304632,46,False,0.014270609492682298,0.07504004002553996,2.241354539247554,short_correlation
2021-09-23,0.3298,0.3932,0.4056,0.2304,0.1863,0.2328849822131547,0.34920977439177936,0.22984759204564045,0.09691501778684528,-0.019409774391779377,46,False,0.014835737780166733,0.07576768319317026,1.083301963944401,short_correlation
2021-09-24,0.2733,0.3791,0.3849,0.2297,0.1775,0.23014300087934508,0.3566179382689027,0.22675466121075163,0.043156999120654904,-0.08331793826890271,46,False,0.014917537243453842,0.07584539399940857,0.3723292923683839,no_trade
2021-09-27,0.26899999999999996,0.39759999999999995,0.40149999999999997,0.2395,0.18760000000000002,0.226958049887067,0.35482499391245886,0.22164329497057228,0.04204195011293296,-0.0858249939124589,46,False,0.014780969414481508,0.0757630676012551,0.35981886110957634,no_trade
2021-09-28,0.3809,0.4747,0.4595,0.2544,0.2325,0.25615811963767254,0.2729988730925024,0.24819040772412684,0.12474188036232747,0.10790112690749759,46,False,0.014833311043690098,0.07577738223429724,1.4504139108264442,short_correlation
2021-09-29,0.3818,0.46009999999999995,0.44189999999999996,0.2546,0.2256,0.25726053292509593,0.2773275701272198,0.24911001741446573,0.12453946707490404,0.10447242987278016,46,False,0.015210033309585388,0.07608746850363603,1.43689146078101,short_correlation
2021-09-30,0.3998,0.46649999999999997,0.4457,0.26039999999999996,0.2314,0.2670485298070863,0.22738244650388478,0.2575523321193596,0.13275147019291367,0.1724175534961152,46,False,0.01547857717006391,0.07635403272142884,1.5359096152879035,short_correlation
2021-10-01,0.3235,0.44079999999999997,0.4216,0.2585,0.2115,0.2694707989468308,0.21756926549642971,0.26004754950408765,0.05402920105316922,0.1059307345035703,46,False,0.01583198189240431,0.07669050684022041,0.4980697185943272,no_trade
2021-10-04,0.34840000000000004,0.4517,0.43090000000000006,0.2814,0.2296,0.268596816397627,0.17505733483526334,0.2587136419688903,0.07980318360237304,0.1733426651647367,46,False,0.015901859143472936,0.07671735828895938,0.8329447974239792,short_correlation
2021-10-05,0.3382,0.442,0.4364,0.2693,0.213,0.27418135580585407,0.165440805377929,0.2642568842069807,0.06401864419414593,0.172759194622071,46,False,0.016179561333927835,0.07682185120089245,0.6227275457749233,no_trade
2021-10-06,0.33,0.4279,0.41700000000000004,0.2774,0.21,0.27642805518952074,0.15819250307036356,0.2654357723998871,0.05357194481047928,0.17180749692963646,46,False,0.016195144307790166,0.0768311917895925,0.48647950958574293,no_trade
2021-10-07,0.3059,0.41840000000000005,0.42200000000000004,0.2647,0.1954,0.28248915560930404,0.13585301569656744,0.27247811385573667,0.023410844390695962,0.17004698430343257,46,False,0.01611905362878726,0.07678444285680955,0.09496442886883612,no_trade
2021-10-08,0.2807,0.4108,0.4046,0.26170000000000004,0.1877,0.2836811282470144,0.1298526158934711,0.2735028673919629,-0.0029811282470144085,0.1508473841065289,46,False,0.016066327645432005,0.07677481695239706,-0.2480951000411563,no_trade
2021-10-11,0.3184,0.4321,0.41600000000000004,0.2691,0.2,0.285939093593637,0.10623614010234522,0.27423456850450145,0.03246090640636301,0.2121638598976548,46,False,0.016032417444317,0.07678136093237506,0.2139645450738409,no_trade
2021-10-12,0.3084,0.4054,0.42310000000000003,0.27440000000000003,0.1985,0.27574466205846354,0.11116570579702924,0.2640388313016756,0.032655337941536466,0.19723429420297078,46,False,0.016302563431341253,0.07671865301301291,0.21315252377308397,no_trade
2021-10-13,0.295,0.4129,0.4032,0.25170000000000003,0.1864,0.2706520116890345,0.11593541398375277,0.256933981584041,0.024347988310965463,0.1790645860162472,46,False,0.016644169822904006,0.07659848050145336,0.10057403799172343,no_trade
2021-10-14,0.2488,0.3886,0.4042,0.24170000000000003,0.1686,0.2837627268748065,0.0751032866600679,0.26787672674543517,-0.03496272687480653,0.17369671333993209,46,False,0.01683164946090544,0.0765591229937996,-0.6765278168077593,no_trade
2021-10-15,0.2223,0.3968,0.39020000000000005,0.2332,0.163,0.29053283271042807,0.06592945088649652,0.27525171710080104,-0.06823283271042807,0.15637054911350348,46,False,0.01678927900977122,0.07658491948887892,-1.110167801802619,long_correlation
2021-10-18,0.22510000000000002,0.3886,0.3925,0.2372,0.1631,0.2888504573788053,0.06604860728885159,0.2734027618820571,-0.0637504573788053,0.15905139271114843,46,False,0.01655531717506077,0.0767547283839779,-1.0462648522723381,long_correlation
2021-10-19,0.21539999999999998,0.38420000000000004,0.3857,0.23920000000000002,0.157,0.2919096915828278,0.06551809394202511,0.27660550499995384,-0.07650969158282783,0.14988190605797486,46,False,0.016343095047310047,0.07690298682381844,-1.2074015648164587,long_correlation
2021-10-20,0.209,0.3651,0.3629,0.2429,0.1549,0.295011116537486,0.062380310457838845,0.27946431529239646,-0.08601111653748603,0.14661968954216115,46,False,0.015986135581335322,0.07712494496011552,-1.3224936779088572,long_correlation
2021-10-21,0.19399999999999998,0.3518,0.3951,0.2459,0.1501,0.2904199290829735,0.07197170761591491,0.2753648279879934,-0.0964199290829735,0.12202829238408507,46,False,0.01550764993520388,0.07738281274798876,-1.446413939264394,long_correlation
2021-10-22,0.18539999999999998,0.3576,0.35590000000000005,0.24969999999999998,0.1543,0.27653285777910014,0.07277085864938207,0.2622082945435636,-0.09113285777910016,0.11262914135061791,46,False,0.014983833333573974,0.07769253660914274,-1.3658543760326456,long_correlation
2021-10-25,0.1729,0.32770000000000005,0.33649999999999997,0.2676,0.1524,0.2811422358983348,0.07159806154570349,0.26697091710050774,-0.10824223589833482,0.10130193845429651,46,False,0.014498531636450198,0.07797252356403205,-1.5741540984496762,long_correlation
2021-10-26,0.2024,0.33130000000000004,0.34869999999999995,0.26539999999999997,0.1598,0.2764723767695819,0.07354154732561285,0.26248521015976173,-0.07407237676958192,0.12885845267438714,46,False,0.014034944942972145,0.07835419758939892,-1.1244748133886155,long_correlation
2021-10-27,0.2587,0.37799999999999995,0.36729999999999996,0.25780000000000003,0.1698,0.2645339810956711,0.18195908222880108,0.25420955016435315,-0.005833981095671126,0.0767409177711989,46,False,0.013356801178349451,0.07837437279509488,-0.24486042553978368,no_trade
2021-10-28,0.21030000000000001,0.3259,0.3461,0.2673,0.1653,0.2672693453414647,0.18119496874110635,0.25873180176938654,-0.05696934534146467,0.02910503125889366,46,False,0.012827164062892842,0.07804933334634802,-0.8942614422423294,no_trade
2021-10-29,0.2025,0.3181,0.32799999999999996,0.263,0.16260000000000002,0.26568661061507454,0.2504368644453742,0.2578044705747166,-0.06318661061507452,-0.047936864445374205,46,False,0.011812360796102867,0.07728090541373801,-0.9704722144449026,long_correlation
2021-11-01,0.20329999999999998,0.3064,0.3237,0.273,0.1641,0.26505978043700357,0.2527133100030238,0.25721227719351764,-0.061759780437003586,-0.04941331000302385,46,False,0.011028766372951278,0.07703491508189335,-0.9448773550613471,long_correlation
2021-11-02,0.2011,0.2973,0.32299999999999995,0.2784,0.1603,0.2635366425232123,0.26885929889508015,0.25631781346242466,-0.06243664252321229,-0.06775929889508014,46,False,0.009968608501029073,0.07618293345545848,-0.9504130090576546,long_correlation
2021-11-03,0.1709,0.26899999999999996,0.2926,0.2828,0.151,0.26619210238179836,0.25115305870684457,0.25888413005325456,-0.09529210238179836,-0.08025305870684457,46,False,0.009047083932173888,0.07564464267204499,-1.3793334548003826,long_correlation
2021-11-04,0.15460000000000002,0.2482,0.3135,0.2981,0.15439999999999998,0.2620756266531751,0.27478428846669084,0.25462591375305976,-0.10747562665317506,-0.12018428846669083,46,False,0.008182962763456154,0.07558759596761118,-1.5301265761407494,long_correlation
2021-11-05,0.145,0.2539,0.2802,0.29460000000000003,0.1648,0.2558699272682867,0.29747775367959844,0.24407251281246603,-0.11086992726828673,-0.15247775367959845,46,False,0.00740458148666665,0.0757651455305784,-1.561067532130832,long_correlation
2021-11-08,0.16670000000000001,0.2663,0.2869,0.29100000000000004,0.1722,0.25128648551353894,0.30353498612614166,0.23942931618938426,-0.08458648551353892,-0.13683498612614164,46,False,0.006728707746543074,0.07605813117877695,-1.200597383144254,long_correlation
2021-11-09,0.1863,0.2638,0.298,0.2977,0.1778,0.2506870950450249,0.30399339498397543,0.23901068522301075,-0.0643870950450249,-0.11769339498397544,46,False,0.006454839819256145,0.07626272792501028,-0.9289194970043618,long_correlation
2021-11-10,0.2261,0.298,0.3048,0.2673,0.1873,0.2484653034140243,0.31360104217265744,0.2367299716733088,-0.022365303414024318,-0.08750104217265744,46,False,0.006030418197615587,0.07635850670613366,-0.37187371566760824,no_trade
2021-11-11,0.2397,0.2989,0.32130000000000003,0.2584,0.1766,0.23221052181641794,0.3133996980426361,0.22180745602764107,0.00748947818358206,-0.07369969804263612,46,False,0.005901695935323485,0.07637900385132898,0.020788203147414423,no_trade
2021-11-12,0.1865,0.2749,0.3258,0.26739999999999997,0.1629,0.2370439424713566,0.3085758513287973,0.22624576778549155,-0.0505439424713566,-0.12207585132879728,46,False,0.005930532529676063,0.07637822298601246,-0.7394054586917416,no_trade
2021-11-15,0.1991,0.2681,0.29969999999999997,0.2746,0.1649,0.23462751207454444,0.331325605888385,0.22342284435980758,-0.03552751207454444,-0.132225605888385,46,False,0.0055669642923680835,0.0764283059792346,-0.5376866049873956,no_trade
2021-11-16,0.2089,0.2705,0.3085,0.2688,0.1637,0.23092979218680373,0.3156016776148647,0.21783546256326716,-0.02202979218680373,-0.10670167761486468,46,False,0.005543281257888541,0.0764401577969868,-0.36071450189731524,no_trade
2021-11-17,0.2132,0.2805,0.311,0.273,0.1711,0.2323066179390769,0.3298986767739846,0.21891067614613988,-0.019106617939076892,-0.1166986767739846,46,False,0.00549288434111226,0.07645418791902,-0.32175480440973164,no_trade
2021-11-18,0.2047,0.2656,0.3069,0.2756,0.1759,0.22643976465516877,0.3460924398358528,0.2131325008438475,-0.021739764655168775,-0.1413924398358528,46,False,0.005335516574149273,0.07646388444555847,-0.3540924114128073,no_trade
2021-11-19,0.21850000000000003,0.2671,0.2999,0.2768,0.1791,0.22338706211922574,0.35581908113802724,0.20991602413162483,-0.00488706211922571,-0.1373190811380272,46,False,0.0051298210555495855,0.0764667332100809,-0.13099661453112438,no_trade
2021-11-22,0.22260000000000002,0.2782,0.31120000000000003,0.2798,0.1917,0.2160258293839724,0.37346356839575273,0.20273973785696417,0.006574170616027608,-0.1508635683957527,46,False,0.00504819202262358,0.07646640183137443,0.019956197190619133,no_trade
2021-11-23,0.1998,0.2582,0.3043,0.2953,0.1938,0.21624944416395864,0.3801837323767041,0.20291600348229094,-0.016449444163958632,-0.1803837323767041,46,False,0.004952173581922628,0.07644916324261142,-0.2799457422177824,no_trade
2021-11-24,0.193,0.251,0.2861,0.2897,0.1858,0.21497605299260467,0.39357318491882626,0.202156247163532,-0.02197605299260466,-0.20057318491882625,46,False,0.0049261782287093134,0.07645534664570125,-0.3518685402864048,no_trade
2021-11-26,0.3246,0.39799999999999996,0.3552,0.2655,0.2862,0.24549582262074915,0.34968542446016626,0.22939851842225548,0.07910417737925085,-0.02508542446016626,46,False,0.00488805471688958,0.07646639943280908,0.9705716917869903,short_correlation
2021-11-29,0.2747,0.3068,0.315,0.2807,0.2296,0.24648598232272895,0.35978112385564753,0.23034578839960382,0.028214017677271053,-0.08508112385564753,46,False,0.0054343429772047555,0.07650304747534807,0.2977616637743313,no_trade
2021-11-30,0.38539999999999996,0.3726,0.3604,0.2741,0.27190000000000003,0.2679806181080563,0.30461486014088895,0.24705070422952274,0.11741938189194367,0.08078513985911101,46,False,0.005813797324700127,0.07637734841773941,1.4612393187156263,short_correlation
2021-12-01,0.4637,0.41509999999999997,0.391,0.2541,0.31120000000000003,0.26673383978821585,0.29968962231918783,0.24775975555057486,0.19696616021178415,0.16401037768081217,46,False,0.006478295255345706,0.0766175862168003,2.4862159507012667,short_correlation
2021-12-02,0.39270000000000005,0.3713,0.374,0.2867,0.27949999999999997,0.27396328506618667,0.27639848333642597,0.25550746654564355,0.11873671493381338,0.11630151666357408,46,False,0.007477743833076945,0.07745198028239715,1.436489689418861,short_correlation
2021-12-03,0.359,0.376,0.37020000000000003,0.3125,0.30670000000000003,0.26713970254178976,0.25959321896818516,0.25058657290921815,0.09186029745821023,0.09940678103181483,46,False,0.008110151029099415,0.07770781289653232,1.077757091691975,short_correlation
2021-12-06,0.3368,0.3557,0.3529,0.2979,0.2718,0.27187882466958707,0.2500126640812282,0.25251555562031636,0.06492117533041292,0.0867873359187718,46,False,0.008457282062148214,0.0778862788811286,0.7249530222703395,no_trade
2021-12-07,0.2807,0.3015,0.3237,0.287,0.2189,0.28103227587876445,0.2284121890255248,0.2654929569326741,-0.0003322758787644431,0.05228781097447521,46,False,0.008945464080870987,0.07785297544020003,-0.11917001125746045,no_trade
2021-12-08,0.23739999999999997,0.2778,0.2995,0.278,0.19899999999999998,0.2777201945456129,0.22359633090098163,0.2631282245234938,-0.04032019454561295,0.01380366909901834,46,False,0.009100554789526575,0.07779515955986827,-0.6352676646560144,no_trade
2021-12-09,0.263,0.3009,0.32780000000000004,0.2758,0.2158,0.27478000332144187,0.2156242829256876,0.2596323965811613,-0.011780003321441856,0.0473757170743124,46,False,0.009110263073484153,0.07778881350250695,-0.268551035223757,no_trade
2021-12-10,0.21030000000000001,0.2871,0.312,0.2724,0.1869,0.27398040346588337,0.20720739527890653,0.2600185152202538,-0.06368040346588336,0.0030926047210934893,46,False,0.009165636599617557,0.07776887492589889,-0.9366991631923615,long_correlation
2021-12-13,0.258,0.3282,0.3425,0.2905,0.20309999999999997,0.27001784262323986,0.2136239068676168,0.2575170935445133,-0.01201784262323985,0.04437609313238322,46,False,0.008947856232738869,0.07789612332231094,-0.2691494513690868,no_trade
2021-12-14,0.3018,0.3507,0.36579999999999996,0.2899,0.2189,0.25633795170342544,0.2229278282646648,0.2452845404674928,0.045462048296574575,0.0788721717353352,46,False,0.00885016963937522,0.07790696097882786,0.46994361219081654,no_trade
2021-12-15,0.2162,0.2901,0.3086,0.28550000000000003,0.1929,0.2642324276517362,0.1822019617228707,0.2559511830511478,-0.04803242765173621,0.0339980382771293,46,False,0.00876923958848301,0.07785808428039931,-0.7295538769699601,no_trade
2021-12-16,0.2324,0.2975,0.3354,0.3032,0.2057,0.253912292498184,0.23457260989431764,0.24443610224437534,-0.021512292498183982,-0.0021726098943176397,46,False,0.008536830571844694,0.07794016257437753,-0.38554093393573685,no_trade
2021-12-17,0.27940000000000004,0.3552,0.3506,0.292,0.2157,0.25840287653477767,0.2046899774938817,0.2429950458650944,0.020997123465222367,0.07471002250611833,46,False,0.00848358647491937,0.07795615095479859,0.1605202006132747,no_trade
2021-12-20,0.33,0.37200000000000005,0.3613,0.2964,0.22870000000000001,0.26319097765621136,0.21771438900894716,0.2473009043496292,0.06680902234378866,0.11228561099105286,46,False,0.008607691163102955,0.0779510590004034,0.7466393904973697,no_trade
2021-12-21,0.3177,0.35159999999999997,0.3895,0.2664,0.2101,0.26997544572462057,0.21907968437965483,0.2558132076804938,0.047724554275379416,0.09862031562034515,46,False,0.00899272945542025,0.07799812705700901,0.49657378044026607,no_trade
2021-12-22,0.2457,0.3096,0.3186,0.26789999999999997,0.1863,0.25582447821915744,0.19503293904091545,0.243325300678078,-0.010124478219157435,0.05066706095908455,46,False,0.009050121721321804,0.07802137323455655,-0.24576086199911423,no_trade
2021-12-23,0.2045,0.2975,0.3131,0.268,0.1796,0.25656011971242637,0.17567939341189404,0.24480666808343382,-0.052060119712426384,0.02882060658810595,46,False,0.008888252723215159,0.07801866155622916,-0.7812024869423732,no_trade
2021-12-27,0.1654,0.2683,0.3004,0.2836,0.17679999999999998,0.2531964935498319,0.12787578482181647,0.24794584973769537,-0.08779649354983193,0.03752421517818352,46,False,0.008705074645349187,0.07810765830318699,-1.2354943201676245,long_correlation
2021-12-28,0.1724,0.2631,0.3126,0.2812,0.1754,0.24985714813785653,0.12035963818558855,0.24315402287587798,-0.07745714813785654,0.05204036181441145,46,False,0.008524714023656682,0.07827830012022363,-1.0984124850623747,long_correlation
2021-12-29,0.1679,0.2544,0.293,0.2777,0.16949999999999998,0.2450515158994148,0.18251286328554767,0.2386808427777042,-0.0771515158994148,-0.014612863285547673,46,False,0.008538410515761105,0.07826288990262567,-1.0948985722580769,long_correlation
2021-12-30,0.17629999999999998,0.2707,0.3188,0.2712,0.17329999999999998,0.24354625827374551,0.20002059969865463,0.2356494926970966,-0.06724625827374553,-0.023720599698654643,46,False,0.008352311395395048,0.07841111919826856,-0.9641307309743121,long_correlation
2021-12-31,0.1689,0.2821,0.3091,0.2695,0.1722,0.24440925341043457,0.20429578777966742,0.23551062385628188,-0.07550925341043457,-0.035395787779667426,46,False,0.008242279924307393,0.07849796865471936,-1.0669261226762556,long_correlation
2022-01-03,0.136,0.2641,0.2944,0.2905,0.166,0.23679986357698823,0.21913685585069353,0.2295842725844365,-0.10079986357698822,-0.08313685585069353,46,False,0.008151349333661819,0.078581948850462,-1.3864661605425366,long_correlation
2022-01-04,0.1313,0.2591,0.3032,0.29350000000000004,0.1691,0.22938443838193778,0.23462216574315942,0.22318115000700275,-0.09808443838193778,-0.10332216574315942,46,False,0.007719464366728358,0.07888109825285836,-1.3413086923499091,long_correlation
2022-01-05,0.19949999999999998,0.3131,0.3299,0.3039,0.1973,0.226080223309591,0.22942179725451248,0.2225377337301534,-0.026580223309591006,-0.029921797254512494,46,False,0.007362822584980254,0.07915610140326133,-0.4288114913801549,no_trade
2022-01-06,0.21239999999999998,0.3181,0.34340000000000004,0.3002,0.1961,0.2208490122941628,0.23416860071428855,0.21920279222308853,-0.008449012294162811,-0.021768600714288572,46,False,0.00724960109017048,0.07918427256109296,-0.19825418453167395,no_trade
2022-01-07,0.185,0.30760000000000004,0.3259,0.3036,0.18760000000000002,0.218744585846821,0.24203147069913672,0.21723023407999786,-0.033744585846820996,-0.05703147069913672,46,False,0.007459994721290532,0.07907131680964109,-0.5211065431894704,no_trade
2022-01-10,0.1832,0.2942,0.3188,0.32049999999999995,0.19399999999999998,0.2070755997989668,0.2552326880034856,0.20404235866170972,-0.023875599798966807,-0.07203268800348558,46,False,0.007646244571577116,0.07891800817174412,-0.39942524020556863,no_trade
2022-01-11,0.1907,0.2925,0.3321,0.3042,0.1841,0.2052766048142054,0.26648458162043726,0.20205188355106873,-0.01457660481420539,-0.07578458162043725,46,False,0.007722110254127839,0.0788783122119998,-0.2826976699045155,no_trade
2022-01-12,0.1815,0.2922,0.3166,0.2958,0.17620000000000002,0.20635356055223208,0.27278664308023515,0.2032257132579209,-0.02485356055223209,-0.09128664308023515,46,False,0.007911401856047799,0.07876681501043571,-0.41597419425857074,no_trade
2022-01-13,0.2372,0.33270000000000005,0.3554,0.3127,0.20309999999999997,0.2078793822924212,0.275693308562011,0.20497791319387293,0.029320617707578794,-0.038493308562011025,46,False,0.008112693252617327,0.07861727566019074,0.2697616303397356,no_trade
2022-01-14,0.2118,0.3225,0.33299999999999996,0.3041,0.19190000000000002,0.2029612442343019,0.29766728469669435,0.2011860891592355,0.008838755765698092,-0.08586728469669436,46,False,0.008393515517136177,0.07856591782315657,0.00566709154425082,no_trade
2022-01-18,0.2883,0.3697,0.3697,0.3175,0.2279,0.2182650954467282,0.2858294166321775,0.21659222003277953,0.0700349045532718,0.002470583367822521,46,False,0.008517405361213036,0.0785418074274601,0.783245270346946,short_correlation
2022-01-19,0.3306,0.4035,0.3898,0.3084,0.23850000000000002,0.22501949798570506,0.2862966917265533,0.22394874075790225,0.10558050201429495,0.044303308273446695,46,False,0.008895888805743414,0.07860776793008674,1.2299625820000668,short_correlation
2022-01-20,0.37520000000000003,0.4322,0.4266,0.3007,0.2559,0.2294976342670159,0.278947063758702,0.2279602597220586,0.14570236573298415,0.09625293624129805,46,False,0.009579897425988181,0.07869645612357533,1.7297153520260913,short_correlation
2022-01-21,0.37200000000000005,0.4512,0.42590000000000006,0.3268,0.28850000000000003,0.23904808320923682,0.27100179569513466,0.23879728811994955,0.13295191679076324,0.10099820430486539,46,False,0.010454798156778885,0.07897998307936684,1.5509894261548174,short_correlation
2022-01-24,0.3457,0.4252,0.4018,0.379,0.299,0.24234797793863927,0.29010016189216314,0.23982944610539825,0.10335202206136074,0.05559983810783686,46,False,0.011247698102902133,0.07920337884700482,1.1628837721225784,short_correlation
2022-01-25,0.36340000000000006,0.42869999999999997,0.4353,0.37799999999999995,0.3116,0.2324984357546473,0.28089975201829864,0.2329963843551789,0.13090156424535276,0.08250024798170141,46,False,0.011934135064981146,0.07924922181168645,1.5011810395194083,short_correlation
2022-01-26,0.3887,0.45909999999999995,0.4611,0.3508,0.3196,0.23056529611444887,0.346720921526796,0.23075626213545275,0.15813470388555112,0.04197907847320398,46,False,0.012371372983115983,0.07960105085963677,1.8311734497006147,short_correlation
2022-01-27,0.414,0.4583,0.44270000000000004,0.3332,0.3049,0.22859970940470167,0.3482001107572375,0.22880911710837654,0.1854002905952983,0.06579988924276248,46,False,0.012564537970187962,0.07989609921115891,2.163256458470137,short_correlation
2022-01-28,0.382,0.4293,0.4018,0.3063,0.2766,0.2386370755693128,0.34856130584561806,0.23956223513837657,0.1433629244306872,0.03343869415438194,46,False,0.012826897063403989,0.08035517466678904,1.6244881292160769,short_correlation
2022-01-31,0.3389,0.39770000000000005,0.37920000000000004,0.2962,0.2483,0.24288407315280555,0.3622781473232284,0.24609552272207727,0.09601592684719443,-0.023378147323228404,46,False,0.012870497200338369,0.08042325136897115,1.0338481500256178,short_correlation
2022-02-01,0.29410000000000003,0.35409999999999997,0.3657,0.30210000000000004,0.21960000000000002,0.2422971615011126,0.3644207019250215,0.2471037096412275,0.05180283849888742,-0.07032070192502149,46,False,0.012783835507288637,0.08032137471259307,0.485786045510514,no_trade
2022-02-02,0.2675,0.3328,0.374,0.307,0.22089999999999999,0.24568021243487104,0.3446514443627701,0.256313854546967,0.02181978756512898,-0.0771514443627701,46,False,0.012650384803617336,0.08022807405841059,0.1142916973780998,no_trade
2022-02-03,0.35090000000000005,0.4183,0.4033,0.32539999999999997,0.24350000000000002,0.24979721964244833,0.364345762146924,0.2653277273925239,0.10110278035755171,-0.013445762146923945,46,False,0.012443677733882698,0.08013666326255603,1.106348817309631,short_correlation
2022-02-04,0.3447,0.3957,0.3821,0.2969,0.2322,0.24301235010405528,0.3646631597057784,0.2596638169612318,0.10168764989594473,-0.01996315970577839,46,False,0.012627895256815576,0.08028735903360691,1.109262475576638,short_correlation
2022-02-07,0.3482,0.3917,0.38670000000000004,0.3053,0.2286,0.24381155005143704,0.3791192562285006,0.2604115485196365,0.10438844994856297,-0.030919256228500613,46,False,0.012993712782822643,0.08048283596904648,1.135580475828294,short_correlation
2022-02-08,0.33590000000000003,0.3764,0.38299999999999995,0.292,0.2144,0.24592402454278114,0.37432997594338957,0.26252166507410896,0.08997597545721889,-0.03842997594338954,46,False,0.01342192243555951,0.08068144243062549,0.9488433859804245,short_correlation
2022-02-09,0.3039,0.35409999999999997,0.35450000000000004,0.2686,0.1996,0.247367413862597,0.3668107839051132,0.26546984781069893,0.056532586137403,-0.06291078390511318,46,False,0.013739054753655996,0.08082510630858769,0.529458398982646,no_trade
2022-02-10,0.4056,0.4152,0.4047,0.2656,0.2391,0.2538326681952227,0.3525390965206431,0.2725108106367439,0.1517673318047773,0.053060903479356936,46,False,0.01385416429690048,0.08086546413582446,1.705464365804332,short_correlation
2022-02-11,0.41359999999999997,0.4464,0.40369999999999995,0.2784,0.2736,0.2612248791238271,0.3775318946520968,0.28259074082683566,0.1523751208761729,0.03606810534790317,46,False,0.014365376308049337,0.08132901657989369,1.696931186085958,short_correlation
2022-02-14,0.44229999999999997,0.4487,0.4089,0.2851,0.2833,0.261326329882959,0.38050221576644966,0.2825809314117401,0.18097367011704096,0.06179778423355031,46,False,0.014995090361150128,0.08178135794030357,2.0295405204331183,short_correlation
2022-02-15,0.43420000000000003,0.4227,0.4035,0.275,0.257,0.26841212510964446,0.3817004486247919,0.2906838788703467,0.16578787489035557,0.05249955137520812,46,False,0.015682486502480657,0.08244551838820163,1.8206615874630214,short_correlation
2022-02-16,0.3968,0.3953,0.3772,0.2768,0.2429,0.26924721795247125,0.3784753690956716,0.29225483744407393,0.12755278204752873,0.0183246309043284,46,False,0.016285053581216055,0.08298586823195017,1.3408033299755702,short_correlation
2022-02-17,0.4743,0.45409999999999995,0.43229999999999996,0.2822,0.2811,0.274702352893089,0.37959312735183004,0.30155066143543113,0.19959764710691102,0.09470687264816996,46,False,0.01652427787357334,0.08321998482350323,2.1998726582515977,short_correlation
2022-02-18,0.46869999999999995,0.4653,0.426,0.2796,0.2775,0.27380040669232425,0.3793209722226709,0.3028106705111561,0.1948995933076757,0.08937902777732903,46,False,0.017103359979688395,0.08398369840560102,2.1170326706656413,short_correlation
2022-02-22,0.503,0.46270000000000006,0.4396,0.2801,0.28809999999999997,0.27455555140501214,0.38648989483075546,0.3031125004110951,0.22844444859498786,0.11651010516924454,46,False,0.017552666934865676,0.08463090452289718,2.4919003625095923,short_correlation
2022-02-23,0.5219,0.505,0.46090000000000003,0.2871,0.3102,0.26569645731803293,0.373324361892998,0.2997608131288234,0.2562035426819671,0.14857563810700203,46,False,0.01814086076895071,0.08557797180729522,2.781821967562947,short_correlation
2022-02-24,0.4913,0.4799,0.4432,0.2919,0.3032,0.25721861478579083,0.4009184724187944,0.29341353654368985,0.23408138521420918,0.0903815275812056,46,False,0.01909965272578173,0.08688157581720646,2.4744225742490666,short_correlation
2022-02-25,0.47130000000000005,0.45909999999999995,0.4193,0.2593,0.2759,0.2695215681121403,0.36614373029497965,0.2970663133820951,0.20177843188785977,0.1051562697050204,46,False,0.019451127223890516,0.08757141533440858,2.082041314140199,short_correlation
2022-02-28,0.4867,0.4629,0.4192,0.2734,0.3015,0.2680587936489193,0.36840890183459163,0.2941955074833777,0.2186412063510807,0.11829109816540839,46,False,0.019768540973551484,0.08808727848367177,2.2576774853407815,short_correlation
2022-03-01,0.5438000000000001,0.4849,0.4721,0.2827,0.3332,0.26719289563363685,0.3527740681721183,0.2957830705938888,0.2766071043663632,0.19102593182788175,46,False,0.02047799377153245,0.08896530939589425,2.878977348969363,short_correlation
2022-03-02,0.5197999999999999,0.4844,0.4339,0.261,0.3074,0.27896866526654485,0.36187522036522307,0.306707837032954,0.24083133473345508,0.15792477963477686,46,False,0.021292230599286265,0.09036141280361357,2.4295669724786486,short_correlation
2022-03-03,0.5297,0.4752,0.45280000000000004,0.2721,0.3048,0.2741369137341927,0.362272051617648,0.3057794397617002,0.25556308626580726,0.16742794838235192,46,False,0.021871272947957543,0.09129773483739399,2.5596671564093785,short_correlation
2022-03-04,0.47850000000000004,0.48619999999999997,0.4362,0.2991,0.31980000000000003,0.265998093451817,0.37112437072740695,0.29539833395331455,0.21250190654818302,0.10737562927259309,46,False,0.022256198284638307,0.09207749573615749,2.0661477241809694,short_correlation
2022-03-07,0.5493,0.5279,0.4706,0.30920000000000003,0.36450000000000005,0.2786271303586558,0.3508394456588813,0.3092696493781307,0.27067286964134424,0.1984605543411187,46,False,0.02300927001254277,0.09285414308854789,2.6672326230249483,short_correlation
2022-03-08,0.5203,0.524,0.4946,0.3094,0.3513,0.2760504179350278,0.3257268579041389,0.3044248365199637,0.24424958206497216,0.19457314209586107,46,False,0.0238964476026849,0.09414435842023784,2.3405877756230886,short_correlation
2022-03-09,0.5168,0.5121,0.4607,0.27440000000000003,0.3245,0.28070637247450597,0.31655440257338524,0.3125510841685933,0.23609362752549407,0.2002455974266148,46,False,0.02468240224690276,0.09515255301449299,2.2218134835162076,short_correlation
2022-03-10,0.4816,0.46299999999999997,0.4579,0.2901,0.3023,0.2813949944089293,0.31651442367763305,0.3125895037377176,0.20020500559107068,0.16508557632236692,46,False,0.02562203382919025,0.09606572223499758,1.8173284674299603,short_correlation
2022-03-11,0.47119999999999995,0.4815,0.46049999999999996,0.3013,0.3075,0.28307510720329154,0.33399637289201445,0.31528623191885313,0.1881248927967084,0.1372036271079855,46,False,0.026435204294446416,0.09667328388494027,1.6725374581741086,short_correlation
2022-03-14,0.47869999999999996,0.48869999999999997,0.4658,0.3186,0.3177,0.27379755890414265,0.34732007007440097,0.30656563211946775,0.2049024410958573,0.131379929925599,46,False,0.027378421581234474,0.09708746369169162,1.8284957991936366,short_correlation
2022-03-15,0.48310000000000003,0.49079999999999996,0.4681,0.3023,0.2983,0.29442758236952177,0.31093789507576103,0.3236257151412233,0.18867241763047826,0.172162104924239,46,False,0.028424834241066798,0.0975748381954172,1.6423043722447888,short_correlation
2022-03-16,0.4365,0.4593,0.42200000000000004,0.28859999999999997,0.2667,0.29358537048567923,0.3016617475470837,0.3290271017388951,0.14291462951432077,0.1348382524529163,46,False,0.02924830896014446,0.09804883829044443,1.1592826854048908,short_correlation
2022-03-17,0.4322,0.4451,0.42469999999999997,0.27399999999999997,0.25670000000000004,0.2962150422469154,0.27777344769630863,0.3293195113028609,0.13598495775308456,0.15442655230369134,46,False,0.029996751133772502,0.09819425313113418,1.0793728068563175,short_correlation
2022-03-18,0.4224,0.42119999999999996,0.444,0.2636,0.23870000000000002,0.29432495042603724,0.2987130128675717,0.32705018122028434,0.12807504957396276,0.12368698713242832,46,False,0.030621457931196108,0.09836632170958486,0.9907211121555106,short_correlation
2022-03-21,0.40549999999999997,0.41659999999999997,0.44020000000000004,0.2772,0.2353,0.29166430472563587,0.28069545459088113,0.3241244945330347,0.1138356952743641,0.12480454540911884,46,False,0.03121848012103647,0.09849986449436496,0.838754607201049,short_correlation
2022-03-22,0.40270000000000006,0.39740000000000003,0.42700000000000005,0.2688,0.22940000000000002,0.29155045130085416,0.2933560947770904,0.32424649804059597,0.1111495486991459,0.10934390522290965,46,False,0.031778603464425056,0.0985669909562869,0.8052487396102084,short_correlation
2022-03-23,0.40869999999999995,0.4075,0.4379,0.2793,0.2357,0.2902082475612853,0.36619780956963327,0.32357275990136053,0.11849175243871463,0.04250219043036668,46,False,0.03209402620863068,0.09869371995459973,0.8754126024414514,short_correlation
2022-03-24,0.3525,0.38170000000000004,0.41840000000000005,0.2849,0.2167,0.2934007492514257,0.3494422001114053,0.3271226013658421,0.059099250748574306,0.00305779988859467,46,False,0.0324472533040263,0.09884349826251526,0.26963834660893754,no_trade
2022-03-25,0.3116,0.3663,0.40700000000000003,0.2813,0.20809999999999998,0.29463908948468,0.38284771624856423,0.32740497534798263,0.016960910515320005,-0.07124771624856424,46,False,0.032750763872479056,0.09880729251972316,-0.15980453420487362,no_trade
2022-03-28,0.2437,0.33590000000000003,0.38630000000000003,0.2974,0.1963,0.29404494192789193,0.3704276160541747,0.32638508447013215,-0.050344941927891934,-0.12672761605417468,46,False,0.03313843774571041,0.09855158310646689,-0.8471033852740232,no_trade
2022-03-29,0.2444,0.33399999999999996,0.385,0.28550000000000003,0.18899999999999997,0.2954039732623818,0.4116577288984023,0.3283372882724945,-0.05100397326238182,-0.1672577288984023,46,False,0.03315294196332254,0.09853897566971101,-0.8540469865222333,no_trade
2022-03-30,0.2548,0.3457,0.39299999999999996,0.2865,0.19329999999999997,0.29695397593871026,0.4692278192769812,0.33059949286917656,-0.04215397593871023,-0.21442781927698118,46,False,0.03318451406439832,0.09851061536121121,-0.7647753465640542,no_trade
2022-03-31,0.2796,0.36060000000000003,0.4089,0.2896,0.20559999999999998,0.30849224963016986,0.4451429690652791,0.34331609064845703,-0.02889224963016984,-0.1655429690652791,46,False,0.03328128096436405,0.09842420544052764,-0.6316894336739345,no_trade
2022-04-01,0.23329999999999998,0.35960000000000003,0.4131,0.2943,0.1963,0.31216552733244174,0.4435292648590173,0.34301619896609203,-0.07886552733244176,-0.2102292648590173,46,False,0.03354078659489347,0.09817240544530216,-1.1449888939510975,long_correlation
2022-04-04,0.213,0.3265,0.39159999999999995,0.2973,0.1857,0.3143949115691535,0.5044041072025082,0.34596022785068214,-0.1013949115691535,-0.2914041072025082,46,False,0.03365661310943381,0.09802178569242374,-1.3777704999412765,long_correlation
2022-04-05,0.2738,0.37020000000000003,0.4252,0.3018,0.21030000000000001,0.3179439050124097,0.5395565289897158,0.3504019505318788,-0.04414390501240972,-0.26575652898971586,46,False,0.03358658743658838,0.09811225418419667,-0.7922607944881819,no_trade
2022-04-06,0.2822,0.3746,0.4276,0.32030000000000003,0.221,0.3152458134936147,0.5554146880224095,0.34833446216300007,-0.033045813493614684,-0.27321468802240945,46,False,0.03384238138149874,0.09782366857367873,-0.6837628955280352,no_trade
2022-04-07,0.2656,0.36369999999999997,0.4168,0.3257,0.2155,0.31422370463633253,0.5527402506270594,0.3463286979640699,-0.04862370463633253,-0.28714025062705945,46,False,0.034140524426974586,0.09750306736864156,-0.8488371832487122,no_trade
2022-04-08,0.2475,0.36219999999999997,0.42219999999999996,0.32380000000000003,0.2116,0.31244796271714104,0.5472482918613716,0.34433436221549385,-0.06494796271714104,-0.2997482918613716,46,False,0.034419783078147984,0.0971629034994831,-1.022692223229184,long_correlation
2022-04-11,0.3212,0.40909999999999996,0.4547,0.3372,0.2437,0.31705434311482833,0.5377123063975537,0.347047007677087,0.004145656885171656,-0.21651230639755376,46,False,0.03463503346595152,0.09688091975462575,-0.3147098175574876,no_trade
2022-04-12,0.33799999999999997,0.4192,0.4647,0.3268,0.2426,0.3206320195254797,0.5369319567714097,0.35090296075756894,0.01736798047452026,-0.19893195677140973,46,False,0.03514096106538515,0.09638424296613186,-0.1843971591612757,no_trade
2022-04-13,0.298,0.3921,0.4484,0.312,0.2182,0.315620481009793,0.548726543940366,0.34542884769546567,-0.01762048100979302,-0.25072654394036603,46,False,0.03564526396382005,0.09595480851624143,-0.5551128265197595,no_trade
2022-04-14,0.32780000000000004,0.4211,0.47,0.3103,0.22699999999999998,0.3138468686902631,0.5582166391293348,0.3439841263586866,0.01395313130973691,-0.2304166391293348,46,False,0.03607132991623239,0.09547588375098146,-0.23166267477747343,no_trade
2022-04-18,0.31579999999999997,0.41729999999999995,0.46759999999999996,0.32189999999999996,0.2217,0.3090192889469828,0.5496771507064627,0.3396349963972063,0.0067807110530171966,-0.23387715070646276,46,False,0.036648698490305755,0.09489640259238852,-0.31474309479972024,no_trade
2022-04-19,0.3156,0.41859999999999997,0.4672,0.3186,0.2137,0.3089243592578539,0.57138863863709,0.33922787922850417,0.006675640742146105,-0.25578863863709,46,False,0.037105364340048026,0.09447204560813945,-0.3221029395734835,no_trade
2022-04-20,0.24850000000000003,0.3583,0.4199,0.34409999999999996,0.2032,0.3059390214168388,0.5688668885009137,0.33483477206628426,-0.05743902141683879,-0.32036688850091366,46,False,0.03745099393751386,0.09419928357081475,-1.0073326649349583,long_correlation
2022-04-21,0.29960000000000003,0.3995,0.4474,0.34909999999999997,0.2268,0.3141815946158322,0.5722830816115363,0.343619490691109,-0.014581594615832194,-0.27268308161153626,46,False,0.037644034824881184,0.093953489611687,-0.5558668406736536,no_trade
2022-04-22,0.3803,0.4739,0.4924,0.3575,0.2821,0.3395278806131926,0.5576763466923772,0.3633534113614264,0.040772119386807415,-0.17737634669237717,46,False,0.037850127498280754,0.0937808990403734,0.031157644237007374,no_trade
2022-04-25,0.3527,0.4446,0.4678,0.3679,0.2702,0.34076248621626637,0.5503915030619194,0.3649837992665368,0.011937513783733644,-0.1976915030619194,46,False,0.03825694356315594,0.09356925659371482,-0.2812828779190088,no_trade
2022-04-26,0.4292,0.49729999999999996,0.5139,0.38130000000000003,0.33520000000000005,0.35133002369198113,0.5371533910827223,0.3778723225852712,0.0778699763080189,-0.10795339108272228,46,False,0.038510197905436076,0.09341054622223159,0.421363325602899,no_trade
2022-04-27,0.43670000000000003,0.4963,0.5094,0.34909999999999997,0.316,0.34486261552727165,0.5503505287865034,0.37126150182536183,0.09183738447272838,-0.11365052878650334,46,False,0.03890773954901026,0.09336383598438018,0.566918061641911,no_trade
2022-04-28,0.4612,0.513,0.509,0.32549999999999996,0.2999,0.36017397260928397,0.5484460618451235,0.38958109633973087,0.10102602739071603,-0.08724606184512346,46,False,0.03926370694358329,0.0933940704612148,0.6613087976798456,no_trade
2022-04-29,0.5045000000000001,0.5138,0.5042,0.3066,0.33399999999999996,0.38350620130649493,0.5125565325463293,0.41138226858627547,0.12099379869350513,-0.00805653254632921,46,False,0.03949908855688326,0.093474972476478,0.8718345454140589,short_correlation
2022-05-02,0.5263,0.5235,0.5072,0.3236,0.3234,0.3836650741832221,0.5185877975441423,0.4113396275179908,0.1426349258167779,0.007712202455857686,46,False,0.03967122010688401,0.09358531832296173,1.1002121652732693,short_correlation
2022-05-03,0.4808,0.47979999999999995,0.4758,0.32659999999999995,0.2925,0.3894234546713898,0.5196138362772639,0.4172729257300821,0.09137654532861023,-0.03881383627726387,46,False,0.03997179672050404,0.09379449179338302,0.5480572219671931,no_trade
2022-05-04,0.4573,0.46149999999999997,0.45520000000000005,0.3096,0.25420000000000004,0.41245063416022254,0.481719360701619,0.43777093933583333,0.044849365839777444,-0.02441936070161904,46,False,0.0399490950789918,0.09378130166056363,0.05225210861885781,no_trade
2022-05-05,0.5107,0.501,0.4867,0.33399999999999996,0.312,0.4299664058941911,0.44082113875516776,0.4594416213817294,0.08073359410580894,0.06987886124483228,46,False,0.03974461866089467,0.09371392826350518,0.4373840282274937,no_trade
2022-05-06,0.4843,0.5059,0.4951,0.33030000000000004,0.3019,0.4283046887470669,0.4457164353443138,0.4570098562550232,0.05599531125293311,0.03858356465568619,46,False,0.039827498697835965,0.09374100996348841,0.17247320635220822,no_trade
2022-05-09,0.5175,0.5262,0.5134000000000001,0.3569,0.3475,0.4326927668348103,0.4396978112699618,0.4614632341206322,0.08480723316518968,0.07780218873003814,46,False,0.03997890442469902,0.0937361693905061,0.4782393928829677,no_trade
2022-05-10,0.5275,0.5168,0.5084000000000001,0.35240000000000005,0.3299,0.42874695445726835,0.48545498109812835,0.45569013812017606,0.09875304554273162,0.04204501890187162,46,False,0.04005983588625729,0.09376614889027565,0.6259530795613311,no_trade
2022-05-11,0.4946,0.4949,0.4936,0.3591,0.3256,0.4265793931723364,0.5169812044532692,0.45400429203297166,0.06802060682766359,-0.022381204453269243,46,False,0.03990722879545643,0.09363861241463527,0.30023274915395015,no_trade
2022-05-12,0.48340000000000005,0.4792,0.4789,0.38189999999999996,0.3177,0.4237678909267187,0.5591245774207015,0.4506857182051753,0.05963210907328137,-0.07572457742070149,46,False,0.039351768974756826,0.09305086296211122,0.21794897385081063,no_trade
2022-05-13,0.46409999999999996,0.47590000000000005,0.4815,0.35109999999999997,0.2887,0.4284646860315629,0.5464127961318497,0.45728856356564046,0.035635313968437055,-0.08231279613184972,46,False,0.039056063789771785,0.092866627254362,-0.036835081906929655,no_trade
2022-05-16,0.4549,0.4717,0.4911,0.35979999999999995,0.2747,0.4302831569588502,0.5546096083594158,0.4548659210601373,0.024616843041149805,-0.09970960835941572,46,False,0.039103482332345695,0.0928617984406858,-0.15600214010984326,no_trade
2022-05-17,0.49329999999999996,0.47740000000000005,0.4966,0.3265,0.261,0.425030215196934,0.5605877696480908,0.44974976770447656,0.06826978480306595,-0.0672877696480908,46,False,0.039024078296437024,0.09286561177388145,0.3149250400443096,no_trade
2022-05-18,0.49770000000000003,0.4968,0.5202,0.3639,0.3096,0.44679054034529514,0.5203054982118147,0.4711184290818415,0.05090945965470489,-0.02260549821181468,46,False,0.038876651161564635,0.09278924221583182,0.12967891757485658,no_trade
2022-05-19,0.4826,0.461,0.4899,0.3555,0.29350000000000004,0.4381353193580374,0.5679504206975652,0.46166459903831636,0.04446468064196257,-0.08535042069756521,46,False,0.038716514339767534,0.09273327663711221,0.06198601527571388,no_trade
2022-05-20,0.484,0.4814,0.4985,0.35200000000000004,0.2943,0.44771608754499975,0.5673660102951649,0.46880025020302274,0.03628391245500023,-0.08336601029516488,46,False,0.038575253318708806,0.09269714933802022,-0.024718568802511897,no_trade
2022-05-23,0.5021,0.4964,0.5071,0.34020000000000006,0.2848,0.4387921092501624,0.5533878784229355,0.4650996614583497,0.06330789074983761,-0.05128787842293547,46,False,0.038430505651140326,0.09267203205030305,0.268445447329715,no_trade
2022-05-24,0.4953,0.4782,0.4959,0.3517,0.2945,0.43686755793719495,0.5944277086000938,0.46225364538683467,0.05843244206280507,-0.09912770860009373,46,False,0.038511172724115944,0.09268485427303605,0.21493554146402358,no_trade
2022-05-25,0.5058,0.47100000000000003,0.4903,0.3429,0.2837,0.4366381943554719,0.5942803803516757,0.4617098129146521,0.06916180564452812,-0.08848038035167571,46,False,0.03842325925003271,0.09265528797228713,0.33175166865477984,no_trade
2022-05-26,0.521,0.4793,0.4966,0.3178,0.275,0.434410803647326,0.589621480869532,0.46314545271269275,0.08658919635267404,-0.06862148086953201,46,False,0.03848954008818314,0.09267134120946736,0.519034856264463,no_trade
2022-05-27,0.5024000000000001,0.465,0.4828,0.2934,0.2572,0.4409803079848417,0.5708103422934957,0.4706099681633451,0.061419692015158345,-0.06841034229349563,46,False,0.03874779957065533,0.09271450282707103,0.24453447684220572,no_trade
2022-05-31,0.4874,0.45030000000000003,0.474,0.3144,0.2619,0.4445655783450599,0.570248229310053,0.47366001584881523,0.042834421654940114,-0.08284822931005303,46,False,0.03888955051389658,0.09272177899777513,0.04254524863180409,no_trade
2022-06-01,0.47450000000000003,0.4465,0.4693,0.3164,0.2569,0.4417016445852152,0.5734513209331601,0.46809882027529387,0.03279835541478482,-0.09895132093316006,46,False,0.03877403822700515,0.09269856555866669,-0.06446359526931905,no_trade
2022-06-02,0.4667,0.43670000000000003,0.45840000000000003,0.3071,0.24719999999999998,0.44877463034727955,0.5469267325731352,0.47883137897087635,0.017925369652720458,-0.08022673257313517,46,False,0.03872443919856192,0.09269840515701235,-0.22437354246399438,no_trade
2022-06-03,0.43420000000000003,0.4357,0.46020000000000005,0.314,0.24789999999999998,0.4512618738138011,0.5467842172255145,0.47985938421228125,-0.017061873813801087,-0.11258421722551448,46,False,0.038557504454944595,0.09269782989008866,-0.6000073392731339,no_trade
2022-06-06,0.4547,0.43829999999999997,0.46020000000000005,0.312,0.2507,0.45364806594152823,0.5467051039920185,0.4825577238313135,0.0010519340584717596,-0.09200510399201856,46,False,0.03842434080643077,0.09275373539612468,-0.40292077282227123,no_trade
2022-06-07,0.4683,0.4349,0.46159999999999995,0.2984,0.2402,0.45471690963323413,0.5456487917161431,0.4824313693138503,0.01358309036676586,-0.07734879171614312,46,False,0.038428571660776054,0.09275199937921551,-0.26787003471946436,no_trade
2022-06-08,0.47369999999999995,0.4378,0.4623,0.2825,0.2396,0.4602672701289374,0.5462008330988173,0.4876200297828383,0.013432729871062532,-0.07250083309881733,46,False,0.03837188094874076,0.09276284432843244,-0.2688484948712833,no_trade
2022-06-09,0.5063,0.4646,0.48009999999999997,0.293,0.2609,0.46734795618820846,0.5214409765538651,0.493883049435878,0.038952043811791515,-0.015140976553865149,46,False,0.038189729986111066,0.09276658418754688,0.00821754764775291,no_trade
2022-06-10,0.4959,0.4799,0.49560000000000004,0.3078,0.2775,0.4759781940137164,0.49816249717673905,0.5017161338265572,0.019921805986283625,-0.0022624971767390423,46,False,0.03831139442715857,0.09274732065061089,-0.1982762230959803,no_trade
2022-06-13,0.5439,0.5114,0.5177,0.34509999999999996,0.34020000000000006,0.4898173752820758,0.4281183924427307,0.5185868237708252,0.054082624717924244,0.11578160755726935,46,False,0.03842800802065063,0.09270547590408741,0.16886399152375636,no_trade
2022-06-14,0.5497,0.4943,0.5042,0.3368,0.32689999999999997,0.4883264780816533,0.4508282866248696,0.5174713952762016,0.06137352191834666,0.09887171337513034,46,False,0.03861593561638536,0.0926889520354245,0.24552641714261317,no_trade
2022-06-15,0.5563,0.4852,0.4951,0.31980000000000003,0.2962,0.49129693837771676,0.444243464398224,0.5209124397117758,0.06500306162228325,0.11205653560177603,46,False,0.038767898225479824,0.09269476941454814,0.2830274411652607,no_trade
2022-06-16,0.52,0.48619999999999997,0.507,0.3358,0.3295,0.49517004512903495,0.42689660148218905,0.5285015829320318,0.024829954870965065,0.09310339851781096,46,False,0.03883632577066581,0.0927077971265551,-0.15108082959387648,no_trade
2022-06-17,0.5193,0.4972,0.5136999999999999,0.315,0.31129999999999997,0.49303967599150605,0.4157131477669776,0.5256920384321585,0.02626032400849393,0.10358685223302239,46,False,0.038773781410546417,0.09271192501345941,-0.13497139014464268,no_trade
2022-06-21,0.5492,0.5095000000000001,0.5049,0.3055,0.3019,0.5027572580126654,0.3740084457096837,0.5286795735517607,0.04644274198733467,0.1751915542903163,46,False,0.038484712414077145,0.09263659771945176,0.08590589215461333,no_trade
2022-06-22,0.5094,0.4814,0.5019,0.3187,0.2895,0.4979699258740524,0.3813159286850739,0.5247761438105222,0.011430074125947542,0.12808407131492605,46,False,0.0386962560317753,0.09259348009950877,-0.2944719420473798,no_trade
2022-06-23,0.5119,0.4917,0.5057,0.31379999999999997,0.2905,0.49515579078603555,0.39023578317018914,0.5200991676923652,0.016744209213964467,0.12166421682981088,46,False,0.03885195949281633,0.09251415995167206,-0.23896612464946557,no_trade
2022-06-24,0.4672,0.48219999999999996,0.49920000000000003,0.30010000000000003,0.2723,0.5038742532277529,0.3238890794396597,0.5286038039361224,-0.03667425322775292,0.14331092056034028,46,False,0.03907076874313874,0.09239586150211779,-0.8197880374669759,no_trade
2022-06-27,0.418,0.45770000000000005,0.4825,0.3155,0.2695,0.5042791193042543,0.34100611723001245,0.5291323657720206,-0.0862791193042543,0.07699388276998753,46,False,0.03917476561567118,0.09229534538687748,-1.3592655663625968,long_correlation
2022-06-28,0.4462,0.478,0.5008,0.32420000000000004,0.2836,0.5032675792146459,0.31029451005058223,0.529002218212967,-0.05706757921464595,0.13590548994941776,46,False,0.03922780772196198,0.09221905680677882,-1.0442026872858827,long_correlation
2022-06-29,0.44789999999999996,0.4779,0.4966,0.32939999999999997,0.2816,0.5022687068693887,0.2954915391778927,0.5288666175847645,-0.05436870686938877,0.15240846082210724,46,False,0.0394218812519322,0.09196337131462913,-1.0198689628334796,long_correlation
2022-06-30,0.43420000000000003,0.48450000000000004,0.5035000000000001,0.34149999999999997,0.2871,0.500933101541526,0.2961513953414603,0.5274814575021903,-0.06673310154152601,0.13804860465853974,46,False,0.03957706634841526,0.09177101263589281,-1.1584286239897283,long_correlation
2022-07-01,0.4057,0.4725,0.4899,0.33659999999999995,0.267,0.5007499874272535,0.31273380478851626,0.5246650825718036,-0.09504998742725351,0.09296619521148375,46,False,0.03973075442653071,0.09155933424127052,-1.4720589983607764,long_correlation
2022-07-05,0.41869999999999996,0.4689,0.484,0.35259999999999997,0.2754,0.5006265338043455,0.32699788662907947,0.5247447952582603,-0.08192653380434556,0.09170211337092049,46,False,0.039764306370251884,0.09150817120195287,-1.3298357794303777,long_correlation
2022-07-06,0.40950000000000003,0.46840000000000004,0.48369999999999996,0.35810000000000003,0.2673,0.5007654758403864,0.328018720962447,0.5256022918915371,-0.09126547584038641,0.08148127903755303,46,False,0.03990574096982948,0.0912913169669532,-1.4368422010791995,long_correlation
2022-07-07,0.4143,0.47450000000000003,0.4888,0.34759999999999996,0.2608,0.5037122051524547,0.3195987584121152,0.5290353064103579,-0.08941220515245474,0.09470124158788479,46,False,0.039957390869620184,0.09121306369761407,-1.418323108309966,long_correlation
2022-07-08,0.3724,0.4593,0.48200000000000004,0.33770000000000006,0.2464,0.50384070630103,0.31601850065082393,0.5281181064003385,-0.13144070630102994,0.05638149934917608,46,False,0.0400119838338034,0.09113113809318146,-1.8813842745991298,long_correlation
2022-07-11,0.3954,0.4696,0.48969999999999997,0.353,0.26170000000000004,0.5039445574121217,0.30884974426141415,0.5285599094822362,-0.10854455741212177,0.08655025573858582,46,False,0.03959910237481027,0.09167184217187414,-1.6160214115603757,long_correlation
2022-07-12,0.4071,0.4668,0.48979999999999996,0.3574,0.2729,0.504382101224694,0.32029703663099146,0.529849309045865,-0.09728210122469394,0.08680296336900856,46,False,0.039681716000433465,0.09152823690466175,-1.496410527035417,long_correlation
2022-07-13,0.4073,0.46590000000000004,0.4879,0.35229999999999995,0.2682,0.5069857567439631,0.3142064758380881,0.5321159302524546,-0.09968575674396307,0.09309352416191191,46,False,0.03973045086155207,0.0914516913356769,-1.52447926953896,long_correlation
2022-07-14,0.4008,0.4675,0.49079999999999996,0.3488,0.264,0.5074453237258268,0.33332360349879797,0.5317814557283225,-0.10664532372582686,0.06747639650120202,46,False,0.039587005476756434,0.09164246727287806,-1.5956830228845367,long_correlation
2022-07-15,0.3586,0.4518,0.48450000000000004,0.3394,0.24230000000000002,0.5102224632583329,0.3181795281374352,0.5338661763926004,-0.1516224632583329,0.040420471862564755,46,False,0.03946925273925697,0.09181173959323286,-2.081342939848562,long_correlation
2022-07-18,0.3722,0.4542,0.48590000000000005,0.3457,0.253,0.5143232115319035,0.29431822923008677,0.5395565401561825,-0.14212321153190355,0.0778817707699132,46,False,0.03909400064711745,0.0923992106182901,-1.9612419951036864,long_correlation
2022-07-19,0.374,0.46240000000000003,0.48719999999999997,0.3345,0.245,0.5190835515196475,0.2695889988225274,0.5449095745931942,-0.14508355151964747,0.1044110011774726,46,False,0.03860099396725552,0.09303370648480323,-1.9743870520401903,long_correlation
2022-07-20,0.3771,0.4514,0.47609999999999997,0.33149999999999996,0.23879999999999998,0.5046438918613317,0.2695669660199946,0.5322232450881527,-0.12754389186133175,0.10753303398000541,46,False,0.037784856177505335,0.09373952743322404,-1.7637036644611854,long_correlation
2022-07-21,0.3497,0.4353,0.46340000000000003,0.32630000000000003,0.2311,0.5055993954377328,0.2858176705974592,0.532922763052636,-0.1558993954377328,0.0638823294025408,46,False,0.03726366687596454,0.09429274870022684,-2.048546308982852,long_correlation
2022-07-22,0.3232,0.42829999999999996,0.4549,0.3275,0.2303,0.49562372387644704,0.3477005381940416,0.5208354473263891,-0.17242372387644705,-0.024500538194041632,46,False,0.03684560786739203,0.09491511580945658,-2.2048051035827654,long_correlation
2022-07-25,0.3261,0.41600000000000004,0.4511,0.3357,0.2336,0.5002449257696809,0.35307381718881664,0.5249521596889054,-0.17414492576968094,-0.02697381718881664,46,False,0.03635221785811322,0.09567847524210188,-2.2000470126134286,long_correlation
2022-07-26,0.3455,0.4203,0.4545,0.3397,0.2469,0.49025215332223143,0.36927096241254076,0.5167734746586894,-0.14475215332223146,-0.023770962412540786,46,False,0.036038466690619685,0.09623918030754511,-1.8785552769164353,long_correlation
2022-07-27,0.3971,0.4443,0.4706,0.2993,0.2324,0.47694765517206095,0.37169511778145153,0.5063478606543202,-0.07984765517206094,0.025404882218548475,46,False,0.03580261622832164,0.0966098824196214,-1.1970853136748472,long_correlation
2022-07-28,0.3837,0.4253,0.4606,0.2807,0.22329999999999997,0.4797869878211584,0.48842235932578976,0.5076482533991862,-0.09608698782115843,-0.10472235932578977,46,False,0.035641951008507734,0.0967689134077852,-1.361273307622656,long_correlation
2022-07-29,0.395,0.4336,0.46,0.2626,0.2133,0.46986360942016736,0.5187690793378454,0.49712741497090324,-0.07486360942016734,-0.12376907933784542,46,False,0.03532219179861457,0.09707126262772087,-1.1351021737644102,long_correlation
2022-08-01,0.41859999999999997,0.4425,0.4668,0.2773,0.2284,0.45218738322378066,0.5383835804220136,0.48101762355152605,-0.03358738322378069,-0.11978358042201365,46,False,0.03505014009674097,0.097284231413486,-0.7055359570945513,no_trade
2022-08-02,0.45130000000000003,0.46009999999999995,0.4802,0.2814,0.23929999999999998,0.4383076165558326,0.5483023433104175,0.462767937542033,0.012992383444167421,-0.09700234331041746,46,False,0.0347859632287449,0.09738020326058018,-0.22379887343488009,no_trade
2022-08-03,0.41840000000000005,0.4346,0.4594,0.2753,0.2195,0.44011325785181243,0.537025750476594,0.4641653546187676,-0.021713257851812384,-0.1186257504765939,46,False,0.0344687696362989,0.09732023656045696,-0.5772902889853753,no_trade
2022-08-04,0.391,0.4236,0.4535,0.2776,0.2144,0.4348222570715403,0.5606171928736315,0.45458550032813255,-0.043822257071540305,-0.16961719287363153,46,False,0.03428900611383632,0.09738223466451175,-0.8021099891009391,no_trade
2022-08-05,0.397,0.4336,0.4633,0.2666,0.2115,0.43740162124378246,0.559497219159005,0.4572837310166963,-0.04040162124378244,-0.16249721915900495,46,False,0.034042356660406406,0.09750144884544722,-0.7635166326829919,no_trade
2022-08-08,0.3849,0.4335,0.46619999999999995,0.2725,0.21289999999999998,0.439548284675739,0.577877869176986,0.45847883879657575,-0.054648284675738956,-0.192977869176986,46,False,0.03377719211566296,0.09761306140010985,-0.9058775078157973,long_correlation
2022-08-09,0.40049999999999997,0.4354,0.46840000000000004,0.278,0.2177,0.43977248399235586,0.5894053799701304,0.45846926916411757,-0.03927248399235589,-0.18890537997013046,46,False,0.03348898160897675,0.09776698768335385,-0.7442334813157108,no_trade
2022-08-10,0.3788,0.4194,0.4582,0.2561,0.1974,0.44158633763704563,0.582080927157803,0.4592704581404351,-0.06278633763704561,-0.203280927157803,46,False,0.03316917984168973,0.09787302786453708,-0.9804081836677649,long_correlation
2022-08-11,0.38049999999999995,0.41159999999999997,0.4525,0.259,0.20199999999999999,0.44036136053259034,0.6014600971426965,0.4584595277574172,-0.05986136053259039,-0.2209600971426966,46,False,0.0326864423988386,0.09804564478619858,-0.9439256902562234,long_correlation
2022-08-12,0.3602,0.41729999999999995,0.45039999999999997,0.24969999999999998,0.1953,0.44736577357818763,0.6794459938158947,0.4668688508411471,-0.08716577357818761,-0.31924599381589464,46,False,0.03229869581444814,0.09821820170640183,-1.2163170096490281,long_correlation
2022-08-15,0.3862,0.41490000000000005,0.44799999999999995,0.2576,0.19949999999999998,0.42077571376641126,0.6791133098342713,0.44248391898227357,-0.034575713766411276,-0.29291330983427133,46,False,0.03183919080640101,0.09850588369221572,-0.6742227172980596,no_trade
2022-08-16,0.4008,0.41240000000000004,0.4451,0.2541,0.19690000000000002,0.4261979897490939,0.654277196012146,0.44962355472782123,-0.025397989749093908,-0.25347719601214597,46,False,0.031670962578623715,0.09858324025692031,-0.578891018179041,no_trade
2022-08-17,0.4079,0.4167,0.4514,0.25989999999999996,0.19899999999999998,0.43109752691459,0.6400136654640499,0.4541556082614112,-0.02319752691459004,-0.23211366546404993,46,False,0.031474748126695554,0.09864765915154929,-0.5542176622487747,no_trade
2022-08-18,0.4096,0.4129,0.4445,0.25429999999999997,0.1956,0.4256779652037504,0.648695125967803,0.4499154422842546,-0.016077965203750377,-0.23909512596780297,46,False,0.031151872902272518,0.09869309008864284,-0.4785526328500063,no_trade
2022-08-19,0.4032,0.4374,0.4645,0.25579999999999997,0.20600000000000002,0.43434661905460414,0.6539540629651835,0.46023742281772967,-0.03114661905460414,-0.25075406296518354,46,False,0.030413058765472144,0.09834501969561461,-0.6259562305301093,no_trade
2022-08-22,0.4669,0.457,0.4757,0.26,0.23800000000000002,0.4448925119526354,0.6464890793274038,0.47013315406951306,0.022007488047364576,-0.17958907932740387,46,False,0.02953785956285728,0.09790486581600201,-0.07691519162740028,no_trade
2022-08-23,0.4911,0.4575,0.47909999999999997,0.2605,0.24109999999999998,0.440403763012718,0.6367251655756389,0.4629596747408546,0.050696236987281984,-0.14562516557563887,46,False,0.02937723182023473,0.09788379760279572,0.2177991219094093,no_trade
2022-08-24,0.4661,0.4335,0.466,0.2633,0.22820000000000001,0.4333627734924525,0.6312984481619683,0.45510740313490367,0.03273722650754751,-0.16519844816196833,46,False,0.02941723212534044,0.09789046808843264,0.03391540000817896,no_trade
2022-08-25,0.46520000000000006,0.428,0.4604,0.25129999999999997,0.21780000000000002,0.4371611830723044,0.615445047441677,0.4595233196247289,0.028038816927695664,-0.150245047441677,46,False,0.02923494034867302,0.09784113524454281,-0.012225158855605869,no_trade
2022-08-26,0.49119999999999997,0.4521,0.4753,0.2615,0.2556,0.4641422957734023,0.5603130904153821,0.4886652784537035,0.027057704226597645,-0.06911309041538216,46,False,0.029227772541637498,0.0978411565300432,-0.02217950392249819,no_trade
2022-08-29,0.51,0.45909999999999995,0.48210000000000003,0.2697,0.2621,0.4630054926917117,0.5887147943171869,0.4859359483896655,0.0469945073082883,-0.07871479431718686,46,False,0.028928579499680956,0.09773155951382972,0.18485254812751542,no_trade
2022-08-30,0.5103,0.4562,0.4806,0.2727,0.2621,0.4648582850320599,0.5913087886995688,0.48649672898866436,0.04544171496794008,-0.08100878869956885,46,False,0.02903637662259178,0.0977364646601209,0.16785279068971812,no_trade
2022-08-31,0.5032,0.45289999999999997,0.4802,0.27940000000000004,0.2587,0.4672485779479829,0.5865965699865681,0.4885980090560506,0.03595142205201707,-0.08339656998656808,46,False,0.02914705622754288,0.09773919824597,0.06961757356910533,no_trade
2022-09-01,0.4924,0.45270000000000005,0.4802,0.2869,0.2556,0.4636549383111969,0.6416121486842418,0.4835945978102106,0.028745061688803086,-0.14921214868424176,46,False,0.029190510605389457,0.09773978181798612,-0.004557498577354085,no_trade
2022-09-02,0.4685,0.451,0.4768,0.2852,0.2547,0.46486907172369335,0.6730799700294153,0.4846163816100781,0.0036309282763066775,-0.2045799700294153,46,False,0.029156452311853952,0.09773843037527201,-0.26116159158215085,no_trade
2022-09-06,0.5063,0.4696,0.485,0.29510000000000003,0.2691,0.4548126877389206,0.6699329461559442,0.4744677757634106,0.05148731226107939,-0.16363294615594426,46,False,0.029039274504876693,0.09775131182430977,0.22964436320352372,no_trade
2022-09-07,0.48219999999999996,0.4546,0.47590000000000005,0.2703,0.2464,0.4487295897565048,0.6600288886418956,0.4628671555193672,0.033470410243495174,-0.1778288886418956,46,False,0.029168592906791174,0.0977593992648485,0.044004130232527035,no_trade
2022-09-08,0.46380000000000005,0.4415,0.46659999999999996,0.27190000000000003,0.2361,0.4237790779698993,0.6636643114495633,0.43531608632447105,0.04002092203010077,-0.19986431144956324,46,False,0.02898470216105995,0.09770732945004933,0.11295181161084582,no_trade
2022-09-09,0.4619,0.4489,0.47159999999999996,0.25,0.2279,0.4295620827870279,0.6469832088723949,0.44273522278454064,0.03233791721297208,-0.18508320887239493,46,False,0.028914406175909624,0.09769293349990421,0.03504358927931887,no_trade
2022-09-12,0.4975,0.45130000000000003,0.4685,0.2544,0.23870000000000002,0.42888714564958064,0.6276318710800267,0.4414005537081293,0.06861285435041936,-0.13013187108002672,46,False,0.0286021508474145,0.0975550925408905,0.41013444260979265,no_trade
2022-09-13,0.5132,0.4732,0.4877,0.2781,0.2727,0.4673849319194595,0.5540261152030619,0.4771142102714214,0.04581506808054048,-0.0408261152030619,46,False,0.028239232831311037,0.09723365625813708,0.18075876116978365,no_trade
2022-09-14,0.5159,0.4802,0.4849,0.2703,0.2616,0.46731930589443954,0.5958753742450061,0.47913429664738044,0.048580694105560485,-0.07997537424500611,46,False,0.02793578442428126,0.09705815474567021,0.21270659570416156,no_trade
2022-09-15,0.5129,0.4744,0.4878,0.2758,0.2627,0.44550314204308045,0.6193496910153639,0.4633344757179193,0.06739685795691958,-0.10644969101536383,46,False,0.02744066217777325,0.09663069594604302,0.4134938218954483,no_trade
2022-09-16,0.5002,0.4765,0.4875,0.2905,0.263,0.4457872762949296,0.6542232059861932,0.46523457507920324,0.05441272370507039,-0.15402320598619323,46,False,0.0271840001637539,0.09643737001179313,0.2823461852805271,no_trade
2022-09-19,0.4874,0.47619999999999996,0.47659999999999997,0.2846,0.2576,0.45070748359951895,0.6576190849224814,0.4723802992405626,0.036692516400481046,-0.17021908492248145,46,False,0.026804328641805056,0.096139443789184,0.10285255841877923,no_trade
2022-09-20,0.5246999999999999,0.49329999999999996,0.4984,0.2908,0.2716,0.43875221370512607,0.6456580892528088,0.4594847423146492,0.08594778629487387,-0.12095808925280882,46,False,0.02623255713772607,0.09564726381478562,0.624327626065522,no_trade
2022-09-21,0.5394,0.5075999999999999,0.5097999999999999,0.2929,0.2799,0.4463829093329144,0.6289308891622162,0.46667517910045375,0.09301709066708558,-0.08953088916221619,46,False,0.025649838393857167,0.09482761310080155,0.7104180952189229,no_trade
2022-09-22,0.519,0.4964,0.5052,0.2984,0.2735,0.4372225623142739,0.6507054526661421,0.45733274758322445,0.0817774376857261,-0.1317054526661421,46,False,0.024995523182940783,0.09378175790867971,0.605468651569497,no_trade
2022-09-23,0.49950000000000006,0.5008,0.5136999999999999,0.3086,0.2992,0.445702013995726,0.6438039119366846,0.4652204276793993,0.053797986004274045,-0.14430391193668457,46,False,0.024595981491895076,0.09332157127027464,0.31291805436714254,no_trade
2022-09-26,0.5092,0.5222,0.5312,0.32,0.3226,0.4508662117706374,0.6360090294560865,0.46958404515333413,0.05833378822936258,-0.12680902945608652,46,False,0.024424882159424562,0.0932279297555756,0.36372046616116194,no_trade
2022-09-27,0.499,0.5101,0.5215,0.3189,0.326,0.4492297669945111,0.612389429815691,0.4710352272338923,0.049770233005488884,-0.113389429815691,46,False,0.024485107513030544,0.09324497948933656,0.2711687603014587,no_trade
2022-09-28,0.45840000000000003,0.4885,0.5046,0.3189,0.3018,0.46620151598415216,0.5841405722960568,0.4870860160552028,-0.00780151598415213,-0.12574057229605673,46,False,0.024515775302286717,0.09325204747720481,-0.34655851705924967,no_trade
2022-09-29,0.4523,0.49119999999999997,0.5111,0.33659999999999995,0.3184,0.47275611919479443,0.5682653626125521,0.49522387545319313,-0.020456119194794453,-0.11596536261255214,46,False,0.023989809443768936,0.09305808184813372,-0.477614923452828,no_trade
2022-09-30,0.42950000000000005,0.48469999999999996,0.5009,0.3283,0.31620000000000004,0.47321346507605105,0.5600918415805031,0.4938113441664118,-0.043713465076051006,-0.13059184158050302,46,False,0.023414430133174898,0.09288199331819531,-0.7227223793449289,no_trade
2022-10-03,0.4547,0.4894,0.5077,0.3287,0.301,0.49285543067868587,0.5335954908790003,0.5091868810625587,-0.038155430678685875,-0.07889549087900027,46,False,0.02271417245353615,0.09271945498331544,-0.6564922447308962,no_trade
2022-10-04,0.4672,0.4914,0.5089,0.31579999999999997,0.2907,0.512110404427895,0.524711021691192,0.5256611137904889,-0.04491040442789501,-0.05751102169119199,46,False,0.02234836042285419,0.09277724652697959,-0.7249489219448907,no_trade
2022-10-05,0.44420000000000004,0.4805,0.5052,0.32539999999999997,0.28550000000000003,0.5114422009613404,0.5208320958517897,0.5247177061078739,-0.06724220096134037,-0.07663209585178965,46,False,0.021853465232257886,0.09280217039515408,-0.9600601560742229,long_correlation
2022-10-06,0.4619,0.49770000000000003,0.5144,0.3296,0.30519999999999997,0.5143891097606721,0.5192311668368434,0.5250506898959403,-0.052489109760672115,-0.05733116683684347,46,False,0.021332588862593257,0.09293284031554892,-0.7943553470722233,no_trade
2022-10-07,0.4462,0.5063,0.5251,0.3406,0.3136,0.5274388776407263,0.48140284377098613,0.5396925214457264,-0.08123887764072629,-0.03520284377098615,46,False,0.020911711661914086,0.09302637126692181,-1.0980820590060243,long_correlation
2022-10-10,0.4689,0.5138,0.5299,0.3529,0.3245,0.5214835004987769,0.4817123806203427,0.535215473044684,-0.052583500498776914,-0.012812380620342734,46,False,0.02049643498718622,0.0932484874249176,-0.7837117523735286,no_trade
2022-10-11,0.4988,0.5234000000000001,0.5335,0.3569,0.33630000000000004,0.5181762983156253,0.5098258983155581,0.5343114025916551,-0.019376298315625262,-0.011025898315558114,46,False,0.020299600176663348,0.09335053886467154,-0.4250205620109595,no_trade
2022-10-12,0.4903,0.515,0.5273,0.3607,0.3357,0.5095601152036333,0.5603623122758734,0.5241833213474938,-0.0192601152036333,-0.0700623122758734,46,False,0.02009389698332213,0.09338074219341548,-0.42143606125386296,no_trade
2022-10-13,0.48460000000000003,0.5158,0.5227,0.35600000000000004,0.3194,0.5304731643346827,0.5113136971840012,0.539838934036265,-0.04587316433468269,-0.026713697184001184,46,False,0.019887883280365105,0.09341018161449303,-0.7040029949459455,no_trade
2022-10-14,0.4685,0.5157,0.528,0.3588,0.32020000000000004,0.5360646478737668,0.48951701965289357,0.5473643443764747,-0.06756464787376681,-0.021017019652893543,46,False,0.019609227912723643,0.0935015185058496,-0.9323257758753588,long_correlation
2022-10-17,0.49119999999999997,0.5252,0.5324,0.3556,0.31370000000000003,0.5543882706962887,0.46503105300976294,0.5628349318103948,-0.06318827069628874,0.02616894699023703,46,False,0.019479855210346814,0.09359983044855412,-0.8832080732461687,no_trade
2022-10-18,0.47759999999999997,0.5129,0.5234000000000001,0.353,0.305,0.5564168833074401,0.4648847223640261,0.5643875354398253,-0.07881688330744013,0.012715277635973854,46,False,0.019499873313577533,0.09358153433508289,-1.050599964187161,long_correlation
2022-10-19,0.483,0.5176,0.5246999999999999,0.35359999999999997,0.30760000000000004,0.5620982622270638,0.46256848191556765,0.5662875760401744,-0.07909826222706384,0.020431518084432332,46,False,0.01944008590909882,0.09363972796482997,-1.0523134814442494,long_correlation
2022-10-20,0.4861,0.5163,0.5272,0.3435,0.2998,0.5575767149672867,0.46941281344506386,0.5596489116025158,-0.07147671496728669,0.016687186554936118,46,False,0.019429813803367727,0.09365043678143516,-0.9707005316250198,long_correlation
2022-10-21,0.5052,0.5383,0.5404,0.33240000000000003,0.2969,0.5682124338705421,0.4538146983541691,0.5682776135072133,-0.06301243387054212,0.05138530164583088,46,False,0.019487490000074863,0.0935896964257001,-0.8815064801082332,no_trade
2022-10-24,0.5229,0.5321,0.5371,0.33880000000000005,0.2985,0.582839671905909,0.463171193485446,0.5842443959982632,-0.05993967190590899,0.059728806514554034,46,False,0.019620059425521016,0.09344841407483269,-0.851375939539426,no_trade
2022-10-25,0.5075999999999999,0.5309,0.5332,0.3321,0.2846,0.5858929252511289,0.46469851429756714,0.5872840461058532,-0.07829292525112896,0.042901485702432796,46,False,0.019743841909144792,0.09332169888927322,-1.0505248867853874,long_correlation
2022-10-26,0.5057,0.512,0.5213,0.3225,0.2728,0.5717382389601274,0.4832583843316179,0.5731881630287161,-0.0660382389601274,0.022441615668382153,46,False,0.01986268837996704,0.09317701575702159,-0.9219111241349363,long_correlation
2022-10-27,0.48109999999999997,0.5122,0.5192,0.3333,0.27390000000000003,0.5575167717551052,0.5138243421590781,0.5467639123521231,-0.0764167717551052,-0.03272434215907816,46,False,0.01989456987921091,0.09314611619091531,-1.0339812927563534,long_correlation
2022-10-28,0.5547,0.5292,0.5191,0.2922,0.2575,0.5645419105039672,0.5027084815264751,0.5521356232553958,-0.00984191050396721,0.0519915184735249,46,False,0.019614479440086173,0.09332973046917432,-0.31561636143139266,no_trade
2022-10-31,0.5384,0.5201,0.5223,0.29760000000000003,0.2588,0.565384940676012,0.5241277136514938,0.5535648522473363,-0.02698494067601198,0.014272286348506191,46,False,0.0198014930703937,0.09322281642745305,-0.5018774967265162,no_trade
2022-11-01,0.5529999999999999,0.5203,0.5197999999999999,0.298,0.2581,0.5637463513798242,0.5154690285688435,0.5518423360607091,-0.01074635137982427,0.03753097143115647,46,False,0.019945150490786802,0.0931222606711776,-0.3295828693311614,no_trade
2022-11-02,0.5440999999999999,0.5206000000000001,0.5232,0.30260000000000004,0.2586,0.5712039722265481,0.4836121328544358,0.560910329276329,-0.027103972226548145,0.060487867145564145,46,False,0.0201475847330772,0.09299930512623278,-0.508085053920439,no_trade
2022-11-03,0.5236999999999999,0.5142,0.515,0.3097,0.253,0.5607573938268399,0.5159214777575651,0.5495686488429499,-0.037057393826839924,0.007778522242434804,46,False,0.02028779374219095,0.09290088451646637,-0.6172727834347651,no_trade
2022-11-04,0.49570000000000003,0.5017,0.5113,0.3037,0.2455,0.5648731565627563,0.5335825215214549,0.5533759035739759,-0.06917315656275624,-0.03788252152145488,46,False,0.020518883855504273,0.09268441208251176,-0.9677144020551449,long_correlation
2022-11-07,0.4806,0.49060000000000004,0.5073,0.311,0.24350000000000002,0.5628221459521231,0.5335997082914485,0.550491630639117,-0.08222214595212307,-0.05299970829144851,46,False,0.020670877784434504,0.09250490902585722,-1.1122979831026767,long_correlation
2022-11-08,0.5157,0.5083,0.5229,0.30820000000000003,0.2554,0.5647699476381675,0.5337455056073698,0.5516449468520636,-0.04906994763816741,-0.018045505607369727,46,False,0.020784559456324046,0.09236010075061214,-0.7563277489606731,no_trade
2022-11-09,0.5028,0.5003,0.5207999999999999,0.2978,0.2609,0.5654139094081707,0.5209631911912954,0.5520068604840327,-0.06261390940817069,-0.01816319119129539,46,False,0.020925498098686632,0.09222566793342182,-0.9058151529698308,long_correlation
2022-11-10,0.4617,0.4907,0.5045000000000001,0.2898,0.2353,0.5883420062915029,0.4278084764263685,0.5841388712544,-0.1266420062915029,0.03389152357363151,46,False,0.020932534549626524,0.09221920040694943,-1.6002582996806003,long_correlation
2022-11-11,0.3934,0.4581,0.4899,0.2915,0.22519999999999998,0.5788312302833554,0.46820720136662014,0.5775899703239562,-0.18543123028335534,-0.07480720136662011,46,False,0.020518738109636534,0.0926472125615502,-2.2229483510490824,long_correlation
2022-11-14,0.4597,0.4512,0.4864,0.3028,0.2373,0.5758937266660925,0.47958783072228234,0.5740043883224167,-0.11619372666609251,-0.01988783072228234,46,False,0.01975317974270424,0.09354799225639897,-1.4532316849322608,long_correlation
2022-11-15,0.48369999999999996,0.4644,0.4891,0.3018,0.24539999999999998,0.5654866188710015,0.5443433179084134,0.564615724449617,-0.08178661887100153,-0.06064331790841343,46,False,0.019492664726058467,0.09383550738236011,-1.0793279263079811,long_correlation
2022-11-16,0.4685,0.45130000000000003,0.48109999999999997,0.3007,0.24109999999999998,0.5648391101970011,0.550213013630805,0.5649638914663061,-0.09633911019700103,-0.08171301363080496,46,False,0.01930909684194554,0.09398869338663722,-1.2304480770171955,long_correlation
2022-11-17,0.48219999999999996,0.46520000000000006,0.48869999999999997,0.29309999999999997,0.23929999999999998,0.5615661418922687,0.5581620034177307,0.5621094179195357,-0.07936614189226876,-0.07596200341773074,46,False,0.01901421859587333,0.09423515105872379,-1.0439879321341052,long_correlation
2022-11-18,0.475,0.4667,0.4888,0.2857,0.23120000000000002,0.559601414149577,0.5539524293898279,0.5595893175780942,-0.084601414149577,-0.07895242938982794,46,False,0.01877509350082098,0.0944085652439654,-1.0949907710519498,long_correlation
2022-11-21,0.447,0.4426,0.47619999999999996,0.2897,0.2236,0.5395236669683411,0.5829375050555015,0.5387988995783881,-0.09252366696834108,-0.13593750505550145,46,False,0.018525642510763805,0.09459889832729754,-1.173896434764932,long_correlation
2022-11-22,0.45049999999999996,0.4354,0.46840000000000004,0.2764,0.21289999999999998,0.5419761832185771,0.566728838246899,0.5417062218558114,-0.09147618321857715,-0.11622883824689906,46,False,0.018177878205806998,0.0948460728282014,-1.1561265338102618,long_correlation
2022-11-23,0.4239,0.4218,0.46270000000000006,0.2743,0.20350000000000001,0.5402230709432959,0.5705957429188375,0.5409342606195117,-0.11632307094329591,-0.14669574291883752,46,False,0.017788789500114116,0.09509465565638092,-1.410298607400352,long_correlation
2022-11-25,0.40240000000000004,0.4167,0.4606,0.2808,0.205,0.5382118711764361,0.5664035413113386,0.539735771517457,-0.13581187117643606,-0.1640035413113386,46,False,0.017392465584323096,0.09544539185251946,-1.6051517395149657,long_correlation
2022-11-28,0.4338,0.4285,0.4706,0.29469999999999996,0.22210000000000002,0.5441841794616258,0.5685733894195794,0.5466137011253412,-0.11038417946162576,-0.13477338941957934,46,False,0.016940736147085675,0.09590075785926665,-1.3276737165681154,long_correlation
2022-11-29,0.4366,0.4229,0.4678,0.2956,0.2189,0.541921232441444,0.5889919094357297,0.5450007223817487,-0.10532123244144398,-0.15239190943572967,46,False,0.01618879822311394,0.09615394057018177,-1.2637030780435776,long_correlation
2022-11-30,0.45189999999999997,0.41969999999999996,0.4583,0.28,0.20579999999999998,0.5489968308471677,0.5341801332901984,0.5556270362386347,-0.09709683084716769,-0.08228013329019845,46,False,0.015658896436928565,0.09645488950701256,-1.1689996003354353,long_correlation
2022-12-01,0.4168,0.402,0.4415,0.2865,0.1984,0.5418653791145753,0.540161253932319,0.5478337872556825,-0.12506537911457533,-0.12336125393231895,46,False,0.01480764162447178,0.09649981984664545,-1.449464060775751,long_correlation
2022-12-02,0.3921,0.40399999999999997,0.44299999999999995,0.27940000000000004,0.1906,0.5417431944927673,0.5298225139202217,0.5473045750904373,-0.1496431944927673,-0.13772251392022172,46,False,0.013529738690637009,0.09620978973444012,-1.6960117430232098,long_correlation
2022-12-05,0.4079,0.4119,0.44789999999999996,0.2945,0.2075,0.5425310262057504,0.5172952460809219,0.5463255604254862,-0.13463102620575046,-0.10939524608092194,46,False,0.012464739050055346,0.09652546074526284,-1.5239063778623279,long_correlation
2022-12-06,0.436,0.4301,0.4607,0.30210000000000004,0.2217,0.5443814161518233,0.5318790870933432,0.5486054197863562,-0.10838141615182334,-0.0958790870933432,46,False,0.011565963956150734,0.09683719965091366,-1.2386498219730622,long_correlation
2022-12-07,0.4559,0.4432,0.47229999999999994,0.27699999999999997,0.2268,0.5121519338142099,0.4963244537159592,0.5166467130685691,-0.05625193381420984,-0.04042445371595915,46,False,0.010878255259792661,0.09707186449496355,-0.6915514544122666,no_trade
2022-12-08,0.436,0.4341,0.46399999999999997,0.271,0.2229,0.5143161096344827,0.4922839542589357,0.5184030469311095,-0.07831610963448271,-0.056283954258935676,46,False,0.010656351855286926,0.09716146752189142,-0.9157175551071549,long_correlation
2022-12-09,0.4338,0.4409,0.4707,0.2675,0.22829999999999998,0.5211469075366388,0.48127155264014904,0.5263733069435098,-0.08734690753663882,-0.04747155264014902,46,False,0.010505574414458077,0.09727030979797383,-1.0059850961134207,long_correlation
2022-12-12,0.46759999999999996,0.45549999999999996,0.47479999999999994,0.26539999999999997,0.25,0.5281489932905401,0.45207961095714994,0.5331061368397502,-0.06054899329054014,0.015520389042850025,46,False,0.010205705746937447,0.09745559017853596,-0.7260199123298821,no_trade
2022-12-13,0.4698,0.42840000000000006,0.45399999999999996,0.2594,0.2255,0.528620105428658,0.44563417767241514,0.533387328356436,-0.05882010542865801,0.02416582232758485,46,False,0.01021813197779198,0.0974463308761732,-0.708474467798876,no_trade
2022-12-14,0.4303,0.40869999999999995,0.4465,0.26289999999999997,0.2114,0.5260325131365254,0.43306638736381853,0.531092177747851,-0.09573251313652542,-0.002766387363818512,46,False,0.010032408712691123,0.09753344068666653,-1.0843965013906796,long_correlation
2022-12-15,0.4454,0.4496,0.4816,0.2721,0.22829999999999998,0.5305370339226995,0.4173738872803702,0.5366401704082632,-0.08513703392269945,0.028026112719629792,46,False,0.009472112833988338,0.09773444860956446,-0.9680225151178596,long_correlation
2022-12-16,0.45280000000000004,0.4623,0.49219999999999997,0.2771,0.2262,0.5341900578195234,0.4003403109549551,0.5387242154536118,-0.08139005781952341,0.052459689045044944,46,False,0.009324872332913087,0.0978493086672561,-0.9270881050464997,long_correlation
2022-12-19,0.4526,0.46869999999999995,0.49810000000000004,0.2777,0.2242,0.531326170390316,0.418613675656873,0.536800099045544,-0.07872617039031604,0.033986324343126983,46,False,0.009087262153066511,0.09799707957927598,-0.8960821375533418,no_trade
2022-12-20,0.43770000000000003,0.4532,0.48700000000000004,0.2805,0.2148,0.5292045286457963,0.42342208262368125,0.5350215331329865,-0.09150452864579622,0.014277917376318783,46,False,0.00869153479649691,0.09815002379733785,-1.0208460432896072,long_correlation
2022-12-21,0.42700000000000005,0.436,0.4705,0.2712,0.2007,0.5340746640554163,0.4051690473225558,0.539252638194882,-0.10707466405541621,0.021830952677444226,46,False,0.008063306419554113,0.09828311758443836,-1.1714928596567094,long_correlation
2022-12-22,0.4218,0.45270000000000005,0.48119999999999996,0.29510000000000003,0.21969999999999998,0.5319956811448983,0.3810655593770803,0.5362836933324339,-0.11019568114489825,0.0407344406229197,46,False,0.0074490238071303234,0.09851771978310025,-1.194147664105898,long_correlation
2022-12-23,0.3948,0.4449,0.47229999999999994,0.2878,0.2087,0.5273863383270863,0.36657023711344056,0.5323063478201941,-0.13258633832708627,0.02822976288655943,46,False,0.007051915859012297,0.09879014597709983,-1.413483630426739,long_correlation
2022-12-27,0.3823,0.4439,0.4733,0.3126,0.2165,0.5224744182044694,0.3639951657295465,0.5304411020080719,-0.1401744182044694,0.018304834270453485,46,False,0.006732367372446195,0.09911182476233771,-1.4822326793920546,long_correlation
2022-12-28,0.3884,0.4512,0.4813,0.32159999999999994,0.2214,0.5142381623516757,0.35257386303836136,0.5212547833704658,-0.12583816235167572,0.035826136961638666,46,False,0.006524518465086516,0.09936544921945636,-1.3320795292177354,long_correlation
2022-12-29,0.36560000000000004,0.44909999999999994,0.4755,0.3107,0.2144,0.5030090962582154,0.33869798517354166,0.511979871423113,-0.1374090962582154,0.026902014826458376,46,False,0.006332530313444372,0.09957487898032968,-1.4435531134319022,long_correlation
2022-12-30,0.34950000000000003,0.4472,0.4696,0.313,0.2167,0.5054862572220529,0.3336540532239915,0.5142036739721346,-0.15598625722205284,0.015845946776008535,46,False,0.006093412931068181,0.09984813065686536,-1.6232619387749825,long_correlation
2023-01-03,0.3651,0.4414,0.46490000000000004,0.3251,0.22899999999999998,0.5011957126934251,0.31514490503770715,0.5121008172030562,-0.13609571269342513,0.049955094962292834,46,False,0.005741270078098703,0.10026343410919115,-1.4146431750687627,long_correlation
2023-01-04,0.34619999999999995,0.4233,0.4482,0.3243,0.22010000000000002,0.4840440005884329,0.319119617465886,0.4969358464502886,-0.13784400058843294,0.027080382534113934,46,False,0.005500847620626524,0.10053132406790809,-1.4258724784349919,long_correlation
2023-01-05,0.34950000000000003,0.4303,0.4507,0.32380000000000003,0.22460000000000002,0.48549062201648957,0.3049591962583218,0.4978609019115818,-0.13599062201648954,0.044540803741678237,46,False,0.005353847076930315,0.10071429721673784,-1.4034201002191935,long_correlation
2023-01-06,0.3247,0.4168,0.43700000000000006,0.3111,0.2113,0.49444353881390646,0.2614269410157734,0.5067963706042691,-0.16974353881390647,0.06327305898422658,46,False,0.005203425713301145,0.10089754307366872,-1.733907082350587,long_correlation
2023-01-09,0.3448,0.428,0.4471,0.3207,0.21969999999999998,0.49051598669333474,0.2786261328870038,0.5009803061641991,-0.14571598669333474,0.06617386711299622,46,False,0.0046353173184427434,0.1014785862745914,-1.481606213994164,long_correlation
2023-01-10,0.314,0.3972,0.4229,0.32270000000000004,0.20579999999999998,0.4775271292411991,0.28004402560492636,0.4909650927346144,-0.1635271292411991,0.03395597439507364,46,False,0.004090607102573016,0.10191656058632159,-1.6446565247048617,long_correlation
2023-01-11,0.3164,0.39149999999999996,0.4138,0.3237,0.2109,0.46966319662244665,0.2707321628922409,0.4850941960029178,-0.15326319662244664,0.045667837107759124,46,False,0.0035755970097381784,0.10243510588139057,-1.5311039343659016,long_correlation
2023-01-12,0.253,0.36200000000000004,0.3946,0.3195,0.1883,0.4574105003426815,0.2879696766179856,0.47140734844994286,-0.2044105003426815,-0.03496967661798561,46,False,0.0030621541652005634,0.10289648002520371,-2.0163241197081105,long_correlation
2023-01-13,0.2489,0.36590000000000006,0.39840000000000003,0.304,0.18350000000000002,0.45538755703811906,0.29140645874916793,0.4701087595932615,-0.20648755703811905,-0.04250645874916792,46,False,0.0023088450559605885,0.10371774176074956,-2.0131213671786243,long_correlation
2023-01-17,0.28309999999999996,0.3643,0.3996,0.3145,0.1936,0.453818524512627,0.2903383941986999,0.46852490843504924,-0.17071852451262703,-0.007238394198699927,46,False,0.0015880752286356458,0.10453515171356056,-1.6483125237470777,long_correlation
2023-01-18,0.3143,0.3901,0.4207,0.3129,0.2034,0.46979505869954546,0.23981697879650418,0.47759211111557387,-0.15549505869954544,0.07448302120349584,46,False,0.0007942691087141806,0.10508180766796928,-1.487310993945713,long_correlation
2023-01-19,0.3064,0.3868,0.4113,0.3204,0.2052,0.4580629171586925,0.22875121951328206,0.46879832843341723,-0.1516629171586925,0.07764878048671794,46,False,0.00014215079734417618,0.1055405972969376,-1.4383571046972037,long_correlation
2023-01-20,0.3123,0.38420000000000004,0.4043,0.3056,0.1985,0.45936103712538645,0.25821504356021485,0.4726194573683827,-0.14706103712538643,0.05408495643978517,46,False,-0.0007376024634175966,0.10587913088079831,-1.3819856041952578,long_correlation
2023-01-23,0.2966,0.3778,0.402,0.3018,0.1981,0.45675656529256137,0.252556082976583,0.4701356691738851,-0.1601565652925614,0.04404391702341698,46,False,-0.001740148253654426,0.10606435885132899,-1.4935876552175282,long_correlation
2023-01-24,0.2814,0.3593,0.38280000000000003,0.3049,0.192,0.4640356266738165,0.2565152144812895,0.4785002390921687,-0.1826356266738165,0.024884785518710484,46,False,-0.0029538741704224665,0.10612041082855417,-1.6931874942859386,long_correlation
2023-01-25,0.2923,0.3652,0.3858,0.2991,0.19079999999999997,0.47226781618683505,0.26519004187560713,0.49764415713856597,-0.17996781618683505,0.027109958124392874,46,False,-0.0042062056921073,0.10637202377870407,-1.6523292897047959,long_correlation
2023-01-26,0.3007,0.36200000000000004,0.3834,0.2864,0.1873,0.46008447745879044,0.2721937911651848,0.48968971748451845,-0.15938447745879042,0.02850620883481525,46,False,-0.005330490764520779,0.10672733451754944,-1.443435155489039,long_correlation
2023-01-27,0.2741,0.3368,0.36590000000000006,0.2979,0.18510000000000001,0.45509261692533415,0.27947349404306615,0.4840139919667389,-0.18099261692533414,-0.00537349404306614,46,False,-0.006482419501441979,0.10681761602499844,-1.6337211399948457,long_correlation
2023-01-30,0.2966,0.3443,0.37,0.3084,0.19940000000000002,0.4576257579991139,0.2755007437629289,0.48792454913993566,-0.16102575799911395,0.021099256237071096,46,False,-0.007828162837993107,0.1068716587002637,-1.4334726065287768,long_correlation
2023-01-31,0.2905,0.3379,0.366,0.3005,0.19399999999999998,0.4467444505506596,0.26180719554855214,0.47818945765083304,-0.1562444505506596,0.02869280445144784,46,False,-0.009202869380034425,0.10660395938995393,-1.3793257024605596,long_correlation
2023-02-01,0.2618,0.3261,0.3569,0.29600000000000004,0.1787,0.44893572490124073,0.28748753873605065,0.48036621691869835,-0.18713572490124075,-0.025687538736050675,46,False,-0.010391787534722315,0.10656636897388858,-1.6585339171106142,long_correlation
2023-02-02,0.24309999999999998,0.313,0.3507,0.31489999999999996,0.1873,0.43172719794041464,0.32245904174971407,0.4599612162237874,-0.18862719794041466,-0.07935904174971409,46,False,-0.011515405200390703,0.10693207814770835,-1.6563017927639483,long_correlation
2023-02-03,0.2789,0.3325,0.3569,0.285,0.1833,0.4279302063155549,0.3525494659529087,0.45682742204832494,-0.14903020631555491,-0.07364946595290872,46,False,-0.012469492646578416,0.10743629261058762,-1.271085499608153,long_correlation
2023-02-06,0.3124,0.34340000000000004,0.36619999999999997,0.2868,0.1943,0.42425476710286986,0.35492691898168327,0.45416363885588956,-0.11185476710286985,-0.04252691898168326,46,False,-0.013147468812771604,0.10775764161629837,-0.9160120508350911,long_correlation
2023-02-07,0.2991,0.3293,0.3522,0.2858,0.1866,0.41505792528611013,0.3728829449674335,0.4504737519119504,-0.11595792528611015,-0.07378294496743354,46,False,-0.013992538445551053,0.10769310624574478,-0.9468144284731131,long_correlation
2023-02-08,0.3141,0.33759999999999996,0.35840000000000005,0.2868,0.1963,0.3584243869799321,0.3700818354965455,0.37908621366697437,-0.04432438697993213,-0.05598183549654551,46,False,-0.01485621136294016,0.10763439940764806,-0.2737802763722959,no_trade
2023-02-09,0.332,0.34990000000000004,0.36579999999999996,0.2955,0.2071,0.3680097817799499,0.3616397893946901,0.38644583609525807,-0.0360097817799499,-0.029639789394690086,46,False,-0.015446341668211967,0.10738539656160839,-0.19149196045423572,no_trade
2023-02-10,0.3375,0.35869999999999996,0.37450000000000006,0.28850000000000003,0.2053,0.3677072083541477,0.40232064053796,0.38465610184510135,-0.030207208354147697,-0.06482064053796,46,False,-0.015946285149311838,0.10718572101993244,-0.13304872206050536,no_trade
2023-02-13,0.34049999999999997,0.3371,0.36329999999999996,0.2974,0.2034,0.37589598641801714,0.3564091273198151,0.3907111610234015,-0.03539598641801717,-0.01590912731981514,46,False,-0.016290490683008464,0.10709127445682723,-0.1784038506583549,no_trade
2023-02-14,0.319,0.3243,0.3569,0.2913,0.1891,0.37716773410446014,0.3769601187454121,0.38954841846085236,-0.058167734104460134,-0.05796011874541207,46,False,-0.017033202263257653,0.10656884102379287,-0.3859902335995065,no_trade
2023-02-15,0.3064,0.3132,0.34630000000000005,0.28190000000000004,0.18230000000000002,0.3800375661651515,0.38202713412896494,0.39179363643651977,-0.07363756616515149,-0.07562713412896493,46,False,-0.017868689783022067,0.10605950654365032,-0.5258262856350076,no_trade
2023-02-16,0.3427,0.34090000000000004,0.37229999999999996,0.27949999999999997,0.20170000000000002,0.3825259846226266,0.387181440794043,0.39691163811856706,-0.0398259846226266,-0.04448144079404298,46,False,-0.018879051831760942,0.10536822144953331,-0.198797441037745,no_trade
2023-02-17,0.3475,0.35259999999999997,0.37920000000000004,0.2732,0.2002,0.3826341630729604,0.39872593051928845,0.3972914653857153,-0.03513416307296041,-0.051225930519288476,46,False,-0.019694979845701337,0.10472668124687706,-0.14742358913163278,no_trade
2023-02-21,0.4326,0.3803,0.4032,0.2707,0.22870000000000001,0.3836342391772892,0.39347129446059614,0.3992623362964946,0.04896576082271076,0.03912870553940384,46,False,-0.020340562961258836,0.10431599549725665,0.6643882700212762,no_trade
2023-02-22,0.42810000000000004,0.3746,0.39880000000000004,0.2686,0.2229,0.38259594077272907,0.38362353758702894,0.3984681576522745,0.045504059227270965,0.044476462412971096,46,False,-0.020938308541751695,0.10347890958177743,0.6420860834111758,no_trade
2023-02-23,0.40619999999999995,0.35450000000000004,0.3809,0.2609,0.2114,0.3811033422930365,0.3880394122347484,0.39523773414324875,0.025096657706963454,0.018160587765251535,46,False,-0.021531147962705686,0.10266215601296312,0.4541868930142229,no_trade
2023-02-24,0.4226,0.38,0.40159999999999996,0.2607,0.2167,0.3744531540918582,0.3750702233914753,0.3885776052960461,0.04814684590814178,0.0475297766085247,46,False,-0.02233808364083276,0.10148187584508567,0.6945568256598975,no_trade
2023-02-27,0.4021,0.3557,0.3825,0.2661,0.2095,0.3757858353421022,0.3755464150012861,0.3894979961438146,0.02631416465789782,0.02655358499871391,46,False,-0.023163705453427313,0.10004286459672224,0.49456670708873535,no_trade
2023-02-28,0.4193,0.3547,0.3811,0.265,0.207,0.3491427751450954,0.3872605821835507,0.36005958463700566,0.07015722485490461,0.03203941781644931,46,False,-0.023988178550872978,0.09876234076725175,0.9532520460166628,short_correlation
2023-03-01,0.41969999999999996,0.3588,0.38909999999999995,0.2662,0.20579999999999998,0.35491282937717056,0.3911888832174067,0.3653576965186133,0.0647871706228294,0.02851111678259327,46,False,-0.024510484927987887,0.09790795816756918,0.9120571731052199,short_correlation
2023-03-02,0.40549999999999997,0.35259999999999997,0.38420000000000004,0.2589,0.1959,0.3573751393639032,0.4036000079704942,0.36635449298004613,0.04812486063609678,0.0018999920295057482,46,False,-0.025121016815798404,0.0968597669926253,0.7562053856424408,short_correlation
2023-03-03,0.3751,0.33990000000000004,0.37060000000000004,0.2492,0.18489999999999998,0.3547010821850125,0.3929861489706367,0.36410414798782575,0.020398917814987483,-0.017886148970636728,46,False,-0.026027692386156612,0.09507709956136043,0.48830486431889414,no_trade
2023-03-06,0.3776,0.3432,0.37579999999999997,0.2546,0.1861,0.34542942576028374,0.39827347242208394,0.3532260346101765,0.032170574239716254,-0.02067347242208395,46,False,-0.026902424199325134,0.09361492373967387,0.631021167130496,no_trade
2023-03-07,0.4154,0.3593,0.3847,0.256,0.1959,0.35374963418192573,0.35173982249304986,0.3583041613096539,0.06165036581807426,0.06366017750695013,46,False,-0.027788902421650885,0.09197278011035882,0.9724536774076668,short_correlation
2023-03-08,0.4003,0.34619999999999995,0.3735,0.24739999999999998,0.1911,0.35013511206144765,0.35178327746828186,0.3541554053940572,0.05016488793855234,0.048516722531718126,46,False,-0.028387519646770366,0.09088709492686518,0.864285602356771,short_correlation
2023-03-09,0.45189999999999997,0.39189999999999997,0.4086,0.25780000000000003,0.2261,0.3560311623137011,0.2933690866261911,0.3600675982304606,0.09586883768629889,0.15853091337380887,46,False,-0.029262551320194143,0.08903906844087568,1.405353753106521,short_correlation
2023-03-10,0.4575,0.414,0.42100000000000004,0.2676,0.248,0.3427437786148548,0.2772745017344442,0.35075480022428673,0.11475622138514524,0.18022549826555584,46,False,-0.029851363797887293,0.08770374098526913,1.6488188936811838,short_correlation
2023-03-13,0.51,0.4228,0.4315,0.2733,0.2652,0.3351942468095588,0.29080945779971995,0.34347914180118067,0.17480575319044123,0.21919054220028006,46,False,-0.03033286144130137,0.0865635359199703,2.3698040110260434,short_correlation
2023-03-14,0.4622,0.4021,0.4144,0.2646,0.2373,0.3449807932991591,0.2780774886068564,0.35312554481936465,0.1172192067008409,0.18412251139314362,46,False,-0.030433652125430855,0.08630844960001947,1.7107578633441058,short_correlation
2023-03-15,0.4587,0.4253,0.44060000000000005,0.2847,0.2614,0.31841099033909537,0.2888209194915811,0.32463043208645453,0.14028900966090463,0.16987908050841888,46,False,-0.030715023895652553,0.08570657449584589,1.9952265571510572,short_correlation
2023-03-16,0.40490000000000004,0.3847,0.4047,0.26530000000000004,0.2299,0.3206735354928871,0.2744355086214196,0.3311674336297951,0.08422646450711296,0.13046449137858046,46,False,-0.03097142640134681,0.08509334147251978,1.353782668714003,short_correlation
2023-03-17,0.4547,0.43079999999999996,0.4443,0.2753,0.2551,0.3236189303243154,0.2534894302235464,0.33117890494548535,0.1310810696756846,0.20121056977645357,46,False,-0.031385894469296675,0.08426962783029956,1.927942110675437,short_correlation
2023-03-20,0.43700000000000006,0.4071,0.4201,0.2685,0.2415,0.32716842783583977,0.2503164422223386,0.33252517269043164,0.10983157216416028,0.18668355777766144,46,False,-0.03143285304008491,0.0841753576551487,1.6782159189982908,short_correlation
2023-03-21,0.39490000000000003,0.37520000000000003,0.3937,0.265,0.2138,0.323762798513336,0.25418924160226397,0.3287574664203826,0.07113720148666403,0.14071075839773606,46,False,-0.03153663631623144,0.08398402428480838,1.2225401042310833,short_correlation
2023-03-22,0.4315,0.3992,0.41159999999999997,0.2722,0.22260000000000002,0.3295252891703944,0.1757457760219451,0.3301509625711306,0.10197471082960557,0.2557542239780549,46,False,-0.0317625801578477,0.0836287461310708,1.5991784783888505,short_correlation
2023-03-23,0.4083,0.39490000000000003,0.4152,0.28800000000000003,0.2261,0.32444766971317646,0.1843429275881448,0.32619605081324854,0.08385233028682354,0.2239570724118552,46,False,-0.03180964755643802,0.08354977543939658,1.3843481593455362,short_correlation
2023-03-24,0.35369999999999996,0.3734,0.39740000000000003,0.29059999999999997,0.21739999999999998,0.3255179520805037,0.2362072099013776,0.32687558612892387,0.028182047919496245,0.11749279009862235,46,False,-0.03191796985172501,0.08338121578033234,0.7207860572524469,no_trade
2023-03-27,0.3107,0.3533,0.38079999999999997,0.2884,0.20600000000000002,0.3165639963397024,0.25945753489655043,0.3190778713826564,-0.005863996339702415,0.05124246510344954,46,False,-0.03227634169505524,0.08292500755838059,0.31850880853713637,no_trade
2023-03-28,0.31079999999999997,0.355,0.3857,0.28600000000000003,0.1997,0.3090090826893478,0.2744406653811886,0.31038321067895375,0.0017909173106521736,0.036359334618811356,46,False,-0.03253413235810396,0.08274058588478991,0.41485142148438736,no_trade
2023-03-29,0.3005,0.3469,0.3833,0.2771,0.1912,0.3131431761085037,0.26588584177165153,0.3150351580119505,-0.012643176108503684,0.03461415822834846,46,False,-0.03259433074383677,0.08270994484997952,0.24121832835846732,no_trade
2023-03-30,0.2704,0.3423,0.3807,0.2763,0.1902,0.3173245881041381,0.26097443803827397,0.3190044899138353,-0.04692458810413813,0.009425561961726003,46,False,-0.0324447205620138,0.08271180713814753,-0.17506409354518948,no_trade
2023-03-31,0.2614,0.3406,0.3757,0.2675,0.187,0.3268103850082613,0.25874854366222994,0.32724456892781323,-0.0654103850082613,0.002651456337770086,46,False,-0.03242853252567156,0.082708559458207,-0.39877193725343035,no_trade
2023-04-03,0.2711,0.3296,0.3685,0.27390000000000003,0.1855,0.32275918754204613,0.2637892942195716,0.32237107037074914,-0.051659187542046126,0.007310705780428417,46,False,-0.032520819863249145,0.08273242594026022,-0.23132849618862253,no_trade
2023-04-04,0.2789,0.3362,0.3729,0.2797,0.19,0.3047796273902177,0.2683920402737691,0.3061187400250485,-0.025879627390217708,0.010507959726230864,46,False,-0.03261116485496294,0.08274087818210368,0.08135685301683467,no_trade
2023-04-05,0.2865,0.3452,0.382,0.2838,0.19079999999999997,0.30507481716354723,0.31755422272943173,0.3094317463856261,-0.018574817163547253,-0.031054222729431757,46,False,-0.0324009033472557,0.08269017655955412,0.16720349089774636,no_trade
2023-04-06,0.26539999999999997,0.33399999999999996,0.37070000000000003,0.28300000000000003,0.184,0.3047350144549289,0.32218078609274786,0.3080180437024261,-0.03933501445492893,-0.05678078609274789,46,False,-0.032072252178979486,0.08257937769466234,-0.08794886179456986,no_trade
2023-04-10,0.2595,0.3257,0.3603,0.2966,0.18969999999999998,0.3040985834700338,0.32601428728316856,0.30672136236671954,-0.044598583470033815,-0.06651428728316855,46,False,-0.03205316927994187,0.08257713259850678,-0.15192358701879655,no_trade
2023-04-11,0.2742,0.33020000000000005,0.36579999999999996,0.29309999999999997,0.191,0.30508216839019664,0.32719531083757347,0.30667820719955735,-0.03088216839019664,-0.05299531083757347,46,False,-0.032099013605245114,0.08258089266865078,0.014735190862261167,no_trade
2023-04-12,0.2783,0.3381,0.371,0.29460000000000003,0.1909,0.3053052176746342,0.32134959670600344,0.3068005417524447,-0.027005217674634208,-0.043049596706003446,46,False,-0.03202861068363347,0.08257431105900925,0.060834815871602534,no_trade
2023-04-13,0.2466,0.32159999999999994,0.3601,0.2898,0.17800000000000002,0.3130335507412091,0.2931291656306708,0.3149697548145329,-0.06643355074120907,-0.046529165630670805,46,False,-0.03187804423505208,0.08254863510057699,-0.418607848137703,no_trade
2023-04-14,0.2329,0.3169,0.3577,0.2867,0.1707,0.2886090969614041,0.3005098590394836,0.29908494550472015,-0.05570909696140408,-0.06760985903948358,46,False,-0.03215812045579169,0.08254565740901691,-0.28530848556837335,no_trade
2023-04-17,0.2302,0.3063,0.3497,0.2839,0.16949999999999998,0.2883498395789495,0.3045576114153945,0.29964224434385683,-0.05814983957894951,-0.07435761141539451,46,False,-0.03244810885831521,0.08249932505204641,-0.31153867870336915,no_trade
2023-04-18,0.23440000000000003,0.3121,0.3532,0.2791,0.16829999999999998,0.2813190887763466,0.31114883261372095,0.2896340505311415,-0.04691908877634657,-0.07674883261372092,46,False,-0.032608939646288054,0.08250980864522524,-0.1734357328543705,no_trade
2023-04-19,0.2336,0.3148,0.3579,0.2799,0.1646,0.27896504635377045,0.3173243211896553,0.28378524769031843,-0.04536504635377045,-0.08372432118965531,46,False,-0.03285049607520108,0.08246204122595435,-0.15176134488689447,no_trade
2023-04-20,0.24280000000000002,0.32130000000000003,0.35950000000000004,0.2768,0.17170000000000002,0.27996854610632577,0.319444684139901,0.2847381062997287,-0.03716854610632575,-0.076644684139901,46,False,-0.03305742368395817,0.08242761499184612,-0.049875547445771176,no_trade
2023-04-21,0.2402,0.3312,0.36700000000000005,0.27140000000000003,0.1677,0.28392439758916527,0.3106608105357118,0.288351829635758,-0.04372439758916527,-0.07046081053571182,46,False,-0.03323140855240449,0.08238967745456906,-0.12735805456389582,no_trade
2023-04-24,0.2403,0.3329,0.3726,0.2699,0.1689,0.28858067438676444,0.30483084310421993,0.28988592714167954,-0.04828067438676442,-0.06453084310421991,46,False,-0.033176985441977204,0.08237815207165436,-0.18334580911270856,no_trade
2023-04-25,0.2851,0.3579,0.3898,0.2799,0.18760000000000002,0.2946546606846364,0.30723020787919775,0.30034241003624895,-0.009554660684636396,-0.022130207879197727,46,False,-0.03331071194900472,0.08237519767095194,0.2883883976735566,no_trade
2023-04-26,0.3182,0.3603,0.3837,0.2758,0.1884,0.2933084737856756,0.2792914472091477,0.2936154207104318,0.02489152621432439,0.03890855279085226,46,False,-0.03351042139373266,0.08225579586653901,0.7100040427888497,no_trade
2023-04-27,0.2741,0.3337,0.36060000000000003,0.26280000000000003,0.1703,0.29153709842363684,0.27085678276153247,0.2917098283575663,-0.017437098423636832,0.003243217238467544,46,False,-0.033459016582500174,0.0822883524731001,0.19470456847584688,no_trade
2023-04-28,0.2529,0.3214,0.3582,0.2418,0.1578,0.29530531961483597,0.25810706853934523,0.29480055991627685,-0.04240531961483596,-0.0052070685393452165,46,False,-0.03383721926000674,0.08199312775958363,-0.1044977864480569,no_trade
2023-05-01,0.2509,0.3146,0.34630000000000005,0.252,0.16079999999999997,0.30728944061352853,0.2540195012821919,0.3048885442794077,-0.05638944061352852,-0.0031195012821919055,46,False,-0.03436992840321136,0.08160855252017758,-0.26981868358555766,no_trade
2023-05-02,0.3056,0.3436,0.3661,0.2589,0.1778,0.3123664271082802,0.2364866843670682,0.3107345010465219,-0.006766427108280237,0.06911331563293177,46,False,-0.03499459295878376,0.08116932719902047,0.3477688780306186,no_trade
2023-05-03,0.3233,0.3538,0.3749,0.2614,0.1834,0.31559554351152164,0.2540366610099557,0.3119281802401903,0.0077044564884783395,0.06926333899004428,46,False,-0.03550157798180672,0.08058805428018925,0.5361344786916674,no_trade
2023-05-04,0.3638,0.38280000000000003,0.3911,0.2698,0.2009,0.3160841082567804,0.2441055457834777,0.31004912197591605,0.04771589174321961,0.1196944542165223,46,False,-0.036037016352157114,0.0798445940297034,1.0489490129315375,short_correlation
2023-05-05,0.31370000000000003,0.34659999999999996,0.3667,0.247,0.17190000000000003,0.3233184958452062,0.20389776961682188,0.31759374254273937,-0.009618495845206188,0.10980223038317816,46,False,-0.0362102729140039,0.07961405228315879,0.33400858650204424,no_trade
2023-05-08,0.2968,0.3335,0.3577,0.2534,0.1698,0.3222287562191343,0.18992112816485313,0.3162426474296761,-0.02542875621913432,0.10687887183514688,46,False,-0.036426415222277644,0.07946690940587137,0.13839293720325269,no_trade
2023-05-09,0.3312,0.3464,0.36560000000000004,0.24989999999999998,0.1771,0.325910954056682,0.1885880408543979,0.32098554010667835,0.0052890459433179715,0.1426119591456021,46,False,-0.03684769439023376,0.0791239928921876,0.5325406212874799,no_trade
2023-05-10,0.3007,0.3296,0.3555,0.2366,0.16940000000000002,0.3183384288170643,0.18942368912388474,0.31420779577500496,-0.01763842881706429,0.11127631087611528,46,False,-0.037048909728763985,0.07895123431493216,0.24585405256961973,no_trade
2023-05-11,0.29059999999999997,0.32689999999999997,0.3531,0.2415,0.1693,0.3153463512593027,0.1987714318199138,0.31212984229307683,-0.024746351259302746,0.09182856818008617,46,False,-0.03745544013345547,0.07858418094754928,0.16172579164037298,no_trade
2023-05-12,0.28800000000000003,0.3292,0.3576,0.2389,0.1703,0.3153523718214379,0.20326255844298,0.312260289363986,-0.02735237182143785,0.08473744155702004,46,False,-0.03794551710489211,0.0781150467432808,0.13560953651180457,no_trade
2023-05-15,0.29960000000000003,0.3069,0.34619999999999995,0.2377,0.17120000000000002,0.3079206935212705,0.19411140481340883,0.30494247347822506,-0.008320693521270461,0.1054885951865912,46,False,-0.03832398130588061,0.07783011923519897,0.38549713246540995,no_trade
2023-05-16,0.3354,0.32299999999999995,0.35729999999999995,0.2415,0.17989999999999998,0.3150476043484201,0.1953356003577923,0.30835746508113854,0.02035239565157987,0.14006439964220768,46,False,-0.03859363528443042,0.0776067795533557,0.7595474425721287,short_correlation
2023-05-17,0.3102,0.30519999999999997,0.3427,0.2357,0.16870000000000002,0.3014687314558489,0.19001014348974934,0.2977927991478174,0.008731268544151072,0.12018985651025063,46,False,-0.03865428178568779,0.07755449545779063,0.6109968229453399,no_trade
2023-05-18,0.2825,0.27899999999999997,0.3231,0.2396,0.1605,0.299936212623388,0.20618913694888913,0.2981640428553124,-0.017436212623388014,0.07631086305111084,46,False,-0.0387173197797235,0.07750930531315987,0.2745619647905977,no_trade
2023-05-19,0.3025,0.3016,0.3361,0.23550000000000001,0.1681,0.3011040073942315,0.20663422370581158,0.30061288268567404,0.0013959926057685035,0.09586577629418841,46,False,-0.039057422944114184,0.07722550130583056,0.5238349362042721,no_trade
2023-05-22,0.2929,0.2943,0.3311,0.2348,0.1721,0.29548628329300725,0.20093948208044438,0.2954806013289838,-0.002586283293007252,0.09196051791955562,46,False,-0.039253904956213136,0.07705849698606544,0.4758413815135341,no_trade
2023-05-23,0.3331,0.3114,0.33909999999999996,0.2407,0.18530000000000002,0.29372509005612746,0.2085291213426833,0.29442250715462115,0.03937490994387255,0.1245708786573167,46,False,-0.039440615130558264,0.07691170312321785,1.0247533453805193,short_correlation
2023-05-24,0.3518,0.32020000000000004,0.3407,0.2455,0.2003,0.2962763975322142,0.19115023518766092,0.2967728131631096,0.055523602467785815,0.16064976481233909,46,False,-0.039428349267507184,0.07692407325048041,1.234359384819758,short_correlation
2023-05-25,0.29359999999999997,0.28300000000000003,0.3073,0.2594,0.19140000000000001,0.2840763987511054,0.20782440552299036,0.2791513918847849,0.009523601248894564,0.08577559447700961,46,False,-0.03945923930037246,0.07688420620417788,0.6370988655223354,no_trade
2023-05-26,0.23440000000000003,0.2528,0.2848,0.2661,0.1795,0.2847543997807744,0.1975573185143353,0.28309226067514126,-0.050354399780774356,0.03684268148566472,46,False,-0.03965332200201496,0.07669761386460376,-0.13952295566391776,no_trade
2023-05-30,0.21780000000000002,0.24059999999999998,0.2766,0.2821,0.1746,0.2799309765098623,0.1911317497477294,0.27405804132679534,-0.062130976509862296,0.026668250252270626,46,False,-0.04012759265846458,0.07639096896872556,-0.2880364544191853,no_trade
2023-05-31,0.23079999999999998,0.24539999999999998,0.2821,0.2797,0.1794,0.2789521295031053,0.2057952071303148,0.27262479302304193,-0.048152129503105295,0.025004792869685183,46,False,-0.04071775207458575,0.075981488907544,-0.09784458735160961,no_trade
2023-06-01,0.1905,0.22190000000000001,0.2634,0.2704,0.1565,0.26613261418086254,0.205314583726666,0.2627379008815452,-0.07563261418086253,-0.014814583726665997,46,False,-0.04115256089013442,0.0757076948647971,-0.4554365755331008,no_trade
2023-06-02,0.19469999999999998,0.2173,0.2579,0.2556,0.146,0.2740069019785265,0.1723392804093096,0.2702932958540126,-0.07930690197852652,0.022360719590690387,46,False,-0.041622668175197136,0.0755517497409411,-0.49878704242515376,no_trade
2023-06-05,0.20620000000000002,0.2243,0.266,0.2553,0.14730000000000001,0.25945424238550896,0.20240052236667957,0.2581690414252794,-0.05325424238550894,0.003799477633320447,46,False,-0.04206753030771027,0.07544176748138776,-0.14828274112955453,no_trade
2023-06-06,0.207,0.21359999999999998,0.25730000000000003,0.2452,0.1396,0.25409830028202957,0.2158133213634815,0.2543293297153794,-0.047098300282029576,-0.008813321363481508,46,False,-0.04234998908563975,0.07534944937063365,-0.06301719834784103,no_trade
2023-06-07,0.1907,0.2086,0.2535,0.2402,0.1394,0.2524138000883863,0.23072523731042985,0.2525913560383334,-0.06171380008838631,-0.04002523731042984,46,False,-0.04246918125416447,0.07533304268098334,-0.2554605276693523,no_trade
2023-06-08,0.1783,0.1997,0.24539999999999998,0.24239999999999998,0.1365,0.2426740534456945,0.2383705748905678,0.23936727200312952,-0.06437405344569452,-0.0600705748905678,46,False,-0.04271825162776311,0.07529232623884054,-0.28762296106027313,no_trade
2023-06-09,0.17489999999999997,0.2003,0.2466,0.2443,0.1383,0.24834953422693593,0.23796490378971505,0.2437468123694434,-0.07344953422693595,-0.06306490378971508,46,False,-0.043027605373050656,0.07522019596970793,-0.40443830891023697,no_trade
2023-06-12,0.2078,0.2057,0.245,0.255,0.1501,0.24335930908570827,0.2339151960065547,0.23548059792867437,-0.03555930908570826,-0.02611519600655468,46,False,-0.04337237626232843,0.07515946707222754,0.10395320085375122,no_trade
2023-06-13,0.2064,0.2047,0.24539999999999998,0.2532,0.1461,0.2384903420293495,0.23082440534005966,0.23308793105257275,-0.03209034202934949,-0.024424405340059657,46,False,-0.043668056234143895,0.07498066206205631,0.15440933550589794,no_trade
2023-06-14,0.18100000000000002,0.1912,0.23670000000000002,0.258,0.1388,0.23078135478037476,0.2274365626584428,0.2259954870328268,-0.04978135478037474,-0.04643656265844279,46,False,-0.04387445364690435,0.07487643628019504,-0.0788886521170182,no_trade
2023-06-15,0.1917,0.1949,0.2377,0.2607,0.145,0.23654932170533804,0.1947548817579036,0.22800203560158092,-0.044849321705338036,-0.0030548817579035825,46,False,-0.044286612295707115,0.07462050475112092,-0.007540948851896746,no_trade
2023-06-16,0.1801,0.1957,0.23920000000000002,0.2618,0.1354,0.21990269377564772,0.19621630688968794,0.21673190192201514,-0.03980269377564771,-0.01611630688968793,46,False,-0.04470813151643603,0.07432068529029554,0.06600366669962404,no_trade
2023-06-20,0.17679999999999998,0.2011,0.2464,0.2697,0.1388,0.22693741787804098,0.15916094811853093,0.21956045699647175,-0.05013741787804099,0.017639051881469053,46,False,-0.04512402737118972,0.07399683849462464,-0.06775141490964451,no_trade
2023-06-21,0.1748,0.19949999999999998,0.24600000000000002,0.2621,0.132,0.22624571911495062,0.1541923378525866,0.22013087655821925,-0.051445719114950605,0.020607662147413414,46,False,-0.04542151694559054,0.07386506032519762,-0.081556857096413,no_trade
2023-06-22,0.1557,0.19399999999999998,0.2422,0.261,0.1291,0.22638709465525703,0.16169273659527866,0.22025556977452215,-0.07068709465525702,-0.005992736595278658,46,False,-0.045729874259572464,0.07372669122675568,-0.33850997488718837,no_trade
2023-06-23,0.155,0.20350000000000001,0.2489,0.2566,0.1344,0.22962490418273576,0.14030631018199094,0.22224588468512763,-0.07462490418273576,0.01469368981800906,46,False,-0.04619467519863037,0.07351218844698719,-0.3867417034470095,no_trade
2023-06-26,0.1531,0.20420000000000002,0.249,0.2648,0.1425,0.22070947534796848,0.13966511402748247,0.2118664822500985,-0.06760947534796846,0.013434885972517546,46,False,-0.0465361632077918,0.07344328065616924,-0.28693315374667294,no_trade
2023-06-27,0.13970000000000002,0.1909,0.23579999999999998,0.2614,0.1374,0.22103708910536582,0.13605186185666018,0.21342377691403955,-0.0813370891053658,0.003648138143339835,46,False,-0.04687090005129154,0.07334588217728384,-0.4699130752939376,no_trade
2023-06-28,0.12710000000000002,0.17809999999999998,0.22,0.2666,0.1343,0.2124652641921315,0.136412551284732,0.20513939345613333,-0.08536526419213147,-0.00931255128473199,46,False,-0.04704813352699636,0.07337510073444276,-0.5222089003163548,no_trade
2023-06-29,0.1249,0.1858,0.2255,0.26289999999999997,0.1354,0.21192717152116666,0.13015751822552948,0.20642706846924688,-0.08702717152116667,-0.005257518225529487,46,False,-0.047044507117821266,0.07337317665865513,-0.5449220849378208,no_trade
2023-06-30,0.1252,0.1889,0.22519999999999998,0.2545,0.1359,0.21761930467518192,0.11273725443050936,0.21178511127061495,-0.09241930467518192,0.012462745569490646,46,False,-0.04716339438887889,0.07341374253828555,-0.616450118487038,no_trade
2023-07-03,0.1217,0.1911,0.228,0.2634,0.13570000000000002,0.22084258521541464,0.1451366702725883,0.2153447505830285,-0.09914258521541464,-0.023436670272588306,46,False,-0.047314388824616166,0.07346773179585779,-0.705455240333425,no_trade
2023-07-05,0.1359,0.2016,0.2354,0.2712,0.1418,0.221355107405609,0.1444689488606472,0.21610407596639528,-0.085455107405609,-0.008568948860647213,46,False,-0.04744299788681414,0.07353020136769157,-0.5169591380378974,no_trade
2023-07-06,0.15039999999999998,0.21780000000000002,0.24539999999999998,0.2763,0.15439999999999998,0.230112168876259,0.12092076734157432,0.22268118926686625,-0.07971216887625901,0.029479232658425655,46,False,-0.04740492296609332,0.07350793242554662,-0.43950693270945235,no_trade
2023-07-07,0.1324,0.2087,0.2371,0.2743,0.1483,0.2333761826938102,0.1291289234805539,0.22327743851076468,-0.1009761826938102,0.003271076519446081,46,False,-0.04739613580368028,0.07350392150323018,-0.7289413380179357,no_trade
2023-07-10,0.1326,0.2052,0.23309999999999997,0.28800000000000003,0.1507,0.23285645772341293,0.13977591329328873,0.22250438569299408,-0.10025645772341293,-0.007175913293288733,46,False,-0.047434670354685925,0.07352955266235872,-0.7183749316588398,no_trade
2023-07-11,0.136,0.2,0.2293,0.28600000000000003,0.1484,0.2267602995250367,0.13912967515037997,0.21802380248113445,-0.0907602995250367,-0.003129675150379957,46,False,-0.04747770310298339,0.07355738565087043,-0.5884194501893792,no_trade
2023-07-12,0.10679999999999999,0.1765,0.2127,0.2918,0.1354,0.23111535543342018,0.13330108794631945,0.2224652616970605,-0.12431535543342019,-0.02650108794631946,46,False,-0.04731627291736436,0.07341688975790701,-1.0487924886216393,long_correlation
2023-07-13,0.1016,0.16510000000000002,0.1989,0.29960000000000003,0.1361,0.23212923756370504,0.13164188844027983,0.22314093764074613,-0.13052923756370505,-0.03004188844027983,46,False,-0.04737885544919491,0.07347598827344366,-1.1316674204511936,long_correlation
2023-07-14,0.0956,0.166,0.1998,0.3043,0.1334,0.2306214849756525,0.13606434583646143,0.22085952739798942,-0.13502148497565247,-0.04046434583646143,46,False,-0.04751078852990527,0.07359570292519124,-1.1890734508603078,long_correlation
2023-07-17,0.0959,0.16620000000000001,0.1966,0.314,0.1348,0.2290051385413266,0.17844235705941053,0.2181798017104316,-0.1331051385413266,-0.08254235705941053,46,False,-0.04765100967368182,0.0737290490092622,-1.1590293109152896,long_correlation
2023-07-18,0.0908,0.15869999999999998,0.192,0.3179,0.133,0.22910824192817558,0.19239222159285613,0.2184211091256646,-0.1383082419281756,-0.10159222159285612,46,False,-0.04775600893882269,0.07383216782415848,-1.226460439371299,long_correlation
2023-07-19,0.09820000000000001,0.1673,0.20309999999999997,0.32020000000000004,0.1376,0.2292820865127462,0.18361891342910405,0.21845001485902324,-0.1310820865127462,-0.08541891342910404,46,False,-0.04770317472719509,0.07376227572976636,-1.130373364441954,long_correlation
2023-07-20,0.10060000000000001,0.17489999999999997,0.2109,0.3072,0.1399,0.22207033352637015,0.20003579649682035,0.21102739467537843,-0.12147033352637014,-0.09943579649682034,46,False,-0.047659360739023826,0.0737092278911579,-1.0013803549311173,long_correlation
2023-07-21,0.0934,0.1783,0.2134,0.30269999999999997,0.136,0.21433658002637276,0.18853494122323303,0.2002282670264801,-0.12093658002637277,-0.09513494122323303,46,False,-0.047565657493018755,0.07359981144618348,-0.9968900883258806,long_correlation
2023-07-24,0.09380000000000001,0.1698,0.209,0.2989,0.1391,0.21009872985237177,0.1823661606339788,0.20147153925876227,-0.11629872985237176,-0.0885661606339788,46,False,-0.04753943800161018,0.07357237796169923,-0.934580256282551,long_correlation
2023-07-25,0.0925,0.166,0.20629999999999998,0.304,0.1386,0.1976441890044073,0.21600881147700907,0.1889675214696954,-0.1051441890044073,-0.12350881147700907,46,False,-0.047382292503255576,0.07338205245657585,-0.7871392877070669,no_trade
2023-07-26,0.1079,0.1703,0.2087,0.2836,0.1319,0.19130148085288146,0.24755494457833094,0.18171592339568743,-0.08340148085288146,-0.13965494457833094,46,False,-0.04711531022201732,0.07304693262896135,-0.49675146272298837,no_trade
2023-07-27,0.132,0.18600000000000003,0.21899999999999997,0.27390000000000003,0.1441,0.1900301816359285,0.2837600567679753,0.18015540131291233,-0.05803018163592849,-0.15176005676797527,46,False,-0.0467552171866332,0.07264076684216461,-0.15521538303407195,no_trade
2023-07-28,0.1258,0.1789,0.213,0.265,0.1333,0.182452274552513,0.29296514429135817,0.17452289160992163,-0.05665227455251301,-0.16716514429135818,46,False,-0.04641108237835422,0.07237961055766018,-0.14149277808009603,no_trade
2023-07-31,0.1259,0.1745,0.21239999999999998,0.2747,0.1363,0.17467238082973718,0.3258867446572586,0.16937673362095648,-0.04877238082973717,-0.19998674465725857,46,False,-0.046319037217165536,0.07235166324457981,-0.03390860005910682,no_trade
2023-08-01,0.1381,0.1852,0.2223,0.2727,0.1393,0.16768222681476028,0.3417330724728178,0.16434128796502404,-0.029582226814760276,-0.2036330724728178,46,False,-0.04613128084021545,0.07228335795381459,0.2289469456583517,no_trade
2023-08-02,0.1751,0.2114,0.2414,0.2766,0.1609,0.1635656943985231,0.3223534346859743,0.16003664502939868,0.011534305601476919,-0.14725343468597432,46,False,-0.045951592814003524,0.0722679286421831,0.7954551831713311,short_correlation
2023-08-03,0.16870000000000002,0.2051,0.2375,0.2767,0.1592,0.16330684242706187,0.32251203218293756,0.1597120614529073,0.005393157572938151,-0.15381203218293754,46,False,-0.04577253849326838,0.07235453070978806,0.7071526214637569,no_trade
2023-08-04,0.2096,0.22519999999999998,0.24710000000000001,0.2559,0.171,0.16264960418531305,0.3341011710800247,0.15680318545416555,0.04695039581468696,-0.12450117108002468,46,False,-0.045802694151487536,0.07233152123252508,1.282332908055396,short_correlation
2023-08-07,0.185,0.205,0.2339,0.26239999999999997,0.1577,0.16916028668216895,0.3058047762949042,0.16308082001765967,0.015839713317831045,-0.12080477629490421,46,False,-0.04553021933535064,0.07255162238424887,0.8458795356519174,short_correlation
2023-08-08,0.1999,0.21420000000000003,0.2425,0.268,0.15990000000000001,0.17256705762259514,0.2923904714528383,0.16672283742485863,0.027332942377404856,-0.09249047145283831,46,False,-0.04529346548459917,0.072654491032217,0.9996134695899183,short_correlation
2023-08-09,0.2046,0.2147,0.2452,0.2727,0.15960000000000002,0.17490060927496615,0.2972712654439691,0.16907111934152416,0.02969939072503386,-0.09267126544396909,46,False,-0.04502467753372143,0.07279781257930067,1.0264603510903063,short_correlation
2023-08-10,0.2169,0.2232,0.25120000000000003,0.2669,0.1585,0.17474665801053435,0.28936647594667164,0.1685406909636028,0.04215334198946566,-0.07246647594667163,46,False,-0.04468996453609932,0.0729471440175201,1.1904963202494585,short_correlation
2023-08-11,0.1959,0.21559999999999999,0.24789999999999998,0.2601,0.1484,0.16865456439772514,0.2723317373730034,0.16632989763528888,0.027245435602274853,-0.07643173737300343,46,False,-0.0443668461790286,0.07315128790636279,0.9789613256429698,short_correlation
2023-08-14,0.1935,0.2097,0.2444,0.2677,0.1482,0.16427521698739425,0.27230542108117367,0.15952592669515506,0.029224783012605754,-0.07880542108117367,46,False,-0.04400957723760272,0.07328071109300158,0.999367489178233,short_correlation
2023-08-15,0.2323,0.23129999999999998,0.2587,0.27190000000000003,0.1646,0.1753843125076811,0.24212468027411296,0.16604535358050682,0.0569156874923189,-0.009824680274112957,46,False,-0.043656060794963064,0.07341868733811323,1.3698385511051352,short_correlation
2023-08-16,0.2489,0.2427,0.2693,0.2736,0.1678,0.1805712330403349,0.25514229791876253,0.1711710297804226,0.06832876695966511,-0.006242297918762518,46,False,-0.04308430896531819,0.07363919304606698,1.5129589464035254,short_correlation
2023-08-17,0.27140000000000003,0.2579,0.2799,0.2716,0.1789,0.18186886296968804,0.2624101874957798,0.17327717590282288,0.08953113703031199,0.008989812504220207,46,False,-0.04267595785132582,0.07397113346221589,1.7872795601972031,short_correlation
2023-08-18,0.25329999999999997,0.2511,0.2766,0.2724,0.17300000000000001,0.1810299659693921,0.2635704435415552,0.17297165987854057,0.07227003403060786,-0.010270443541555208,46,False,-0.04221988988791549,0.07443095271584929,1.5382031230421684,short_correlation
2023-08-21,0.2557,0.2376,0.2639,0.2736,0.17129999999999998,0.17597010368506208,0.2694806833727875,0.16957586481740594,0.0797298963149379,-0.013780683372787539,46,False,-0.041841050360355174,0.07477034088176825,1.6259247348828998,short_correlation
2023-08-22,0.2506,0.23190000000000002,0.2607,0.2768,0.1697,0.18464051285863106,0.3188400818072433,0.18131611172322784,0.06595948714136893,-0.06824008180724334,46,False,-0.041460860433693715,0.07514450636652978,1.4295169769444236,short_correlation
2023-08-23,0.22760000000000002,0.2169,0.2475,0.2749,0.1598,0.1832335255019527,0.3065544137134688,0.17533580026854792,0.044366474498047315,-0.07895441371346879,46,False,-0.04107551874243985,0.07544598433366961,1.1324922591321616,short_correlation
2023-08-24,0.28350000000000003,0.2455,0.2606,0.254,0.172,0.19277638435078123,0.2857709730902949,0.18631253814107696,0.0907236156492188,-0.002270973090294892,46,False,-0.0409867926057308,0.07553356340085912,1.7437335447284288,short_correlation
2023-08-25,0.2518,0.23010000000000003,0.25120000000000003,0.24489999999999998,0.1568,0.1977557660711912,0.30931474329489766,0.19115595164700233,0.05404423392880883,-0.05751474329489764,46,False,-0.040827953801516756,0.07576885102070126,1.252126519701414,short_correlation
2023-08-28,0.23920000000000002,0.2143,0.2415,0.24969999999999998,0.1508,0.20073398777756263,0.2810331930941541,0.19506340067112207,0.038466012222437396,-0.041833193094154064,46,False,-0.04074340218476573,0.07586310037809509,1.0441099033974397,short_correlation
2023-08-29,0.2262,0.20129999999999998,0.2271,0.24350000000000002,0.1445,0.19233439476797298,0.246196164581181,0.19253234816026946,0.03386560523202703,-0.019996164581180975,46,False,-0.0407020244256596,0.07590359832616822,0.9823991391983716,short_correlation
2023-08-30,0.20980000000000001,0.1943,0.2255,0.2438,0.1388,0.19129097016257893,0.22737323033771428,0.1917243755323271,0.018509029837421087,-0.01757323033771427,46,False,-0.04067500894547932,0.07592901860906724,0.7794653462810963,short_correlation
2023-08-31,0.2016,0.18969999999999998,0.2208,0.24170000000000003,0.13570000000000002,0.19327216331656646,0.22162633627926154,0.19205898667918908,0.008327836683433537,-0.020026336279261536,46,False,-0.040788046554490705,0.07581910661854946,0.647803507960457,no_trade
2023-09-01,0.19579999999999997,0.19010000000000002,0.2218,0.23329999999999998,0.1309,0.19757512969018717,0.23351121968142555,0.19622202582433487,-0.0017751296901871993,-0.03771121968142557,46,False,-0.04093532384927049,0.07568687069298913,0.517397453488729,no_trade
2023-09-05,0.213,0.1934,0.2211,0.2421,0.1401,0.20237587262605558,0.23537614049401806,0.1969748798868496,0.010624127373944414,-0.022376140494018065,46,False,-0.04108503238793003,0.07557140636204757,0.6842423907548597,no_trade
2023-09-06,0.23079999999999998,0.2064,0.23149999999999998,0.23370000000000002,0.1445,0.2042246039642333,0.22091701773923206,0.1986110004564758,0.02657539603576667,0.00988298226076792,46,False,-0.04115694085743344,0.07551329516616205,0.8969590950065089,short_correlation
2023-09-07,0.2184,0.20350000000000001,0.2305,0.24109999999999998,0.14400000000000002,0.20018622523832616,0.23346065260573345,0.19219201978394312,0.01821377476167385,-0.015060652605733443,46,False,-0.04106589138219749,0.07558131479331825,0.7843164187600498,short_correlation
2023-09-08,0.20800000000000002,0.1977,0.2263,0.23149999999999998,0.1384,0.20036697370078263,0.2430776509171005,0.1919831757651062,0.007633026299217388,-0.035077650917100495,46,False,-0.041197929229417354,0.0754479296330621,0.6472139893847596,no_trade
2023-09-11,0.204,0.1948,0.2242,0.23989999999999997,0.138,0.20297673301239302,0.25464679082005937,0.19462464984424807,0.0010232669876069633,-0.05064679082005938,46,False,-0.04130045853078353,0.07536356406078779,0.5615940016352258,no_trade
2023-09-12,0.228,0.2041,0.2334,0.23800000000000002,0.1423,0.18943995466910166,0.26499408197671265,0.1847163464327457,0.03856004533089835,-0.03699408197671264,46,False,-0.041455211130158515,0.07523584325256351,1.0635257478599538,short_correlation
2023-09-13,0.2051,0.1953,0.22690000000000002,0.23199999999999998,0.1348,0.19030201857538184,0.2636321395497782,0.18504137136932838,0.014797981424618162,-0.058532139549778206,46,False,-0.04143052014556356,0.0752611739777658,0.7471116725709481,no_trade
2023-09-14,0.18059999999999998,0.18230000000000002,0.2169,0.22949999999999998,0.1282,0.1889211275377185,0.23874861555223204,0.18624901545737388,-0.00832112753771852,-0.05814861555223205,46,False,-0.04164407122860246,0.0750236597297444,0.4441657979752286,no_trade
2023-09-15,0.21059999999999998,0.2053,0.23309999999999997,0.22690000000000002,0.1379,0.19914661856959862,0.2589211873875877,0.1953642157203764,0.011453381430401366,-0.0483211873875877,46,False,-0.041858897401690784,0.07484953344754652,0.7122593338467852,no_trade
2023-09-18,0.2216,0.21030000000000001,0.2382,0.2299,0.14,0.2015333709238278,0.2571218840372919,0.19763406102810913,0.020066629076172182,-0.03552188403729192,46,False,-0.04200622800754459,0.07470721140353911,0.8308817303917756,short_correlation
2023-09-19,0.22820000000000001,0.2118,0.23800000000000002,0.2324,0.1411,0.19801213616849492,0.26056165844570717,0.19474680122732524,0.030187863831505096,-0.03236165844570715,46,False,-0.04219404637611898,0.07449025020403995,0.9716964301953502,short_correlation
2023-09-20,0.2552,0.2332,0.2531,0.2375,0.1514,0.20201684286044225,0.2686913546994187,0.19984141705231642,0.053183157139557735,-0.0134913546994187,46,False,-0.04229017677244266,0.07438063207494582,1.283577878389116,short_correlation
2023-09-21,0.2912,0.2627,0.2728,0.2469,0.1754,0.22008790087832392,0.23915992881669082,0.21413923270293628,0.0711120991216761,0.052040071183309194,46,False,-0.04222473772189076,0.07445761108395045,1.5221659034397483,short_correlation
2023-09-22,0.271,0.2595,0.2747,0.2494,0.172,0.21986881048711077,0.23816034425912846,0.21368318624031893,0.05113118951288925,0.032839655740871554,46,False,-0.04228360949638758,0.07436166780168219,1.2562224835839901,short_correlation
2023-09-25,0.24359999999999998,0.2555,0.2738,0.2607,0.16899999999999998,0.2190876264088487,0.2511185165856844,0.21377034570887296,0.02451237359115127,-0.0075185165856844205,46,False,-0.04244982338985661,0.07410440439380446,0.9036196637538362,short_correlation
2023-09-26,0.2688,0.2826,0.2969,0.2664,0.1894,0.22624086290672915,0.2163841014246649,0.2206299254089235,0.04255913709327083,0.052415898575335074,46,False,-0.042677065707692224,0.07380915578159074,1.1548188283468,short_correlation
2023-09-27,0.255,0.2727,0.2916,0.2688,0.1822,0.2220286735402556,0.19782738538831657,0.2155319006571422,0.032971326459744404,0.05717261461168344,46,False,-0.04272166431448193,0.07375400412394584,1.0262899170467,short_correlation
2023-09-28,0.2373,0.2587,0.2777,0.26539999999999997,0.1734,0.2214493178909992,0.1947278501571668,0.21429764160804193,0.015850682109000813,0.04257214984283322,46,False,-0.0428223090040439,0.07363275962990305,0.7968327060937287,short_correlation
2023-09-29,0.24670000000000003,0.2661,0.2812,0.2581,0.1752,0.20944150708970188,0.24135369707625762,0.20284367555128596,0.03725849291029815,0.005346302923742413,46,False,-0.042956910396490286,0.07349369654519197,1.0914596363711713,short_correlation
2023-10-02,0.2475,0.2688,0.2846,0.2717,0.1761,0.20516635896664442,0.25396514221554123,0.19718290978776365,0.042333641033355573,-0.006465142215541231,46,False,-0.04277810083738532,0.07363425101106595,1.155871631775681,short_correlation
2023-10-03,0.2662,0.28809999999999997,0.3005,0.28550000000000003,0.1978,0.21094742068274586,0.24488263159711043,0.20520148373181146,0.055252579317254136,0.021317368402889558,46,False,-0.04252893512219425,0.07381609607819173,1.3246638556429566,short_correlation
2023-10-04,0.2501,0.27699999999999997,0.2928,0.287,0.1858,0.20728289234267205,0.2766369047544702,0.20101153998631552,0.042817107657327935,-0.026536904754470236,46,False,-0.042136212723808124,0.07407258691948151,1.146892850839436,short_correlation
2023-10-05,0.2409,0.2724,0.287,0.2823,0.18489999999999998,0.20126418606330435,0.28314089725533986,0.19618857508854212,0.03963581393669566,-0.04224089725533986,46,False,-0.04181489312723664,0.07426529872635813,1.096753240891818,short_correlation
2023-10-06,0.2224,0.261,0.2771,0.2782,0.1745,0.20181494407790054,0.28722362752879455,0.19800466801366615,0.020585055922099443,-0.06482362752879456,46,False,-0.041479392260710485,0.07444202143761222,0.8337286788326189,short_correlation
2023-10-09,0.2237,0.257,0.2736,0.2866,0.177,0.206462274554219,0.2865244980696394,0.2024310778859935,0.017237725445781005,-0.06282449806963941,46,False,-0.04113087140006191,0.07452647106580612,0.783192817412541,short_correlation
2023-10-10,0.21100000000000002,0.2451,0.2643,0.28309999999999996,0.1703,0.2131426255968979,0.28455600992555125,0.2096421990625842,-0.0021426255968978736,-0.07355600992555122,46,False,-0.04085417760956011,0.07461351969944736,0.5188275820333531,no_trade
2023-10-11,0.1848,0.2275,0.2511,0.2871,0.1609,0.21227902325147846,0.2889493305275393,0.20824936629730664,-0.027479023251478468,-0.1041493305275393,46,False,-0.04054030359351317,0.07460932356344316,0.17506230747325024,no_trade
2023-10-12,0.1945,0.2371,0.2586,0.2879,0.16690000000000002,0.21216281449562285,0.30560979858594095,0.20901272727334083,-0.017662814495622847,-0.11110979858594094,46,False,-0.040440682652055644,0.07460993918525391,0.30529267822985534,no_trade
2023-10-13,0.2243,0.2693,0.2821,0.29059999999999997,0.1932,0.2159598482644836,0.31525925642949704,0.21475328852574765,0.008340151735516388,-0.09095925642949704,46,False,-0.04043388311308738,0.07461194457720122,0.6537027700455805,no_trade
2023-10-16,0.19879999999999998,0.2378,0.2614,0.2934,0.1721,0.2255960892489285,0.3152774275554777,0.2238542623394968,-0.026796089248928512,-0.11647742755547774,46,False,-0.04032435824428123,0.07466338979734877,0.1811901258712084,no_trade
2023-10-17,0.2177,0.2551,0.2723,0.2903,0.1788,0.2237644741791247,0.31336628263377203,0.2221166404544551,-0.0060644741791247014,-0.09566628263377203,46,False,-0.0402486555653695,0.07466741254162682,0.4578192845130028,no_trade
2023-10-18,0.23809999999999998,0.2731,0.2858,0.3005,0.19219999999999998,0.2283187543110666,0.28877222284153964,0.23272516413587577,0.009781245688933377,-0.05067222284153966,46,False,-0.04000460725705743,0.07467828028743698,0.666671122505297,no_trade
2023-10-19,0.2942,0.3136,0.3114,0.2966,0.214,0.2356000797856413,0.2772538754143196,0.23908686430106535,0.058599920214358725,0.0169461245856804,46,False,-0.039715045684100204,0.07472947897386643,1.3156115531441153,short_correlation
2023-10-20,0.2909,0.3236,0.31980000000000003,0.3018,0.21710000000000002,0.24408123355573347,0.2678124074259006,0.24942944898742267,0.046818766444266524,0.02308759257409937,46,False,-0.03916974090822004,0.0749440746797061,1.147368991077438,short_correlation
2023-10-23,0.2707,0.3005,0.3039,0.3014,0.20370000000000002,0.24005924343867643,0.2605053421560155,0.24605428204734983,0.030640756561323562,0.01019465784398449,46,False,-0.03867007015952429,0.07509640593452299,0.9229579745970848,short_correlation
2023-10-24,0.2421,0.2811,0.29359999999999997,0.2989,0.18969999999999998,0.2474549022553941,0.26586672165115893,0.2489666779640028,-0.0053549022553940895,-0.023766721651158923,46,False,-0.038264842097902825,0.07519412725402412,0.437666358322518,no_trade
2023-10-25,0.2895,0.319,0.3134,0.29710000000000003,0.20190000000000002,0.24847128129228463,0.25817868699274465,0.25737548172238806,0.04102871870771535,0.031321313007255325,46,False,-0.03803604236927128,0.0752062444152703,1.0513058016886279,short_correlation
2023-10-26,0.29059999999999997,0.31579999999999997,0.3176,0.2932,0.20679999999999998,0.23405177803608854,0.2851318452253574,0.24180208254285118,0.05654822196391143,0.005468154774642575,46,False,-0.037635374152550555,0.07535789221242757,1.2498172832510541,short_correlation
2023-10-27,0.3446,0.34659999999999996,0.3367,0.2755,0.2127,0.2325051070105863,0.2785273147690294,0.2345787979773611,0.11209489298941372,0.0660726852309706,46,False,-0.037100290235030545,0.07554653861254339,1.9748778165684562,short_correlation
2023-10-30,0.3223,0.3225,0.32020000000000004,0.2772,0.1975,0.2511746182460852,0.24689211920999532,0.24975544375826877,0.07112538175391475,0.07540788079000466,46,False,-0.03639341272729428,0.07610600263998177,1.4127505157487377,short_correlation
2023-10-31,0.30269999999999997,0.30010000000000003,0.30260000000000004,0.2729,0.1814,0.24283937837686972,0.23881662079991378,0.24383092098667475,0.059860621623130245,0.06388337920008619,46,False,-0.03580792799114737,0.07636396052719299,1.2527971173026093,short_correlation
2023-11-01,0.2846,0.2858,0.2879,0.2618,0.16870000000000002,0.24449658638299646,0.236260889734398,0.24407481549274326,0.040103413617003564,0.04833911026560203,46,False,-0.03553133064143667,0.07658430318565648,0.9876011285900934,short_correlation
2023-11-02,0.252,0.2601,0.2657,0.2504,0.1566,0.2621730817283956,0.19271580025809668,0.2576478519516134,-0.010173081728395594,0.059284199741903326,46,False,-0.035265107013289776,0.07673059774885602,0.3270145941912499,no_trade
2023-11-03,0.24309999999999998,0.2527,0.2568,0.242,0.1491,0.2636689757685763,0.19501867422074481,0.26023596576476665,-0.020568975768576303,0.04808132577925517,46,False,-0.03526283213372062,0.07673133606218933,0.19149746530198844,no_trade
2023-11-06,0.24420000000000003,0.24600000000000002,0.2534,0.24420000000000003,0.1489,0.26458896200622545,0.20106175090300496,0.26151523152302525,-0.02038896200622542,0.04313824909699507,46,False,-0.035236899608093744,0.07673520866221831,0.19349576108182165,no_trade
2023-11-07,0.24969999999999998,0.245,0.2529,0.2427,0.1481,0.26536701320575334,0.20067987835599244,0.2618581582405077,-0.015667013205753366,0.04902012164400754,46,False,-0.03517075503737702,0.07674081693333594,0.25415082365576563,no_trade
2023-11-08,0.2343,0.23329999999999998,0.245,0.23829999999999998,0.1445,0.2578864726942068,0.1918754362612096,0.253584433745725,-0.023586472694206773,0.042424563738790416,46,False,-0.03495842907167463,0.07672038200530244,0.1482260134820744,no_trade
2023-11-09,0.2438,0.24559999999999998,0.2553,0.2415,0.15289999999999998,0.25604302168993764,0.1503677184617268,0.24987092858240942,-0.012243021689937655,0.09343228153827318,46,False,-0.034725747828587665,0.07666536406396349,0.2932579322246772,no_trade
2023-11-10,0.20379999999999998,0.22149999999999997,0.23559999999999998,0.23989999999999997,0.1417,0.265576772046381,0.1314808530372972,0.2579510836555551,-0.061776772046381045,0.07231914696270278,46,False,-0.034579609233555006,0.07667301152782668,-0.35471624592384066,no_trade
2023-11-13,0.23829999999999998,0.2229,0.2372,0.2463,0.1476,0.2651095963842465,0.14294416033784726,0.2577074556923072,-0.026809596384246542,0.09535583966215272,46,False,-0.034576287259897115,0.07667181018611548,0.10129786758389389,no_trade
2023-11-14,0.2167,0.2104,0.2285,0.2413,0.1416,0.27615214158964285,0.08005631714370327,0.2728208729610705,-0.05945214158964285,0.13664368285629674,46,False,-0.03418012690312228,0.07645181439521367,-0.3305613462079291,no_trade
2023-11-15,0.2144,0.2086,0.2325,0.2481,0.1418,0.2736851615478422,0.08229032454052058,0.2702637024371754,-0.05928516154784222,0.13210967545947944,46,False,-0.03368020988449644,0.07586850808727243,-0.33749117135520984,no_trade
2023-11-16,0.196,0.1932,0.2262,0.2443,0.1432,0.2563870903346398,0.08971662607924885,0.2540779354272467,-0.06038709033463979,0.10628337392075116,46,False,-0.033454382245138296,0.07570644559173231,-0.35575185017592137,no_trade
2023-11-17,0.1891,0.1934,0.22690000000000002,0.2446,0.138,0.2493570357175491,0.09242516861053336,0.245893683183664,-0.06025703571754912,0.09667483138946663,46,False,-0.03336946348110512,0.07566400593649582,-0.3553548599979033,no_trade
2023-11-20,0.1962,0.1948,0.22769999999999999,0.2341,0.1341,0.2484312639200396,0.17346205194414202,0.24552265780982627,-0.0522312639200396,0.022737948055857993,46,False,-0.0332262806458692,0.07557846215007095,-0.25146030672645214,no_trade
2023-11-21,0.2036,0.19469999999999998,0.228,0.23329999999999998,0.1335,0.24534123762890922,0.18702812742312666,0.24240129067739943,-0.04174123762890922,0.016571872576873342,46,False,-0.03311860255867781,0.07553177927902928,-0.11415903547535527,no_trade
2023-11-22,0.2241,0.2026,0.2334,0.2148,0.1285,0.24069524649280746,0.18040005030915066,0.23657989923396086,-0.01659524649280747,0.04369994969084934,46,False,-0.03294852249311961,0.07546361488975845,0.21670411660244393,no_trade
2023-11-24,0.20129999999999998,0.1923,0.2268,0.2155,0.1246,0.2412773024519573,0.1810627810034198,0.23687645079908903,-0.039977302451957325,0.02023721899658018,46,False,-0.03264721923726431,0.07537633085506083,-0.09724648482542668,no_trade
2023-11-27,0.2109,0.1977,0.23070000000000002,0.21899999999999997,0.12689999999999999,0.24369972235070309,0.17535720144126582,0.23971540025243362,-0.03279972235070308,0.035542798558734184,46,False,-0.03244285859930154,0.07528595587932979,-0.004740110519065923,no_trade
2023-11-28,0.22039999999999998,0.1966,0.2314,0.2184,0.12689999999999999,0.24545889031347798,0.17790119654748307,0.24171771473443537,-0.025058890313477994,0.042498803452516914,46,False,-0.03211141673980712,0.07509882778257834,0.0939099402023582,no_trade
2023-11-29,0.23399999999999999,0.2043,0.2365,0.21899999999999997,0.1298,0.24189143697710458,0.18273262385975841,0.23922791823881712,-0.007891436977104593,0.05126737614024157,46,False,-0.03167192078400174,0.07481306307053892,0.317865394503033,no_trade
2023-11-30,0.2391,0.2065,0.23620000000000002,0.2159,0.1292,0.2390330084422413,0.16675644888196567,0.23494597224121078,6.699155775871657e-05,0.07234355111803434,46,False,-0.0312652035519203,0.0746618886572437,0.4196544672680091,no_trade
2023-12-01,0.23809999999999998,0.21109999999999998,0.2391,0.2161,0.1263,0.24047724780357582,0.17343523978696027,0.2359363958742598,-0.0023772478035758438,0.06466476021303971,46,False,-0.03084699631382823,0.07454048176875785,0.3819367387317439,no_trade
2023-12-04,0.22940000000000002,0.21289999999999998,0.2427,0.22870000000000001,0.1308,0.2394304009660231,0.17148827125763333,0.2357384686554146,-0.01003040096602309,0.05791172874236669,46,False,-0.030471124952544136,0.07444383488444346,0.27457913765794656,no_trade
2023-12-05,0.2291,0.2095,0.23870000000000002,0.22920000000000001,0.1285,0.23988131849233707,0.1722465551921919,0.23784296187929013,-0.010781318492337072,0.0568534448078081,46,False,-0.030014636944018135,0.07421381463135476,0.25916089271545323,no_trade
2023-12-06,0.2433,0.215,0.24350000000000002,0.2152,0.1297,0.24374786747186072,0.17808912517097025,0.2407666407230214,-0.0004478674718607356,0.06521087482902974,46,False,-0.029463597753540235,0.07383659872790546,0.3929721951116016,no_trade
2023-12-07,0.23739999999999997,0.2095,0.2361,0.2127,0.1306,0.2432085565466178,0.18418407706340253,0.2404497995391586,-0.005808556546617827,0.05321592293659744,46,False,-0.028931124901421627,0.07355846922146286,0.3143427072304695,no_trade
2023-12-08,0.21719999999999998,0.2027,0.23329999999999998,0.205,0.1235,0.24096152582648223,0.18588871612072486,0.23785197747698836,-0.02376152582648225,0.03131128387927512,46,False,-0.028524089744258112,0.07340070400817836,0.06488444466752274,no_trade
2023-12-11,0.2148,0.1956,0.22760000000000002,0.2173,0.1263,0.23374293821303035,0.19292782946228626,0.2301533515300615,-0.018942938213030364,0.02187217053771373,46,False,-0.02839515955383062,0.07338033759288702,0.12881136351867217,no_trade
2023-12-12,0.20190000000000002,0.18780000000000002,0.2229,0.2113,0.1207,0.2338237797300331,0.1891523931256306,0.23004143298025082,-0.031923779730033075,0.012747606874369433,46,False,-0.028159551730729614,0.07331470164237196,-0.05134342655672679,no_trade
2023-12-13,0.201,0.1822,0.21760000000000002,0.21600000000000003,0.1219,0.23472089565774687,0.18278606427545996,0.2308833177242595,-0.03372089565774686,0.018213935724540053,46,False,-0.027939618683878013,0.07321950983261379,-0.07895814909284904,no_trade
2023-12-14,0.1696,0.171,0.20800000000000002,0.2245,0.12480000000000001,0.22172961105593111,0.23713352131386708,0.2199299515704705,-0.05212961105593111,-0.06753352131386708,46,False,-0.02783315797898597,0.07319140565676269,-0.331957732727329,no_trade
2023-12-15,0.18030000000000002,0.1861,0.2189,0.2256,0.12279999999999999,0.20490431084542157,0.2495034915295935,0.20454707697622895,-0.024604310845421556,-0.06920349152959349,46,False,-0.02780660839814182,0.07318133338221333,0.043758393086324676,no_trade
2023-12-18,0.1943,0.19399999999999998,0.222,0.22219999999999998,0.12560000000000002,0.2044520797851327,0.2647453947854196,0.2051035490190083,-0.01015207978513269,-0.07044539478541958,46,False,-0.027524353627145372,0.07305536421414759,0.23779600620550248,no_trade
2023-12-19,0.2048,0.2016,0.23079999999999998,0.2216,0.1253,0.20542556531896822,0.2621238080754844,0.20629550109271613,-0.0006255653189682076,-0.0573238080754844,46,False,-0.027226794285329637,0.0729724313180652,0.36453806575821157,no_trade
2023-12-20,0.21539999999999998,0.2064,0.2369,0.22690000000000002,0.1367,0.20855452498686067,0.16452374301879957,0.2083820549645606,0.006845475013139313,0.05087625698120041,46,False,-0.026906300267470287,0.07291093159828696,0.4629178991508401,no_trade
2023-12-21,0.2115,0.20329999999999998,0.2328,0.22719999999999999,0.1365,0.21327935050695512,0.1458925663096108,0.21612160566041586,-0.0017793505069551296,0.06560743369038918,46,False,-0.026566730246028,0.07286788285812629,0.3401687927084952,no_trade
2023-12-22,0.2048,0.2024,0.23379999999999998,0.22519999999999998,0.1303,0.21324803291359734,0.15599035880133505,0.21309516493351877,-0.008448032913597331,0.04880964119866496,46,False,-0.02621067795182625,0.07276845793655275,0.24409813732367774,no_trade
2023-12-26,0.17850000000000002,0.198,0.2316,0.24420000000000003,0.12990000000000002,0.21474827011771702,0.1469337348138487,0.2166862837855925,-0.036248270117717,0.03156626518615133,46,False,-0.02581930243142221,0.07259683170425645,-0.14365596185767607,no_trade
2023-12-27,0.159,0.1862,0.22190000000000001,0.2457,0.1243,0.2182733524276803,0.15415058647122198,0.2217624860653932,-0.05927335242768031,0.004849413528778018,46,False,-0.02552586032417149,0.07240361044423829,-0.46610233794210415,no_trade
2023-12-28,0.1515,0.1883,0.22219999999999998,0.2427,0.1247,0.21014521950328266,0.14084593390009248,0.2160871825455298,-0.058645219503282664,0.010654066099907517,46,False,-0.025234935776951628,0.07211844515075147,-0.46326960677663614,no_trade
2023-12-29,0.1424,0.1929,0.22460000000000002,0.2408,0.1245,0.21202260469723463,0.1823173960283453,0.21820373535093618,-0.06962260469723464,-0.03991739602834529,46,False,-0.024911407210677073,0.07178285616622596,-0.6228673512658907,no_trade
2024-01-02,0.1388,0.19260000000000002,0.2278,0.2591,0.132,0.20805010557389372,0.21590514542385536,0.2141670077658206,-0.06925010557389372,-0.07710514542385535,46,False,-0.02468832960093723,0.0715549472407098,-0.6227630330444005,no_trade
2024-01-03,0.1593,0.21109999999999998,0.23989999999999997,0.2597,0.1404,0.20974551243643352,0.19441190123554708,0.21375133258427206,-0.050445512436433526,-0.03511190123554708,46,False,-0.02441785741568198,0.07125536464491738,-0.3652729187543087,no_trade
2024-01-04,0.1589,0.2104,0.2389,0.2597,0.1413,0.21008164920269676,0.20097622101626705,0.21316319119113097,-0.051181649202696744,-0.04207622101626704,46,False,-0.023999044936373972,0.07078760295829807,-0.38400232710714066,no_trade
2024-01-05,0.14429999999999998,0.2053,0.23420000000000002,0.2555,0.1335,0.20875473024007588,0.19280043606791483,0.2108921607411239,-0.06445473024007589,-0.04850043606791485,46,False,-0.023662084366966322,0.07045319110169142,-0.5790035232645443,no_trade
2024-01-08,0.131,0.1924,0.223,0.2627,0.1308,0.21335639851942148,0.18517903718907644,0.2192185751774876,-0.08235639851942148,-0.054179037189076434,46,False,-0.023370857103679192,0.07013026704334352,-0.8410853673106176,no_trade
2024-01-09,0.1245,0.1875,0.22,0.2638,0.1276,0.21321886023437578,0.17645502314458064,0.2191485089763796,-0.08871886023437578,-0.05195502314458064,46,False,-0.023158022883452728,0.06986801759929759,-0.9383526197483262,long_correlation
2024-01-10,0.1206,0.1832,0.2137,0.2704,0.12689999999999999,0.21564611159568958,0.17227960875160037,0.222272361174886,-0.09504611159568958,-0.05167960875160037,46,False,-0.022836496381153003,0.06937545431542132,-1.0408525021865733,long_correlation
2024-01-11,0.109,0.1736,0.2069,0.273,0.1244,0.21088154824340033,0.1667909130419336,0.21473986747151275,-0.10188154824340033,-0.05779091304193361,46,False,-0.022635425448225843,0.06909073773349601,-1.1469862009702498,long_correlation
2024-01-12,0.11349999999999999,0.1845,0.21539999999999998,0.2657,0.127,0.20987741702528587,0.20494230449020093,0.21418093720870784,-0.09637741702528588,-0.09144230449020094,46,False,-0.022390800126806002,0.068697919379367,-1.076984828170812,long_correlation
2024-01-16,0.1404,0.1949,0.2214,0.2753,0.1384,0.20548635735084333,0.2055368413281116,0.20672971243043245,-0.06508635735084334,-0.0651368413281116,46,False,-0.022165062906182347,0.06835879184263463,-0.6278825779055306,no_trade
2024-01-17,0.15839999999999999,0.2087,0.22949999999999998,0.2767,0.1479,0.2039230996126761,0.19971009439082088,0.20634941149815492,-0.045523099612676116,-0.041310094390820895,46,False,-0.021612189322881403,0.06743613887388092,-0.35457116449850284,no_trade
2024-01-18,0.142,0.1953,0.2193,0.27649999999999997,0.1413,0.19846497839472482,0.20372675252087366,0.20365883964559867,-0.056464978394724835,-0.06172675252087367,46,False,-0.020973441475955045,0.06643289918793163,-0.5342463952742449,no_trade
2024-01-19,0.12029999999999999,0.18359999999999999,0.2086,0.27690000000000003,0.133,0.19898180215038253,0.18461214499167,0.2114412676740911,-0.07868180215038253,-0.06431214499167001,46,False,-0.02052005438818559,0.06579365643320911,-0.8840023630734104,no_trade
2024-01-22,0.1082,0.17670000000000002,0.20550000000000002,0.28350000000000003,0.1319,0.19938891750385013,0.18429834383182847,0.2113994194552866,-0.09118891750385012,-0.07609834383182847,46,False,-0.020215239878069866,0.06534222612502281,-1.0861839553795196,long_correlation
2024-01-23,0.10220000000000001,0.17059999999999997,0.2041,0.2797,0.1255,0.19116587915097163,0.20867987446345507,0.2037795869008285,-0.08896587915097162,-0.10647987446345505,46,False,-0.019975263688963348,0.06496752158213004,-1.061924693783991,long_correlation
2024-01-24,0.1069,0.1746,0.2084,0.2809,0.13140000000000002,0.195634182986026,0.20973613912731465,0.2054276916646982,-0.088734182986026,-0.10283613912731465,46,False,-0.019744727347795036,0.06461689158356254,-1.0676690559931041,long_correlation
2024-01-25,0.10779999999999999,0.1745,0.2095,0.28,0.13449999999999998,0.18921856994875874,0.21784945658398505,0.21116677614838705,-0.08141856994875875,-0.11004945658398506,46,False,-0.019461305195784973,0.06415353937587158,-0.9657653397729162,long_correlation
2024-01-26,0.1069,0.175,0.2127,0.2751,0.1326,0.17443718351180942,0.2203240256928776,0.19310665639676686,-0.06753718351180943,-0.1134240256928776,46,False,-0.01905965020878078,0.06344075315431845,-0.7641386788884418,no_trade
2024-01-29,0.1139,0.1752,0.2144,0.2801,0.136,0.17586975485150963,0.21823009408654295,0.19551161239175624,-0.06196975485150963,-0.10433009408654295,46,False,-0.018613496904514804,0.06269560598339917,-0.6915358304132971,no_trade
2024-01-30,0.10300000000000001,0.1681,0.2115,0.2907,0.1331,0.17004819988342756,0.2230516470256136,0.18756662730465873,-0.06704819988342756,-0.12005164702561358,46,False,-0.018226930544962102,0.062121880277053676,-0.7858949072489496,no_trade
2024-01-31,0.1531,0.1967,0.231,0.2675,0.1435,0.1725015388665943,0.18403445047795997,0.18252195573189378,-0.019401538866594292,-0.03093445047795995,46,False,-0.01777477015987517,0.061342239492142764,-0.026519551946379324,no_trade
2024-02-01,0.1399,0.1838,0.21789999999999998,0.2616,0.1388,0.1747107564819988,0.16218295684774064,0.18367705779666213,-0.0348107564819988,-0.022282956847740648,46,False,-0.017212769290301678,0.06066965822615733,-0.2900624085617457,no_trade
2024-02-02,0.1643,0.1954,0.2208,0.24420000000000003,0.13849999999999998,0.16744130043764274,0.18097704420518196,0.17662371410424293,-0.003141300437642741,-0.016677044205181957,46,False,-0.016730889551933976,0.06003996109734859,0.22634240372436487,no_trade
2024-02-05,0.1393,0.1752,0.2082,0.2637,0.1367,0.1708385667670165,0.17719823051915595,0.17638837754085054,-0.031538566767016496,-0.037898230519155945,46,False,-0.0160007529469197,0.05907037321827784,-0.2630390324889468,no_trade
2024-02-06,0.1472,0.1775,0.20920000000000002,0.2596,0.1306,0.16798918645401428,0.18162444274475986,0.17415725349398953,-0.020789186454014286,-0.034424442744759864,46,False,-0.015377385362898278,0.05806165726779926,-0.09320783018912154,no_trade
2024-02-07,0.1508,0.1744,0.203,0.2553,0.1283,0.1618805534154442,0.17139690293739557,0.1744569992714989,-0.0110805534154442,-0.020596902937395578,46,False,-0.014868492426939781,0.05744427812132342,0.06594110214937998,no_trade
2024-02-08,0.1425,0.172,0.2024,0.25730000000000003,0.12789999999999999,0.15274435056811242,0.17123785130844696,0.1619755348371942,-0.010244350568112431,-0.02873785130844697,46,False,-0.014468594753576983,0.05711625207210139,0.07395870758697588,no_trade
2024-02-09,0.138,0.1716,0.2018,0.259,0.1293,0.15078415230008457,0.17461822034170893,0.16020186483060497,-0.012784152300084561,-0.03661822034170892,46,False,-0.014049096441203977,0.05675495107323071,0.02228782013197866,no_trade
2024-02-12,0.1454,0.1744,0.2057,0.2768,0.1393,0.13943310116126503,0.17030589787067152,0.1435207670639637,0.005966898838734969,-0.024905897870671517,46,False,-0.01392393677977601,0.05672268816799522,0.35066807058932786,no_trade
2024-02-13,0.1551,0.18059999999999998,0.2107,0.2805,0.1585,0.15459367372384833,0.12195837721741146,0.15395689646352914,0.0005063262761516585,0.03314162278258853,46,False,-0.013757362650336783,0.05671920668556885,0.2514789920381163,no_trade
2024-02-14,0.1416,0.17010000000000003,0.20370000000000002,0.2821,0.1438,0.16583785149280691,0.12625336258059996,0.16656883274079293,-0.02423785149280691,0.015346637419400039,46,False,-0.013635483544660994,0.05671671697981543,-0.1869355017837004,no_trade
2024-02-15,0.132,0.162,0.19640000000000002,0.2851,0.1401,0.16751599400172773,0.10324935138423358,0.16835731981323251,-0.035515994001727724,0.028750648615766428,46,False,-0.013591205231465713,0.05670401515061528,-0.3866531975209539,no_trade
2024-02-16,0.133,0.1661,0.2002,0.2884,0.1424,0.16853555459727976,0.10142125055640466,0.16651806232684713,-0.03553555459727975,0.031578749443595344,46,False,-0.013501317373915191,0.05665099951310787,-0.3889470161645832,no_trade
2024-02-20,0.1718,0.1802,0.212,0.2837,0.1542,0.16617531157841728,0.10833186700909336,0.16540803947222116,0.00562468842158273,0.06346813299090664,46,False,-0.013350118915312523,0.05654059819936624,0.3355961546425226,no_trade
2024-02-21,0.1741,0.18030000000000002,0.2121,0.2751,0.1534,0.16502002168270583,0.09885957886184754,0.16359986497244894,0.00907997831729418,0.07524042113815246,46,False,-0.013169759101645022,0.05652829650707313,0.39360353652537877,no_trade
2024-02-22,0.1805,0.17190000000000003,0.1981,0.2515,0.1454,0.1711906404382539,0.08409914372031844,0.173160854028893,0.009309359561746083,0.09640085627968155,46,False,-0.012994306159620205,0.0565284677101525,0.3945563470024954,no_trade
2024-02-23,0.16149999999999998,0.1646,0.1948,0.2509,0.1375,0.16915580142059233,0.08492588819718866,0.17251171705673016,-0.007655801420592356,0.07657411180281132,46,False,-0.013151672831290697,0.05641036842349818,0.09742661791247924,no_trade
2024-02-26,0.1612,0.16010000000000002,0.1928,0.2584,0.1374,0.17064924471281784,0.07877977016251841,0.17219664337085291,-0.009449244712817828,0.0824202298374816,46,False,-0.013362624659258412,0.056289414402357164,0.0695224846090548,no_trade
2024-02-27,0.1552,0.1558,0.19010000000000002,0.25420000000000004,0.1343,0.17154295877396308,0.11213725073600382,0.17273861350528796,-0.01634295877396308,0.04306274926399618,46,False,-0.013499711573622623,0.05623742015914285,-0.05055792375067213,no_trade
2024-02-28,0.16210000000000002,0.1613,0.1962,0.2522,0.1384,0.17236174866848422,0.11300364830236105,0.174121075289162,-0.0102617486684842,0.04909635169763897,46,False,-0.01375562349696431,0.05610234622574894,0.062276804153986495,no_trade
2024-02-29,0.1583,0.1566,0.1916,0.2486,0.134,0.1706781304604416,0.12264146736967257,0.1732183821255602,-0.012378130460441616,0.03565853263032742,46,False,-0.01390076601016424,0.05604555264453417,0.02716782113613644,no_trade
2024-03-01,0.1398,0.15109999999999998,0.1873,0.2565,0.1311,0.16993762956367697,0.12747320808693507,0.17451954289083058,-0.030137629563676965,0.012326791913064933,46,False,-0.014228287261415612,0.055792966659187815,-0.28514960316492605,no_trade
2024-03-04,0.13419999999999999,0.1445,0.1822,0.2775,0.1349,0.1676604346967441,0.13159580975993765,0.17254840336596652,-0.03346043469674412,0.0026041902400623373,46,False,-0.014604972976441434,0.05557739462283146,-0.3392649448262688,no_trade
2024-03-05,0.1465,0.1502,0.1856,0.2834,0.1446,0.16789434781429255,0.17047219881364814,0.17281074148984932,-0.021394347814292558,-0.02397219881364815,46,False,-0.014928724148397151,0.05544799897363353,-0.1166069792522165,no_trade
2024-03-06,0.1467,0.1464,0.1816,0.2873,0.145,0.16952190846329313,0.1837746198110123,0.17335133168602246,-0.022821908463293128,-0.037074619811012316,46,False,-0.015094570440576832,0.05540439735736566,-0.139471565278004,no_trade
2024-03-07,0.1245,0.12960000000000002,0.1635,0.3041,0.1444,0.16959177014339083,0.18254683493636806,0.175108063643546,-0.04509177014339083,-0.05804683493636806,46,False,-0.015312794578287187,0.055325735027654144,-0.5382481687811079,no_trade
2024-03-08,0.12619999999999998,0.1383,0.1744,0.301,0.1474,0.16685613412512096,0.18333957934031173,0.17196363692154032,-0.04065613412512098,-0.05713957934031175,46,False,-0.015736374482896175,0.055142460250704864,-0.4519159923029779,no_trade
2024-03-11,0.1589,0.1487,0.18420000000000003,0.2942,0.1522,0.1658704187175793,0.20801713407433442,0.16967006259422288,-0.00697041871757928,-0.049117134074334406,46,False,-0.016096775364101226,0.05500665325941373,0.1659136869040488,no_trade
2024-03-12,0.11720000000000001,0.12269999999999999,0.163,0.3029,0.1384,0.16412649245169683,0.2026190256013871,0.16983453742580426,-0.04692649245169682,-0.08541902560138707,46,False,-0.016504867651418204,0.0545522787958063,-0.5576600184595272,no_trade
2024-03-13,0.1133,0.11789999999999999,0.1597,0.2966,0.1375,0.17306733799423812,0.24654437432215595,0.1765899462814068,-0.059767337994238126,-0.13324437432215597,46,False,-0.017146465722199324,0.05394980690802866,-0.7900097278327066,no_trade
2024-03-14,0.1368,0.1303,0.1698,0.2863,0.14400000000000002,0.17383424395855906,0.24866443205661504,0.17748992005483488,-0.03703424395855906,-0.11186443205661503,46,False,-0.01807731132213853,0.05263224781771768,-0.3601771427675758,no_trade
2024-03-15,0.1438,0.13419999999999999,0.1711,0.28600000000000003,0.1441,0.17478607109433877,0.2455517914201152,0.1754173216332415,-0.030986071094338763,-0.1017517914201152,46,False,-0.018689428189834562,0.051944972702830446,-0.23672440786236404,no_trade
2024-03-18,0.1515,0.1349,0.1727,0.2848,0.1433,0.17257633201985062,0.23644475197278925,0.17371548075032106,-0.021076332019850624,-0.08494475197278925,46,False,-0.019369091208704572,0.05096788231123879,-0.033496404671488435,no_trade
2024-03-19,0.16920000000000002,0.1391,0.1769,0.2627,0.1382,0.15070635090248025,0.22624429143744348,0.1592544807727729,0.01849364909751977,-0.05704429143744347,46,False,-0.019786959448890938,0.05054507099456348,0.7573559160798902,short_correlation
2024-03-20,0.1585,0.1349,0.17629999999999998,0.25739999999999996,0.1304,0.14711523178901145,0.19968776671931662,0.15557503273857504,0.01138476821098855,-0.04118776671931662,46,False,-0.020233734927375718,0.0496966814183508,0.6362296683796063,no_trade
2024-03-21,0.12380000000000001,0.12240000000000001,0.1666,0.2669,0.1292,0.1434959999333024,0.2301107289026021,0.1545009136808834,-0.019695999933302386,-0.10631072890260208,46,False,-0.02062439684782481,0.0490529465290102,0.018926425020632864,no_trade
2024-03-22,0.1106,0.11939999999999999,0.16390000000000002,0.2671,0.1306,0.1437074682236948,0.24171850418309704,0.15201021002513287,-0.033107468223694786,-0.13111850418309703,46,False,-0.02098484605980881,0.04870850006375713,-0.2488810402294884,no_trade
2024-03-25,0.0955,0.1226,0.1656,0.2823,0.1319,0.14410130380365113,0.2433369807400392,0.1514318127388877,-0.04860130380365113,-0.1478369807400392,46,False,-0.02152088645287746,0.048089288982566605,-0.5631278383132448,no_trade
2024-03-26,0.0943,0.12279999999999999,0.1653,0.2778,0.1324,0.1436303363689441,0.23491740661549654,0.15034622545374599,-0.0493303363689441,-0.14061740661549654,46,False,-0.022046496111966643,0.047654873277277174,-0.5725299089188209,no_trade
2024-03-27,0.0901,0.1259,0.1684,0.27449999999999997,0.1278,0.1499346710746901,0.1952559091261386,0.15550093908071339,-0.05983467107469011,-0.1051559091261386,46,False,-0.022354084938508073,0.04757947358971754,-0.7877469696151075,no_trade
2024-03-28,0.09380000000000001,0.1323,0.1743,0.2702,0.1301,0.15466455281910352,0.1913192479379453,0.16117499956594059,-0.06086455281910351,-0.0975192479379453,46,False,-0.022568254282694534,0.04762639695964732,-0.8040981678470553,no_trade
2024-04-01,0.09699999999999999,0.13949999999999999,0.17980000000000002,0.28859999999999997,0.1365,0.15466253467275012,0.2149959179480154,0.15916179724628687,-0.057662534672750135,-0.11799591794801541,46,False,-0.022816887100669755,0.04766225609036927,-0.7310952193704771,no_trade
2024-04-02,0.11869999999999999,0.15439999999999998,0.1894,0.2849,0.1461,0.15804617037326946,0.2006958718106769,0.1600398215388535,-0.03934617037326947,-0.08199587181067693,46,False,-0.022995535348940575,0.04770831973229618,-0.3427208318397414,no_trade
2024-04-03,0.11960000000000001,0.1512,0.1859,0.2871,0.1433,0.15880627604266728,0.20330916808189012,0.15822619902873286,-0.03920627604266727,-0.0837091680818901,46,False,-0.022965462262706966,0.04769556271947443,-0.3405099521622599,no_trade
2024-04-04,0.1483,0.17309999999999998,0.1998,0.29359999999999997,0.1635,0.1662326314345046,0.19062872529323613,0.16014845053746737,-0.017932631434504603,-0.04232872529323614,46,False,-0.02286147770331969,0.047631178070804796,0.10347941135296396,no_trade
2024-04-05,0.1456,0.1757,0.2007,0.2875,0.1603,0.1688928779310151,0.1909433524975532,0.16404017637514273,-0.023292877931015088,-0.045343352497553197,46,False,-0.022727642163210396,0.047597309921363185,-0.011875372132133803,no_trade
2024-04-08,0.12890000000000001,0.1641,0.1931,0.2994,0.1519,0.16886136535167,0.18354351074692118,0.16337705429731658,-0.03996136535167,-0.05464351074692117,46,False,-0.02271737728440404,0.0475969063818285,-0.3622922029623621,no_trade
2024-04-09,0.1332,0.1663,0.1967,0.2966,0.14980000000000002,0.16788821555845307,0.18498455332184846,0.16406851456447138,-0.034688215558453056,-0.05178455332184845,46,False,-0.02280224453911881,0.04760855572275751,-0.2496603990373225,no_trade
2024-04-10,0.15130000000000002,0.1776,0.204,0.3086,0.158,0.1770063033296058,0.16952988702509494,0.17076969046717383,-0.025706303329605773,-0.018229887025094926,46,False,-0.02278380486095819,0.04760302633672887,-0.06139312336939977,no_trade
2024-04-11,0.1266,0.16399999999999998,0.1937,0.3095,0.1491,0.1745071409242926,0.1733621808646435,0.17218030075451618,-0.0479071409242926,-0.04676218086464351,46,False,-0.022708835495321572,0.047583406215296095,-0.5295607740849544,no_trade
2024-04-12,0.1588,0.1932,0.2126,0.312,0.17309999999999998,0.186015352771072,0.1215006127525845,0.18451135327439724,-0.02721535277107201,0.037299387247415494,46,False,-0.022776394910139414,0.04760713723058455,-0.09324143645589444,no_trade
2024-04-15,0.21100000000000002,0.226,0.239,0.3155,0.1923,0.18526812935393772,0.1141281417061427,0.18274593895855668,0.025731870646062305,0.09687185829385732,46,False,-0.02277722877956972,0.04760721343648354,1.0189443137719405,short_correlation
2024-04-16,0.2011,0.2134,0.2297,0.3145,0.184,0.1795418632571058,0.12476321553707409,0.1728357042441157,0.021558136742894196,0.07633678446292591,46,False,-0.02241149298041388,0.047624514497163865,0.9232562302745692,short_correlation
2024-04-17,0.19579999999999997,0.2165,0.2322,0.3197,0.1821,0.17810802190404024,0.12270270153612624,0.1713497075242059,0.017691978095959737,0.07309729846387374,46,False,-0.022104876973650794,0.04765800293534868,0.8350508334056228,short_correlation
2024-04-18,0.1866,0.2162,0.2314,0.3184,0.18,0.178351229074327,0.12593952888409052,0.1727032642402302,0.008248770925672999,0.06066047111590947,46,False,-0.02180391737970274,0.04766894138697937,0.6304458926705795,no_trade
2024-04-19,0.18789999999999998,0.2366,0.2475,0.32770000000000005,0.18710000000000002,0.17556302761242362,0.14655393184799737,0.16978223018587102,0.012336972387576361,0.04134606815200262,46,False,-0.021584997301520126,0.04767981841474019,0.711453416076969,no_trade
2024-04-22,0.1537,0.20850000000000002,0.22769999999999999,0.3236,0.16940000000000002,0.1765380909103311,0.1396218598569478,0.17177566943962927,-0.022838090910331094,0.014078140143052198,46,False,-0.02135602103667351,0.04770371008822962,-0.031068230771075133,no_trade
2024-04-23,0.1304,0.1889,0.21239999999999998,0.32020000000000004,0.15689999999999998,0.1798454966716832,0.13363912990590895,0.17828113549979266,-0.049445496671683214,-0.003239129905908966,46,False,-0.021299154150975115,0.047693325543681934,-0.5901526513375355,no_trade
2024-04-24,0.1305,0.1881,0.215,0.3225,0.1597,0.17644287099542105,0.19085007745619262,0.17388833667076325,-0.04594287099542105,-0.06035007745619261,46,False,-0.021321856925112095,0.04770540297916485,-0.5161053577319552,no_trade
2024-04-25,0.1117,0.1696,0.1956,0.3173,0.1537,0.17556281991623146,0.19570885363571133,0.1737007144858877,-0.06386281991623147,-0.08400885363571134,46,False,-0.0213125799275274,0.04770036660894871,-0.8920317182786921,no_trade
2024-04-26,0.1283,0.18030000000000002,0.2006,0.2943,0.1503,0.15996334434567877,0.21458440797209605,0.15704506497915663,-0.03166334434567877,-0.08628440797209605,46,False,-0.021528088495906744,0.04776966393950407,-0.21216929352082964,no_trade
2024-04-29,0.11320000000000001,0.1674,0.19390000000000002,0.30870000000000003,0.1467,0.15534347548597083,0.2478329303736849,0.15172246455541677,-0.04214347548597082,-0.1346329303736849,46,False,-0.021752512585430567,0.04768348455483727,-0.4276315602961043,no_trade
2024-04-30,0.1416,0.18030000000000002,0.20379999999999998,0.308,0.1565,0.17054479341329806,0.1875522816503403,0.16546755287413573,-0.02894479341329806,-0.04595228165034029,46,False,-0.021850553764249353,0.04769997268152743,-0.14872628327093493,no_trade
2024-05-01,0.1746,0.19699999999999998,0.2076,0.2899,0.1539,0.16383861052581328,0.2198216235364665,0.16096318408690133,0.010761389474186728,-0.0452216235364665,46,False,-0.021797138977735313,0.047684397654355164,0.6827920672905549,no_trade
2024-05-02,0.1634,0.188,0.2002,0.2826,0.14679999999999999,0.16257644891018205,0.2193072408380294,0.16280652267316084,0.0008235510898179366,-0.05590724083802942,46,False,-0.02153066742976819,0.047677944459186807,0.46885868871133374,no_trade
2024-05-03,0.1461,0.1789,0.193,0.27149999999999996,0.1349,0.16382807626696816,0.2063194326106138,0.1646777307330608,-0.01772807626696815,-0.0602194326106138,46,False,-0.021500548468664622,0.047689704345558886,0.07910454160841916,no_trade
2024-05-06,0.147,0.1697,0.1894,0.2756,0.1349,0.17074837431060227,0.198129731784345,0.17328746590004782,-0.023748374310602283,-0.05112973178434502,46,False,-0.021601471217694172,0.04765455106559512,-0.04505137588963874,no_trade
2024-05-07,0.1475,0.16920000000000002,0.19010000000000002,0.2711,0.1323,0.1695165366781178,0.2009006977525247,0.1711421717572954,-0.022016536678117815,-0.053400697752524706,46,False,-0.02188505957505061,0.04745261681558501,-0.002770702900920398,no_trade
2024-05-08,0.1424,0.1655,0.1911,0.2738,0.13,0.16966539439333997,0.20095327128540127,0.17163466480619816,-0.02726539439333997,-0.058553271285401276,46,False,-0.021934258149784388,0.04744627493213554,-0.11236153420223056,no_trade
2024-05-09,0.1341,0.1624,0.1894,0.2672,0.12689999999999999,0.16004903917302463,0.19350927038188137,0.16250000478685744,-0.02594903917302463,-0.059409270381881374,46,False,-0.021941546396507423,0.047446954920990575,-0.08446259160762892,no_trade
2024-05-10,0.12890000000000001,0.16399999999999998,0.1935,0.261,0.1255,0.15832984554806429,0.18856781154396046,0.15901059239114054,-0.02942984554806427,-0.05966781154396045,46,False,-0.022065507051731003,0.04741632507951385,-0.15531229980357586,no_trade
2024-05-13,0.16829999999999998,0.16620000000000001,0.1986,0.2633,0.136,0.1544716170135356,0.18964951808170644,0.15762106918340651,0.013828382986464383,-0.02134951808170646,46,False,-0.02211229838796513,0.04741775692490895,0.7579582777680817,short_correlation
2024-05-14,0.1637,0.1586,0.19469999999999998,0.25980000000000003,0.13419999999999999,0.15325151286219685,0.18676483299965765,0.156879998964868,0.010448487137803164,-0.023064832999657642,46,False,-0.021959224045720024,0.04747145299276358,0.682677886191167,no_trade
2024-05-15,0.1259,0.1412,0.18289999999999998,0.2663,0.1245,0.160073706162621,0.16937595065252986,0.16416771915590986,-0.034173706162621,-0.04347595065252985,46,False,-0.02180922063715161,0.04751404718287515,-0.26022800116100725,no_trade
2024-05-16,0.12140000000000001,0.1416,0.1866,0.2672,0.1242,0.15739992967896096,0.18255350792593714,0.16179026174864222,-0.03599992967896096,-0.06115350792593713,46,False,-0.02191181195715697,0.04751271762849327,-0.2965125638983735,no_trade
2024-05-17,0.11449999999999999,0.141,0.1857,0.2637,0.1199,0.1508296995919638,0.1797846962339056,0.1503355932230272,-0.036329699591963804,-0.06528469623390562,46,False,-0.022135432295770224,0.047445571783083486,-0.2991694854282373,no_trade
2024-05-20,0.12269999999999999,0.141,0.1843,0.2601,0.1215,0.150680496444079,0.1821457362115889,0.14928495376106632,-0.027980496444079003,-0.0594457362115889,46,False,-0.022314245661389728,0.04741367997483274,-0.11950666528514409,no_trade
2024-05-21,0.1143,0.1329,0.1766,0.25739999999999996,0.1186,0.149373453955322,0.18073429022849954,0.14885479314234326,-0.035073453955322006,-0.06643429022849955,46,False,-0.022356088057503578,0.047414010622512,-0.2682195775225197,no_trade
2024-05-22,0.121,0.1359,0.1784,0.2605,0.1229,0.1488428582398974,0.17817311617173204,0.14833951053341038,-0.027842858239897406,-0.05717311617173204,46,False,-0.02250080808353965,0.04739687826691003,-0.11270890302679044,no_trade
2024-05-23,0.1447,0.1389,0.17379999999999998,0.24,0.1277,0.163080205321267,0.1309510893311441,0.15564777620012163,-0.018380205321266996,0.01374891066885589,46,False,-0.022601032587297155,0.04738130060095152,0.08908213182196599,no_trade
2024-05-24,0.1273,0.13019999999999998,0.1672,0.2364,0.1193,0.16479679107368478,0.1301046272613302,0.15666642732388616,-0.03749679107368478,-0.0028046272613302115,46,False,-0.022830219552635013,0.04721973136250166,-0.3106026039931445,no_trade
2024-05-28,0.11710000000000001,0.1204,0.15839999999999999,0.2593,0.1292,0.1651593895508687,0.12386792871512724,0.1531622851886439,-0.04805938955086869,-0.006767928715127228,46,False,-0.023199348098434495,0.046967688771770204,-0.5293009322480491,no_trade
2024-05-29,0.1524,0.1348,0.1691,0.263,0.14279999999999998,0.17574148354876956,0.07654098933309249,0.16230635386005246,-0.023341483548769554,0.07585901066690752,46,False,-0.02342785203017959,0.04694792330799416,0.0018396656406595541,no_trade
2024-05-30,0.15710000000000002,0.1382,0.17010000000000003,0.26890000000000003,0.1447,0.16836974560123305,0.07980228609766177,0.15153809636884083,-0.011269745601233033,0.07729771390233825,46,False,-0.023320657918147823,0.046917026704668005,0.2568558402639736,no_trade
2024-05-31,0.1259,0.12480000000000001,0.1617,0.26530000000000004,0.1292,0.1777466936843209,0.0448258843248677,0.15670458263818884,-0.05184669368432088,0.08107411567513231,46,False,-0.023118827636764375,0.04685876781551919,-0.6130734414668517,no_trade
2024-06-03,0.1392,0.12359999999999999,0.1598,0.2731,0.1311,0.17549690022391712,0.04447100997108769,0.15316216151466683,-0.03629690022391713,0.0947289900289123,46,False,-0.023133488605737454,0.04686720854078645,-0.28086613280422157,no_trade
2024-06-04,0.156,0.1315,0.16649999999999998,0.26739999999999997,0.1316,0.17772957452521831,0.0479775960716257,0.15474855646246038,-0.021729574525218315,0.1080224039283743,46,False,-0.0229773945027337,0.046757035880379286,0.02668731997271473,no_trade
2024-06-05,0.1294,0.11789999999999999,0.1562,0.2732,0.1263,0.17887216098096126,0.04286188408997788,0.15846080313021307,-0.04947216098096127,0.08653811591002211,46,False,-0.022748913044585654,0.04662116159283553,-0.57319995948969,no_trade
2024-06-06,0.1206,0.1168,0.156,0.2734,0.1258,0.17749430195406996,0.043881285588983604,0.1560042510440325,-0.056894301954069956,0.0767187144110164,46,False,-0.0227339047850438,0.046611910053776434,-0.7328684263231244,no_trade
2024-06-07,0.11560000000000001,0.1192,0.15810000000000002,0.26780000000000004,0.1222,0.17939944396802657,0.056159135117266466,0.15757111056566747,-0.06379944396802656,0.05944086488273354,46,False,-0.022772777807551894,0.04663638859515679,-0.8797136184068786,no_trade
2024-06-10,0.1425,0.1234,0.15990000000000001,0.2609,0.1274,0.17904076072888764,0.05711565076301438,0.15639766922903192,-0.03654076072888765,0.08538434923698561,46,False,-0.02278105417215364,0.04664351134930734,-0.29499722809651513,no_trade
2024-06-11,0.15130000000000002,0.1233,0.15990000000000001,0.26239999999999997,0.1285,0.17645594552441604,0.05667567459641103,0.1553706886505411,-0.025155945524416023,0.09462432540358899,46,False,-0.0226706045978806,0.046577536036019516,-0.05335921858583182,no_trade
2024-06-12,0.1091,0.10060000000000001,0.1447,0.25920000000000004,0.1204,0.1758659205102306,0.047384023657404024,0.15402136992932172,-0.06676592051023059,0.06171597634259598,46,False,-0.022478963372870597,0.04646699573460761,-0.9530841500987339,long_correlation
2024-06-13,0.0889,0.0922,0.1358,0.2687,0.11939999999999999,0.17366002412791928,0.07128348752791595,0.15093674211640867,-0.08476002412791928,0.017616512472084053,46,False,-0.02260279913249172,0.04654351429592243,-1.335464799676139,long_correlation
2024-06-14,0.0941,0.09759999999999999,0.1389,0.2708,0.1266,0.16960536868923,0.06309499519456259,0.14548802982279094,-0.07550536868923001,0.031005004805437414,46,False,-0.02281180580748604,0.046704269164703716,-1.128238677623214,long_correlation
2024-06-17,0.0932,0.0917,0.1315,0.2836,0.1275,0.17493307275150333,0.08612110755264334,0.14983307435617535,-0.08173307275150332,0.007078892447356669,46,False,-0.022913885227759275,0.04679148062442143,-1.2570490768579166,long_correlation
2024-06-18,0.08710000000000001,0.0874,0.12619999999999998,0.2845,0.12300000000000001,0.17485266324225715,0.10349546015843766,0.15002812499653995,-0.08775266324225714,-0.016395460158437652,46,False,-0.02306024931921231,0.04691788377955066,-1.3788433900175452,long_correlation
2024-06-20,0.0862,0.09759999999999999,0.1374,0.29059999999999997,0.1328,0.17378503900199124,0.09624718556044273,0.14962756139195468,-0.08758503900199124,-0.010047185560442734,46,False,-0.023250526975825844,0.04708299519506623,-1.3664065287186091,long_correlation
2024-06-21,0.07919999999999999,0.10210000000000001,0.1412,0.2826,0.132,0.1737385295254062,0.09823321886806764,0.1492403099519201,-0.0945385295254062,-0.01903321886806765,46,False,-0.023399128646952632,0.047227067721880324,-1.5063268652924358,long_correlation
2024-06-24,0.0848,0.11460000000000001,0.1561,0.2957,0.1333,0.16278495450968036,0.10089939072370575,0.14014907472303306,-0.07798495450968036,-0.016099390723705753,46,False,-0.023570131862867136,0.047406700630775025,-1.1478297777063342,long_correlation
2024-06-25,0.0796,0.1032,0.1471,0.2902,0.1284,0.16307444682842506,0.08728537706068913,0.13843802901635396,-0.08347444682842506,-0.0076853770606891275,46,False,-0.023599091624194216,0.04743781691274821,-1.2621861439020021,long_correlation
2024-06-26,0.0683,0.0944,0.13949999999999999,0.2965,0.1255,0.16177471237139374,0.10395905399367783,0.13792221554013256,-0.09347471237139374,-0.03565905399367783,46,False,-0.023634208856915206,0.04747899844705622,-1.4709767644394942,long_correlation
2024-06-27,0.0588,0.0886,0.13419999999999999,0.29760000000000003,0.12240000000000001,0.15892653640107718,0.10483079801517683,0.1358954966152015,-0.10012653640107719,-0.04603079801517684,46,False,-0.02373684868637324,0.04760224038644811,-1.6047498414896317,long_correlation
2024-06-28,0.0559,0.0909,0.1348,0.2955,0.1244,0.15383409324044292,0.10648542412511507,0.1273205837771032,-0.09793409324044292,-0.05058542412511507,46,False,-0.02381140998516575,0.04770742053372225,-1.5536929564842674,long_correlation
2024-07-01,0.0513,0.0836,0.12990000000000002,0.3013,0.1222,0.14262392495565326,0.10979723392496407,0.11532307374378772,-0.09132392495565327,-0.05849723392496407,46,False,-0.023861286290913015,0.04777854624437961,-1.4119860055950564,long_correlation
2024-07-02,0.049699999999999994,0.08130000000000001,0.126,0.2978,0.12029999999999999,0.13881590817799855,0.11139722236551178,0.11190954307182228,-0.08911590817799855,-0.061697222365511784,46,False,-0.023878336899780025,0.04780193886131945,-1.3647473895877413,long_correlation
2024-07-03,0.0446,0.07629999999999999,0.1233,0.3068,0.1209,0.13876454434514723,0.11839769030015596,0.11193368648213292,-0.09416454434514723,-0.07379769030015595,46,False,-0.023865228183521364,0.04778351739622696,-1.4712042978898991,long_correlation
2024-07-05,0.0406,0.0808,0.126,0.3131,0.12480000000000001,0.1387818195838988,0.20998827317733051,0.1116183739627197,-0.0981818195838988,-0.16938827317733052,46,False,-0.023845474053083793,0.047753292506909,-1.5566747679243256,long_correlation
2024-07-08,0.0382,0.0779,0.1229,0.32539999999999997,0.12369999999999999,0.13029620919765916,0.21212566015939746,0.10410072331712052,-0.09209620919765917,-0.17392566015939748,46,False,-0.023895976879188117,0.04782538440928913,-1.4260258053508612,long_correlation
2024-07-09,0.0403,0.079,0.1241,0.3282,0.1251,0.13038977523188022,0.2105846708201046,0.10368853678608055,-0.09008977523188022,-0.1702846708201046,46,False,-0.02394511989633653,0.04788928681392333,-1.3811994234232947,long_correlation
2024-07-10,0.0412,0.0779,0.1222,0.33909999999999996,0.1285,0.11506428861352062,0.2328719557708024,0.09146844022485545,-0.07386428861352062,-0.19167195577080243,46,False,-0.023901919866725695,0.047824387924920914,-1.04470482351453,long_correlation
2024-07-11,0.0387,0.08289999999999999,0.12689999999999999,0.34490000000000004,0.1292,0.10970480264046983,0.23737664257077293,0.08754932963950124,-0.07100480264046984,-0.19867664257077294,46,False,-0.02379718903692454,0.047685208266589625,-0.9899844274481453,long_correlation
2024-07-12,0.029300000000000003,0.078,0.125,0.3395,0.1246,0.10981934132989177,0.24026478594459533,0.08837493040806767,-0.08051934132989176,-0.21096478594459533,46,False,-0.023718794208017525,0.047590827518237774,-1.1935187951944546,long_correlation
2024-07-15,0.0481,0.08650000000000001,0.1317,0.34240000000000004,0.13119999999999998,0.10837520171116932,0.25524423154704456,0.08779884948269763,-0.060275201711169325,-0.20714423154704456,46,False,-0.02354500050125749,0.047301088040469376,-0.7765191612185874,no_trade
2024-07-16,0.0545,0.09369999999999999,0.1376,0.3354,0.1319,0.1159885645992693,0.24606501378412476,0.09426382566524416,-0.0614885645992693,-0.19156501378412477,46,False,-0.023266214644699804,0.04687312366507164,-0.815442773297645,no_trade
2024-07-17,0.0706,0.1109,0.1524,0.3472,0.1448,0.11500716500581835,0.2624420985185365,0.09218661682057848,-0.04440716500581836,-0.1918420985185365,46,False,-0.022974417341618928,0.04640115103385179,-0.4619012069024591,no_trade
2024-07-18,0.08470000000000001,0.1173,0.1522,0.3465,0.1593,0.11924211330401209,0.25979546800618086,0.09164170011451656,-0.03454211330401208,-0.17509546800618087,46,False,-0.022622441256160555,0.04589608644483111,-0.2597099877389205,no_trade
2024-07-19,0.1005,0.1313,0.1595,0.3442,0.16519999999999999,0.12175076195091687,0.25948529835226847,0.09039582967901452,-0.021250761950916866,-0.15898529835226846,46,False,-0.02221067090447737,0.045315858493341694,0.021182627571792425,no_trade
2024-07-22,0.08650000000000001,0.1115,0.1472,0.34020000000000006,0.1491,0.12084452999640864,0.26451605131663986,0.09073712546369173,-0.034344529996408635,-0.17801605131663983,46,False,-0.021774832314946303,0.04478969682396235,-0.2806381505743433,no_trade
2024-07-23,0.092,0.11359999999999999,0.15,0.3392,0.1472,0.1201149458864273,0.27320730925099296,0.09135215842650013,-0.028114945886427295,-0.18120730925099296,46,False,-0.021429094999351216,0.04435118965753834,-0.15074794923657003,no_trade
2024-07-24,0.1524,0.1592,0.18289999999999998,0.33509999999999995,0.1804,0.12176096796824784,0.2983917105175061,0.09747284703607814,0.030639032031752167,-0.14599171051750612,46,False,-0.021060755181335558,0.043904677856372226,1.177546214601917,short_correlation
2024-07-25,0.1592,0.16899999999999998,0.18960000000000002,0.34090000000000004,0.18460000000000001,0.11488199500379137,0.33664335997542316,0.09378338100663873,0.04431800499620864,-0.17744335997542315,46,False,-0.020477668824652528,0.04360953713127552,1.4858142985056255,short_correlation
2024-07-26,0.1177,0.14400000000000002,0.1714,0.3386,0.16390000000000002,0.10926409890312666,0.3284325085624969,0.0905803944688163,0.008435901096873338,-0.2107325085624969,46,False,-0.01988456488020564,0.043469599993374124,0.6515004964709991,no_trade
2024-07-29,0.1151,0.14279999999999998,0.171,0.3454,0.166,0.11065370353345345,0.3292342142681807,0.09250256576921971,0.00444629646654654,-0.21413421426818074,46,False,-0.019520130824849467,0.04331968253041463,0.5532456816729727,no_trade
2024-07-30,0.1402,0.1664,0.192,0.3514,0.1769,0.10863051003007196,0.34501725771642733,0.08758856221163061,0.03156948996992803,-0.20481725771642734,46,False,-0.01927220829269679,0.04327716634433033,1.174792680696977,short_correlation
2024-07-31,0.11900000000000001,0.14,0.1663,0.3344,0.1636,0.10522422911381862,0.35788799937392807,0.08592708343044018,0.013775770886181385,-0.23888799937392807,46,False,-0.018922121925544245,0.04333037719334466,0.7546182362046889,short_correlation
2024-08-01,0.157,0.17550000000000002,0.1938,0.3479,0.1859,0.10063071786048751,0.3961137977866251,0.08377935856385782,0.05636928213951249,-0.2391137977866251,46,False,-0.0186739149742906,0.043337851285668305,1.7315855513727243,short_correlation
2024-08-02,0.21850000000000003,0.2329,0.2371,0.3507,0.2339,0.10474884147943792,0.4327749365796709,0.09334339995937932,0.11375115852056211,-0.2142749365796709,46,False,-0.01833283755780539,0.043589157699913464,3.030202991938744,short_correlation
2024-08-05,0.3962,0.3568,0.3187,0.3417,0.3857,0.15145406203278955,0.2474914510113948,0.13022118378808745,0.24474593796721045,0.1487085489886052,46,False,-0.0179272151255868,0.04433736816866261,5.924419151212794,short_correlation
2024-08-06,0.3222,0.2842,0.2737,0.3371,0.2771,0.15094980093782936,0.27927249936257365,0.13025081026488725,0.17125019906217062,0.04292750063742634,46,False,-0.01697740250497461,0.04730347735877742,3.9791493580803015,short_correlation
2024-08-07,0.32289999999999996,0.2792,0.2734,0.3379,0.2785,0.14957985673953633,0.30740389991280187,0.13023707462126144,0.17332014326046363,0.015496100087198095,46,False,-0.016484149317484594,0.04860294930010812,3.905201131025314,short_correlation
2024-08-08,0.27940000000000004,0.2432,0.23989999999999997,0.3248,0.2379,0.16461328165193542,0.29776011090220056,0.1479112349523469,0.11478671834806461,-0.01836011090220052,46,False,-0.015859226976442403,0.050012203339242854,2.612281335383471,short_correlation
2024-08-09,0.22719999999999999,0.2096,0.2137,0.3264,0.20370000000000002,0.16463634499229465,0.28436675839750025,0.14764293329036862,0.06256365500770533,-0.05716675839750027,46,False,-0.015512188182908039,0.05061292808712323,1.5426067240412664,short_correlation
2024-08-12,0.233,0.2064,0.2161,0.324,0.2071,0.16119629226394253,0.26716669276452054,0.14321454352306098,0.07180370773605749,-0.03416669276452053,46,False,-0.01538177443575458,0.05077197894517579,1.7171968472207089,short_correlation
2024-08-13,0.18539999999999998,0.1808,0.1843,0.3264,0.1812,0.1690459583409462,0.2512242505138741,0.1520134952477862,0.01635404165905377,-0.06582425051387411,46,False,-0.015264114254220484,0.050939921857871676,0.6206950219023225,no_trade
2024-08-14,0.1433,0.1565,0.1679,0.3224,0.16190000000000002,0.16957908212133488,0.24026331969107778,0.15223992282278923,-0.026279082121334868,-0.09696331969107777,46,False,-0.01530733407145549,0.05090832165283763,-0.2155197361386164,no_trade
2024-08-15,0.1222,0.1423,0.15259999999999999,0.3122,0.1523,0.17484984659461975,0.23058690523949374,0.16173690506871388,-0.05264984659461974,-0.10838690523949374,46,False,-0.015527587504526682,0.050834902112793436,-0.7302514128526401,no_trade
2024-08-16,0.10619999999999999,0.1413,0.1525,0.3159,0.14800000000000002,0.17568916418362673,0.2227437397171284,0.16252082993521366,-0.06948916418362674,-0.11654373971712842,46,False,-0.01596237136995104,0.050681153218404495,-1.056147885645148,long_correlation
2024-08-19,0.10859999999999999,0.1336,0.14400000000000002,0.31989999999999996,0.1465,0.17855338190336614,0.2219502833804706,0.1659674192773283,-0.06995338190336615,-0.11335028338047061,46,False,-0.016509267922106965,0.05051125674607496,-1.0580634382139409,long_correlation
2024-08-20,0.1175,0.1391,0.15,0.3236,0.1588,0.1675355325170375,0.21370186594258544,0.16073213929038227,-0.05003553251703752,-0.09620186594258545,46,False,-0.017142142997240605,0.0501753468628609,-0.6555687519151789,no_trade
2024-08-21,0.12560000000000002,0.14,0.1508,0.3176,0.16269999999999998,0.16828082760082602,0.2063184255389774,0.16145204642567385,-0.042680827600826005,-0.08071842553897737,46,False,-0.01762748254703285,0.04989778402809615,-0.5020933402510673,no_trade
2024-08-22,0.12140000000000001,0.1459,0.1572,0.3328,0.17550000000000002,0.16902631412333483,0.20041995026857634,0.16429785082010429,-0.04762631412333482,-0.07901995026857633,46,False,-0.01811323938796842,0.049540789689686365,-0.5957328278420755,no_trade
2024-08-23,0.0949,0.1297,0.1456,0.3233,0.1586,0.165025781275492,0.18486204295214323,0.16379168780586373,-0.070125781275492,-0.08996204295214323,46,False,-0.018563976694574387,0.04928890161754369,-1.0461138895122977,long_correlation
2024-08-26,0.0876,0.1275,0.1477,0.34259999999999996,0.16149999999999998,0.17175024245269366,0.18401933174738982,0.17140421564252445,-0.08415024245269366,-0.09641933174738983,46,False,-0.019018311042882083,0.049234163297165436,-1.3229011533453119,long_correlation
2024-08-27,0.0861,0.126,0.1465,0.3283,0.1543,0.16478697617678703,0.18233476385077374,0.16679120014910734,-0.07868697617678704,-0.09623476385077374,46,False,-0.01971225492423888,0.04891256680683058,-1.2057171623287701,long_correlation
2024-08-28,0.1157,0.1446,0.161,0.33039999999999997,0.1711,0.1672774767518815,0.17421577250296622,0.16980166440904826,-0.05157747675188151,-0.05851577250296622,46,False,-0.02023896607545156,0.04882974422497549,-0.6417914157412461,no_trade
2024-08-29,0.1414,0.1467,0.1607,0.28190000000000004,0.1565,0.16745590673997868,0.17637358434137115,0.16984793631096076,-0.02605590673997868,-0.034973584341371156,46,False,-0.02059628150788933,0.04872779821488337,-0.1120433393688978,no_trade
2024-08-30,0.1373,0.14529999999999998,0.1577,0.2693,0.15,0.17095041873700528,0.1634179943956088,0.1730409172893319,-0.03365041873700528,-0.0261179943956088,46,False,-0.020834065285556026,0.048607028170249124,-0.26367284596291674,no_trade
2024-09-03,0.2241,0.2046,0.2048,0.2843,0.2072,0.17497647563320992,0.15021243457480504,0.1816741295746833,0.04912352436679007,0.07388756542519495,46,False,-0.02104104722434343,0.04854984803466832,1.44520682208996,short_correlation
2024-09-04,0.2631,0.2266,0.2208,0.287,0.2132,0.17441466929023453,0.15980603597702517,0.18123074506947146,0.08868533070976548,0.10329396402297483,46,False,-0.020879159574806298,0.04871589951433245,2.249049927782558,short_correlation
2024-09-05,0.2382,0.2065,0.2077,0.2892,0.19899999999999998,0.17793849567108633,0.14825364505753633,0.18324534706794018,0.06026150432891367,0.08994635494246367,46,False,-0.020520189493854105,0.04918822682531255,1.6422973348817087,short_correlation
2024-09-06,0.2929,0.2482,0.23870000000000002,0.29510000000000003,0.2238,0.1864167167002075,0.14234809008833252,0.1927599826438082,0.10648328329979248,0.15055190991166748,46,False,-0.020323215775778832,0.049412316501689084,2.566293346543197,short_correlation
2024-09-09,0.25429999999999997,0.2198,0.2159,0.2967,0.1945,0.19471193710440357,0.11384438928036088,0.20003166364489958,0.0595880628955964,0.14045561071963908,46,False,-0.020006120985048573,0.049967754645438824,1.5929109571848756,short_correlation
2024-09-10,0.25429999999999997,0.2112,0.20989999999999998,0.2968,0.19079999999999997,0.19238619343121444,0.13781686954997932,0.1994324672753177,0.061913806568785534,0.11648313045002065,46,False,-0.019841937301977447,0.050161435929217346,1.629852542222441,short_correlation
2024-09-11,0.2125,0.1834,0.18489999999999998,0.2982,0.1769,0.19497566019657497,0.15356128046669865,0.20232237821032306,0.01752433980342502,0.05893871953330135,46,False,-0.019626537380272816,0.05039588372608805,0.7371807861455602,no_trade
2024-09-12,0.1858,0.1751,0.17679999999999998,0.2973,0.1707,0.19498821843100073,0.16029960440341046,0.20208288480510025,-0.009188218431000733,0.025500395596589537,46,False,-0.019561056932590998,0.05043352739208801,0.20567346838439762,no_trade
2024-09-13,0.17550000000000002,0.1769,0.179,0.2868,0.1656,0.1924726173026902,0.16629236913028345,0.20084645709732396,-0.016972617302690174,0.009207630869716571,46,False,-0.01975053416974139,0.050303825824123884,0.055222775237088025,no_trade
2024-09-16,0.18309999999999998,0.1864,0.1889,0.2899,0.1714,0.1944954982990402,0.1607574236395254,0.20279579493177954,-0.011395498299040213,0.022342576360474597,46,False,-0.01987660797421483,0.05025668413971886,0.16875585447691382,no_trade
2024-09-17,0.1907,0.18789999999999998,0.19140000000000001,0.28550000000000003,0.1761,0.1937599138200232,0.15744394296567674,0.20225001967295117,-0.0030599138200231857,0.03325605703432327,46,False,-0.019888807858188334,0.050254240948739454,0.3348751014930467,no_trade
2024-09-18,0.20370000000000002,0.19469999999999998,0.1956,0.28309999999999996,0.18230000000000002,0.19620934275412855,0.15139243671928337,0.20574198073173003,0.007490657245871474,0.052307563280716646,46,False,-0.019946400299658273,0.05022648763335455,0.5462666978789349,no_trade
2024-09-19,0.1592,0.1697,0.17329999999999998,0.2753,0.16329999999999997,0.19475292897342897,0.1516715749055758,0.20977842727479,-0.03555292897342896,0.007528425094424196,46,False,-0.01999630494977851,0.05019280900636524,-0.30993730639139216,no_trade
2024-09-20,0.154,0.1751,0.18170000000000003,0.27690000000000003,0.16149999999999998,0.1943510439575742,0.1747765068722645,0.20905651582154422,-0.04035104395757419,-0.02077650687226451,46,False,-0.020257181111702854,0.050101699147032164,-0.40106150465880197,no_trade
2024-09-23,0.1441,0.1718,0.1813,0.2807,0.1589,0.1961252032740201,0.16145925351502954,0.2104173200575281,-0.052025203274020104,-0.017359253515029538,46,False,-0.020628348576374016,0.049901528843144485,-0.6291762081345412,no_trade
2024-09-24,0.1247,0.16390000000000002,0.1748,0.28809999999999997,0.1539,0.19888241295807924,0.16712770809908262,0.21996116850890082,-0.07418241295807923,-0.04242770809908261,46,False,-0.021116988665245827,0.0496016036689873,-1.0698328353849538,long_correlation
2024-09-25,0.1222,0.16329999999999997,0.17489999999999997,0.2949,0.15410000000000001,0.2017640925242567,0.1575869653965945,0.2216236170917654,-0.0795640925242567,-0.0353869653965945,46,False,-0.021614264865527446,0.04950246141627011,-1.170645378043418,long_correlation
2024-09-26,0.1082,0.15839999999999999,0.1698,0.3006,0.1537,0.20117220073565426,0.1603766506665932,0.22127320697936487,-0.09297220073565425,-0.0521766506665932,46,False,-0.022027266715191764,0.049550225926491276,-1.4317782148099722,long_correlation
2024-09-27,0.12359999999999999,0.17739999999999997,0.1867,0.30329999999999996,0.1696,0.20053117623555478,0.16504659871344182,0.22068934501666304,-0.07693117623555479,-0.041446598713441835,46,False,-0.02256508948435416,0.04958193088726085,-1.0964899062688374,long_correlation
2024-09-30,0.1092,0.1707,0.1827,0.3114,0.1673,0.20167810580959467,0.1600157775510524,0.22209143513897117,-0.09247810580959466,-0.05081577755105239,46,False,-0.023001210526795827,0.04957483708995812,-1.4014548380003062,long_correlation
2024-10-01,0.14679999999999999,0.1925,0.2002,0.3128,0.19260000000000002,0.20151565099084967,0.15350906620303567,0.2233042220973293,-0.054715650990849685,-0.006709066203035685,46,False,-0.023431086669329936,0.049706099734376334,-0.6293908491855296,no_trade
2024-10-02,0.13849999999999998,0.18739999999999998,0.19649999999999998,0.3125,0.18899999999999997,0.20080700738667168,0.1676211369724229,0.22204912229796397,-0.06230700738667169,-0.029121136972422912,46,False,-0.023796063430842427,0.049596246906980314,-0.7764890764427809,no_trade
2024-10-03,0.14550000000000002,0.19829999999999998,0.20129999999999998,0.31129999999999997,0.20489999999999997,0.20047978300849026,0.16286400685499047,0.21994706514217743,-0.05497978300849024,-0.017364006854990455,46,False,-0.02421130409917587,0.04947828283151723,-0.6218582608068024,no_trade
2024-10-04,0.1124,0.1818,0.1887,0.3075,0.19210000000000002,0.20383572719955334,0.15378709376561372,0.22513770526308502,-0.09143572719955334,-0.041387093765613725,46,False,-0.024648734108405013,0.049259746949202356,-1.355812752347681,long_correlation
2024-10-07,0.2045,0.2021,0.2023,0.3131,0.22640000000000002,0.2093610794678659,0.1550313572320105,0.22837221236530944,-0.004861079467865903,0.049468642767989485,46,False,-0.02518148345307518,0.04925316862723646,0.4125704914337698,no_trade
2024-10-08,0.1861,0.1848,0.1892,0.3132,0.21420000000000003,0.21142972433341373,0.14767931974166773,0.23194609780763772,-0.02532972433341374,0.03842068025833226,46,False,-0.025358058426902804,0.04909939140472824,0.0005770762666996427,no_trade
2024-10-09,0.17600000000000002,0.18239999999999998,0.1855,0.3224,0.2086,0.2100332335025875,0.13016108299847812,0.233250010570985,-0.034033233502587495,0.0458389170015219,46,False,-0.02554025993585325,0.04901333970057034,-0.17327881794260627,no_trade
2024-10-10,0.16920000000000002,0.1802,0.1826,0.32270000000000004,0.20929999999999999,0.2158761799582113,0.12309202491905592,0.24280663304670347,-0.04667617995821127,0.046107975080944094,46,False,-0.025743716122156302,0.04894142029699225,-0.4277044619675943,no_trade
2024-10-11,0.1696,0.18170000000000003,0.18469999999999998,0.31010000000000004,0.2046,0.21315806396067138,0.11376200344907432,0.24329416700854078,-0.043558063960671384,0.05583799655092568,46,False,-0.02592043657597104,0.04893626248844061,-0.3604204017187987,no_trade
2024-10-14,0.16649999999999998,0.1725,0.1753,0.309,0.19699999999999998,0.21216594240547437,0.10485588341654714,0.24234896909199213,-0.04566594240547439,0.06164411658345284,46,False,-0.025984242293071006,0.04894878350833228,-0.40208762510008195,no_trade
2024-10-15,0.1734,0.18289999999999998,0.18539999999999998,0.317,0.2064,0.21284453037194173,0.11306932128845422,0.24134522640907896,-0.03944453037194173,0.06033067871154578,46,False,-0.0260953658165228,0.048961601610387394,-0.27264558585409626,no_trade
2024-10-16,0.1577,0.1705,0.17670000000000002,0.3173,0.19579999999999997,0.21539343001824,0.11030790413402963,0.24611397688700962,-0.05769343001823998,0.047392095865970374,46,False,-0.026284987570917476,0.0489202204751567,-0.6420339512425696,no_trade
2024-10-17,0.13390000000000002,0.1545,0.16399999999999998,0.3207,0.1911,0.22295824410534482,0.11929288172662668,0.25058789360107653,-0.0890582441053448,0.01460711827337334,46,False,-0.026407596066033788,0.048960209128780324,-1.2796237833568203,long_correlation
2024-10-18,0.1294,0.1545,0.1624,0.3128,0.18030000000000002,0.23570598499324139,0.11775750256381151,0.2616464374406175,-0.1063059849932414,0.011642497436188476,46,False,-0.02673693642288387,0.04910175423287848,-1.6204929907998722,long_correlation
2024-10-21,0.1215,0.15109999999999998,0.1575,0.322,0.1837,0.23410384281214955,0.10976576262156168,0.25683309944388516,-0.11260384281214955,0.011734237378438317,46,False,-0.027197600036702026,0.04930192888582833,-1.732310372140374,long_correlation
2024-10-22,0.1241,0.1479,0.1543,0.32899999999999996,0.182,0.23024495972732978,0.10478412016442501,0.25176933893150544,-0.10614495972732978,0.019315879835574992,46,False,-0.027876980048711978,0.04929452211579957,-1.5877622161496083,long_correlation
2024-10-23,0.1394,0.1636,0.166,0.3309,0.1924,0.23319269136679038,0.11393674627990331,0.25965880558549737,-0.09379269136679039,0.025463253720096682,46,False,-0.02848397896209133,0.04931284797594421,-1.324375189941533,long_correlation
2024-10-24,0.1323,0.1566,0.1592,0.3292,0.19079999999999997,0.2304770690638849,0.12120844033961997,0.25621778169127757,-0.0981770690638849,0.01109155966038003,46,False,-0.02897776248561559,0.04934144194632685,-1.4024581335410435,long_correlation
2024-10-25,0.1508,0.17010000000000003,0.1681,0.32799999999999996,0.20329999999999998,0.23985342605364762,0.12058406017517459,0.26045499280677653,-0.08905342605364763,0.0302159398248254,46,False,-0.029346104417395314,0.049510567323011144,-1.2059510699345595,long_correlation
2024-10-28,0.146,0.1577,0.16079999999999997,0.33380000000000004,0.198,0.24948397815849346,0.11978992925110435,0.2667971610948713,-0.10348397815849347,0.026210070748895642,46,False,-0.029862303404543582,0.04945199957260513,-1.4887502101074594,long_correlation
2024-10-29,0.1383,0.1523,0.1575,0.3337,0.1934,0.19089458147985233,0.11776296430847122,0.22028312436327896,-0.052594581479852326,0.020537035691528788,46,False,-0.030497351817727728,0.049365387393429334,-0.4476259749774758,no_trade
2024-10-30,0.16570000000000001,0.1718,0.1704,0.3268,0.20350000000000001,0.1876862872783346,0.12029027829221564,0.21563436451076234,-0.0219862872783346,0.04540972170778437,46,False,-0.031150881478320052,0.04855359791205524,0.18875211300685096,no_trade
2024-10-31,0.2218,0.2032,0.1936,0.31489999999999996,0.2316,0.191231827069174,0.10560572595361335,0.21942469934236303,0.030568172930826004,0.11619427404638664,46,False,-0.03152037222844802,0.048124571557559045,1.290163073660063,short_correlation
2024-11-01,0.2505,0.2145,0.1967,0.2904,0.2188,0.1711086245807431,0.11195799997540389,0.19339522094203887,0.0793913754192569,0.1385420000245961,46,False,-0.031636612104211134,0.047937985659402466,2.316075362705425,short_correlation
2024-11-04,0.2536,0.20600000000000002,0.19219999999999998,0.294,0.2198,0.1723613954361116,0.10448240831477898,0.19408777627326493,0.0812386045638884,0.149117591685221,46,False,-0.031480707493884735,0.048235194259905904,2.336868624399172,short_correlation
2024-11-05,0.2183,0.1778,0.1698,0.2948,0.20489999999999997,0.17545941714724017,0.09442573547738538,0.1997502730039913,0.04284058285275982,0.12387426452261462,46,False,-0.031117962707010595,0.04873718422086285,1.5174973019494034,short_correlation
2024-11-06,0.1374,0.1439,0.1522,0.28550000000000003,0.16269999999999998,0.16474737130332895,0.07175578245682322,0.19624782189388426,-0.027347371303328954,0.06564421754317677,46,False,-0.030866337474386246,0.048955066171234206,0.07188155274366724,no_trade
2024-11-07,0.1276,0.14,0.1493,0.27940000000000004,0.152,0.16205353108357737,0.08235135233330607,0.19356266210337814,-0.03445353108357738,0.045248647666693925,46,False,-0.030893950209692215,0.04895109520023045,-0.07271708343449697,no_trade
2024-11-08,0.1164,0.1391,0.1501,0.27940000000000004,0.1494,0.15232561975775927,0.084000792714967,0.18003620368992124,-0.035925619757759264,0.03239920728503301,46,False,-0.03096849988381056,0.04894211763481097,-0.1012853573467541,no_trade
2024-11-11,0.1085,0.127,0.1444,0.3062,0.1497,0.14899202282674975,0.09183940755378817,0.17176278141218437,-0.040492022826749755,0.016660592446211833,46,False,-0.03101746475311037,0.04894087517761165,-0.19359192166578965,no_trade
2024-11-12,0.09960000000000001,0.12179999999999999,0.1429,0.30879999999999996,0.1471,0.14637519603586463,0.08973898019010657,0.1670460338534217,-0.04677519603586462,0.009861019809893443,46,False,-0.03112956396397074,0.048930051948255934,-0.31975506767169,no_trade
2024-11-13,0.0883,0.1164,0.1394,0.3069,0.1402,0.14617607215872425,0.09060795323362202,0.16644877514221787,-0.05787607215872424,-0.002307953233622012,46,False,-0.03107003390043694,0.04890173443397172,-0.5481612987466007,no_trade
2024-11-14,0.091,0.1184,0.1408,0.30219999999999997,0.1431,0.14384461273529223,0.08764228852930593,0.1639281694493826,-0.05284461273529223,0.0033577114706940664,46,False,-0.031193313566208677,0.04893010177500706,-0.4424944642184004,no_trade
2024-11-15,0.1054,0.1304,0.1512,0.3232,0.16140000000000002,0.14488758868836427,0.07979859002740476,0.16257162471366385,-0.03948758868836427,0.025601409972595232,46,False,-0.031167093213612048,0.048916666838042855,-0.17009530723547406,no_trade
2024-11-18,0.12119999999999999,0.1268,0.15109999999999998,0.3191,0.1558,0.14077832226795448,0.2135836539967422,0.1573696136068996,-0.019578322267954487,-0.09238365399674221,46,False,-0.031088531416550626,0.0488872172847632,0.23544414650460282,no_trade
2024-11-19,0.13470000000000001,0.1319,0.151,0.31170000000000003,0.1635,0.13969862359111032,0.20870392675422794,0.15665717080791441,-0.004998623591110307,-0.07400392675422793,46,False,-0.03092659186073045,0.048857359433809325,0.5306870565681446,no_trade
2024-11-20,0.1401,0.13369999999999999,0.1521,0.3283,0.1716,0.13923887589444534,0.2266752637984338,0.15602559803571023,0.000861124105554667,-0.0865752637984338,46,False,-0.0307073124475303,0.04884919887249069,0.6462426668549249,no_trade
2024-11-21,0.1641,0.13970000000000002,0.1485,0.2863,0.16870000000000002,0.13995447436027136,0.21709920968149238,0.15579242372003047,0.024145525639728632,-0.05299920968149238,46,False,-0.03049662836806365,0.048870485060820014,1.1181013231153598,short_correlation
2024-11-22,0.1311,0.1285,0.1425,0.285,0.1524,0.14187580445271658,0.23027801490185865,0.15697406533616926,-0.010775804452716586,-0.09917801490185865,46,False,-0.03023517295826747,0.048986196085412104,0.3972418775203859,no_trade
2024-11-25,0.12140000000000001,0.1245,0.1437,0.2804,0.146,0.14033214609381026,0.2221875176199463,0.15396647001314728,-0.018932146093810248,-0.10078751761994628,46,False,-0.030212079934298856,0.04899402289655661,0.23023081538546986,no_trade
2024-11-26,0.12369999999999999,0.1258,0.1459,0.2686,0.141,0.13334144378445575,0.22783472926652618,0.142752015947404,-0.009641443784455764,-0.10413472926652619,46,False,-0.030128567409068115,0.04899524751240024,0.41814511947158245,no_trade
2024-11-27,0.1331,0.1282,0.1476,0.2644,0.141,0.133410282429369,0.25032157482747713,0.14322703974854392,-0.00031028242936900763,-0.11722157482747714,46,False,-0.03003666947824967,0.04901193297038812,0.6065132560031995,no_trade
2024-11-29,0.1125,0.1208,0.1412,0.2643,0.1351,0.131314502080737,0.24438414270938266,0.14288869403026572,-0.018814502080736997,-0.13188414270938265,46,False,-0.02993846071680479,0.049046729982595225,0.226803267822651,no_trade
2024-12-02,0.1073,0.1176,0.1383,0.273,0.1334,0.12185280521584625,0.24598319674426086,0.1320729143697616,-0.014552805215846246,-0.13868319674426086,46,False,-0.02998180621324778,0.049031992562327445,0.3146721189800481,no_trade
2024-12-03,0.1105,0.1189,0.1398,0.2692,0.133,0.11383939925244155,0.264964392387388,0.12253447155313167,-0.0033393992524415467,-0.15446439238738802,46,False,-0.030039821279809704,0.049004938592026384,0.5448516577003241,no_trade
2024-12-04,0.1079,0.1185,0.1398,0.26789999999999997,0.13449999999999998,0.11319868083331637,0.27497877620349953,0.12104377193614932,-0.005298680833316374,-0.16707877620349953,46,False,-0.03004363934111473,0.04900281220078905,0.504970172046573,no_trade
2024-12-05,0.1025,0.1174,0.1383,0.2738,0.1354,0.11291327711605235,0.2776696095173236,0.12013411145372935,-0.01041327711605236,-0.17516960951732363,46,False,-0.030024862673921446,0.04901141711510758,0.4001432056496055,no_trade
2024-12-06,0.0827,0.1117,0.1353,0.2822,0.1277,0.11126716473993625,0.27675318639191326,0.11836921655719128,-0.028567164739936257,-0.19405318639191327,46,False,-0.030023402192269524,0.04901199831447501,0.02971185632933452,no_trade
2024-12-09,0.1007,0.1204,0.1432,0.2882,0.1419,0.11214466224335819,0.3069956758547715,0.11993094880409894,-0.011444662243358189,-0.2062956758547715,46,False,-0.030134986705238075,0.04897639244988659,0.3816190520974798,no_trade
2024-12-10,0.09939999999999999,0.1166,0.1424,0.2841,0.1418,0.11003838423657973,0.3181506465663262,0.11775290627822685,-0.010638384236579743,-0.2187506465663262,46,False,-0.030157352204034663,0.04896652520845867,0.39861860494203777,no_trade
2024-12-11,0.0824,0.1092,0.1377,0.28059999999999996,0.1358,0.1091577973435806,0.32648411087026386,0.1164122802256613,-0.026757797343580594,-0.24408411087026385,46,False,-0.030105276245344578,0.04898033056937217,0.06834333012560743,no_trade
2024-12-12,0.0916,0.1144,0.1427,0.2803,0.1392,0.10652479931446025,0.34702943290991844,0.11388325138673289,-0.014924799314460252,-0.25542943290991843,46,False,-0.030136287591100725,0.0489757088309617,0.31059250881171524,no_trade
2024-12-13,0.0817,0.1108,0.1406,0.2859,0.1381,0.10163935896108882,0.3351406791629307,0.1019562148359871,-0.019939358961088824,-0.2534406791629307,46,False,-0.030068831319610353,0.04898494286457585,0.20678746909076828,no_trade
2024-12-16,0.08460000000000001,0.1048,0.136,0.3111,0.1469,0.10178119586844236,0.3594321616836338,0.10028585324982597,-0.017181195868442356,-0.2748321616836338,46,False,-0.0300141426819252,0.04898854229940427,0.2619581275770866,no_trade
2024-12-17,0.0974,0.11130000000000001,0.1405,0.3147,0.15869999999999998,0.10059825963007893,0.3727532049468806,0.09977158246296076,-0.0031982596300789284,-0.2753532049468806,46,False,-0.029875458494673265,0.048975151851640836,0.5447088545106892,no_trade
2024-12-18,0.2782,0.1975,0.19940000000000002,0.2905,0.2762,0.13945210983688025,0.2610985246542404,0.1355149116399197,0.13874789016311975,0.01710147534575962,46,False,-0.029790513846993338,0.04900288672828359,3.439356643306398,short_correlation
2024-12-19,0.2332,0.1916,0.1946,0.3169,0.2409,0.1382268194526395,0.2749992647499024,0.1347501323896164,0.09497318054736048,-0.04179926474990239,46,False,-0.029199640950373282,0.05012548216025374,2.4772394428196596,short_correlation
2024-12-20,0.1924,0.1573,0.1691,0.3042,0.18359999999999999,0.14301301724302273,0.25892065416107657,0.13912267355645397,0.049386982756977255,-0.06652065416107658,46,False,-0.028820280847729127,0.0507010494348178,1.5425176495656383,short_correlation
2024-12-23,0.1553,0.1326,0.1505,0.2981,0.1678,0.1432271060783719,0.22995863809422953,0.14008547196855597,0.01207289392162808,-0.07465863809422954,46,False,-0.028651465340809135,0.05089074494302904,0.8002311482771013,short_correlation
2024-12-24,0.10400000000000001,0.1024,0.12890000000000001,0.29309999999999997,0.1427,0.1475561374390611,0.21045496472697184,0.14397821342971148,-0.04355613743906109,-0.10645496472697183,46,False,-0.028596496116886187,0.050927354306027725,-0.2937447178638198,no_trade
2024-12-26,0.0941,0.10039999999999999,0.1293,0.3074,0.14730000000000001,0.14923525550909814,0.2051324071377758,0.14387533760114385,-0.05513525550909813,-0.1110324071377758,46,False,-0.028735813991987234,0.050920036862827686,-0.5184489867559944,no_trade
2024-12-27,0.1184,0.1209,0.1433,0.3074,0.1595,0.15236818407615416,0.17526223033092508,0.148002564016268,-0.03396818407615415,-0.05686223033092508,46,False,-0.028810762346714935,0.05094503196063255,-0.10123502785167711,no_trade
2024-12-30,0.1456,0.1419,0.159,0.3118,0.174,0.15996164084284392,0.15298296888097213,0.15473689318537492,-0.014361640842843915,-0.007382968880972118,46,False,-0.028710345011986653,0.05090967531364899,0.28184631076002603,no_trade
2024-12-31,0.142,0.1423,0.161,0.30920000000000003,0.17350000000000002,0.15800455245579123,0.1493926998968655,0.15193000249986865,-0.016004552455791243,-0.007392699896865501,46,False,-0.028534616525238886,0.05088235638015568,0.24625557778480592,no_trade
2025-01-02,0.1507,0.1494,0.16269999999999998,0.3061,0.1793,0.15354846094496885,0.14177026277926538,0.1485271354517117,-0.0028484609449688503,0.008929737220734618,46,False,-0.02832184647666173,0.05082192696259679,0.5012282503660364,no_trade
2025-01-03,0.1148,0.1266,0.1446,0.3119,0.1613,0.15501324682525594,0.13635640891918102,0.14986354069905106,-0.04021324682525594,-0.021556408919181022,46,False,-0.028058347886864406,0.050781000287739304,-0.23935918689113034,no_trade
2025-01-06,0.0885,0.1133,0.1353,0.32909999999999995,0.1604,0.14764774853172696,0.1234253375405159,0.14381532973055694,-0.05914774853172697,-0.03492533754051591,46,False,-0.028017743658248623,0.05076711724379095,-0.6131922898829889,no_trade
2025-01-07,0.1333,0.1464,0.16010000000000002,0.31920000000000004,0.1782,0.14579502088888527,0.14002334178121947,0.14285503465262056,-0.012495020888885267,-0.006723341781219472,46,False,-0.02804935516352255,0.05078407565476799,0.3062836937384904,no_trade
2025-01-08,0.14150000000000001,0.14980000000000002,0.1616,0.32530000000000003,0.177,0.1419922719312776,0.1356217426734989,0.1398355558510633,-0.0004922719312775992,0.005878257326501102,46,False,-0.027843165840700367,0.050741139780032904,0.53902797666728,no_trade
2025-01-10,0.1686,0.1815,0.1869,0.3237,0.1954,0.1501565426270521,0.09475519415156962,0.15058082814955795,0.01844345737294789,0.07384480584843038,46,False,-0.02751830819550932,0.050652722186223416,0.9073898417439438,short_correlation
2025-01-13,0.16579999999999998,0.17739999999999997,0.1856,0.33299999999999996,0.19190000000000002,0.15263103052792037,0.09877003742675348,0.15191095209234934,0.0131689694720796,0.06702996257324649,46,False,-0.02709306090341676,0.05058666463342897,0.7959020557542387,short_correlation
2025-01-14,0.16760000000000003,0.174,0.1839,0.33020000000000005,0.18710000000000002,0.15279391980707205,0.10297058995149573,0.1516733158206564,0.014806080192927978,0.0646294100485043,46,False,-0.026663635978544667,0.05046669108044996,0.8217244935944966,short_correlation
2025-01-15,0.12029999999999999,0.1414,0.1602,0.32289999999999996,0.1612,0.1590767944800698,0.09239440499531058,0.15833866696216511,-0.03877679448006982,0.027905595004689407,46,False,-0.026200589833956064,0.05030887010962123,-0.24997986674538022,no_trade
2025-01-16,0.1235,0.1458,0.163,0.3187,0.166,0.15562122869557987,0.08998162931671123,0.15501314990848572,-0.03212122869557987,0.033518370683288765,46,False,-0.02597201593496711,0.050119251940669636,-0.1226916309104554,no_trade
2025-01-17,0.1134,0.1404,0.159,0.3164,0.1597,0.15654521326998458,0.07996265422834435,0.15762686589896777,-0.04314521326998458,0.03343734577165565,46,False,-0.02584120193236686,0.05005973969021697,-0.3456672256927335,no_trade
2025-01-21,0.0901,0.1186,0.1467,0.3236,0.1506,0.16136833884965768,0.06876103680573112,0.16449750738455582,-0.07126833884965768,0.02133896319426888,46,False,-0.025831765875451416,0.05005623894054582,-0.9077104859630675,long_correlation
2025-01-22,0.0819,0.1142,0.141,0.32,0.151,0.16118209015262783,0.08188937666480106,0.1633314392318898,-0.07928209015262783,1.0623335198939321e-05,46,False,-0.025890509369320195,0.050100997999157286,-1.0656789867580223,long_correlation
2025-01-23,0.0793,0.1167,0.1426,0.3164,0.1502,0.16793943748973292,0.07294611169723551,0.16903409370092995,-0.08863943748973292,0.006353888302764482,46,False,-0.025892891464567202,0.05010353221333804,-1.2523377744705588,long_correlation
2025-01-24,0.0764,0.1189,0.1467,0.31670000000000004,0.1485,0.1651917340460292,0.07105584020904501,0.16692946654377752,-0.08879173404602919,0.005344159790954983,46,False,-0.025882774480384195,0.050090550724070884,-1.2559047296602042,long_correlation
2025-01-27,0.0882,0.1383,0.1678,0.3654,0.179,0.16012089390549783,0.06927723635242933,0.15010311367980153,-0.07192089390549783,0.018922763647570673,46,False,-0.025882083428380456,0.05008967815241046,-0.9191276960700905,long_correlation
2025-01-28,0.0797,0.1253,0.1545,0.3489,0.1641,0.15835721543915407,0.07535148672136238,0.14798324917023356,-0.07865721543915408,0.004348513278637611,46,False,-0.025815364027267248,0.05001677025886681,-1.0564826784776091,long_correlation
2025-01-29,0.0645,0.111,0.14679999999999999,0.37229999999999996,0.1656,0.15968970300668026,0.10311005089525296,0.14956250850267094,-0.09518970300668025,-0.03861005089525296,46,False,-0.02580440627127675,0.050004841143435425,-1.3875715860465705,long_correlation
2025-01-30,0.0647,0.1112,0.145,0.3518,0.15839999999999999,0.14802454280909755,0.1183703155099847,0.13737175617609537,-0.08332454280909755,-0.0536703155099847,46,False,-0.025914138491494494,0.050126977369759615,-1.145299543878689,long_correlation
2025-01-31,0.0834,0.1243,0.1542,0.3475,0.1643,0.15128502191557613,0.146167126842613,0.1386278151989248,-0.06788502191557613,-0.06276712684261299,46,False,-0.025998879713548414,0.05020616128359047,-0.8342829073394604,no_trade
2025-02-03,0.1219,0.1439,0.1681,0.3481,0.1862,0.14988246307259165,0.159942902082285,0.13696247902959446,-0.027982463072591654,-0.038042902082285016,46,False,-0.02600220043589821,0.050208914772576954,-0.03944045884407408,no_trade
2025-02-04,0.1117,0.1377,0.16329999999999997,0.3369,0.1721,0.1437740450756595,0.16343864282457093,0.1298922092646834,-0.0320740450756595,-0.05173864282457094,46,False,-0.026036251722429946,0.050207330153947655,-0.12025720815498935,no_trade
2025-02-05,0.0934,0.1225,0.1499,0.32780000000000004,0.1577,0.14836205561472918,0.17180968392172863,0.11801681727705007,-0.05496205561472918,-0.07840968392172863,46,False,-0.026025391756531773,0.05020572059880927,-0.5763618869138132,no_trade
2025-02-06,0.09519999999999999,0.12689999999999999,0.1516,0.3153,0.155,0.14580515680438697,0.20696485890810307,0.11479542725633236,-0.05060515680438697,-0.11176485890810307,46,False,-0.026231029673901163,0.0502177411135667,-0.4853688475426258,no_trade
2025-02-07,0.1114,0.1348,0.1566,0.3143,0.1654,0.15153409206543036,0.21550491558094023,0.12016207293412258,-0.040134092065430366,-0.10410491558094023,46,False,-0.026306690745478034,0.05024012807371147,-0.27522623548381486,no_trade
2025-02-10,0.10769999999999999,0.1318,0.1543,0.31579999999999997,0.15810000000000002,0.15568046193190835,0.20223363465590988,0.12647806006082352,-0.04798046193190836,-0.09453363465590989,46,False,-0.02638345624393603,0.050246442732978104,-0.4298215856343125,no_trade
2025-02-11,0.1092,0.13369999999999999,0.1567,0.3152,0.1602,0.15593877808242446,0.19757455089431603,0.12722143496373545,-0.04673877808242445,-0.08837455089431602,46,False,-0.026529884452334705,0.050255435394886985,-0.40212354089257,no_trade
2025-02-12,0.11449999999999999,0.1335,0.157,0.316,0.1589,0.15519987966762888,0.2279758418718981,0.12655692635564308,-0.04069987966762889,-0.1134758418718981,46,False,-0.026674703609137526,0.05026090102546473,-0.2790474458741895,no_trade
2025-02-13,0.0836,0.1206,0.1465,0.3165,0.151,0.15804760313257543,0.23748824229472254,0.1293515533068203,-0.07444760313257544,-0.15388824229472253,46,False,-0.02678548030504048,0.05026092741111399,-0.9482937399399366,long_correlation
2025-02-14,0.077,0.1213,0.1466,0.3128,0.1477,0.15844562415142915,0.2445429042147484,0.1268905022975917,-0.08144562415142916,-0.16754290421474838,46,False,-0.027104585471593296,0.050307408221389974,-1.080179651487807,long_correlation
2025-02-18,0.08529999999999999,0.1185,0.1456,0.3257,0.1535,0.1555536444076222,0.24856172985574623,0.12449580809795707,-0.07025364440762222,-0.16326172985574625,46,False,-0.0274297916240837,0.05039302110384527,-0.8497972902892862,no_trade
2025-02-19,0.08779999999999999,0.1207,0.1482,0.3211,0.1527,0.15491630329084466,0.24328481214972983,0.12426045219925498,-0.06711630329084467,-0.15548481214972984,46,False,-0.027612393976920266,0.05046472839718018,-0.7828023764045814,no_trade
2025-02-20,0.0929,0.12369999999999999,0.15109999999999998,0.3188,0.1566,0.15082633457517344,0.24645976633655323,0.1221666107451812,-0.057926334575173447,-0.15355976633655322,46,False,-0.02773779202965486,0.05052367285478105,-0.5975128259635591,no_trade
2025-02-21,0.1371,0.1483,0.1685,0.33049999999999996,0.1821,0.15015924448007242,0.26129223237314436,0.12393597013132561,-0.013059244480072424,-0.12419223237314436,46,False,-0.027826644331154435,0.050557118292897905,0.2920933856539938,no_trade
2025-02-24,0.1494,0.1561,0.1776,0.3411,0.1898,0.14705038011349883,0.2568247260983698,0.12192845533178773,0.0023496198865011753,-0.10742472609836981,46,False,-0.02790078692203402,0.05052155367780429,0.5987624015178526,no_trade
2025-02-25,0.1514,0.1603,0.1825,0.35450000000000004,0.1943,0.14239816943651437,0.2565646614133426,0.11777845922918159,0.009001830563485635,-0.1051646614133426,46,False,-0.027927494693584784,0.050503702055632725,0.7312201631553792,no_trade
2025-02-26,0.168,0.16390000000000002,0.18109999999999998,0.34049999999999997,0.191,0.14339625888358581,0.25353551315832323,0.11768840543271943,0.024603741116414196,-0.08553551315832322,46,False,-0.027928715046752487,0.050502802400495234,1.040188933409595,short_correlation
2025-02-27,0.23579999999999998,0.2007,0.20879999999999999,0.33299999999999996,0.2113,0.14341677040152984,0.26946938051197555,0.1196790194962996,0.09238322959847015,-0.03366938051197557,46,False,-0.027800700989065952,0.050595195820739076,2.3754020245984,short_correlation
2025-02-28,0.2073,0.1848,0.19519999999999998,0.3226,0.1963,0.1508911431410791,0.2617542085929844,0.12621246264475203,0.056408856858920914,-0.054454208592984416,46,False,-0.02739660386878306,0.0511460133425247,1.63855313935143,short_correlation
2025-03-03,0.256,0.2173,0.2253,0.33799999999999997,0.2278,0.15339042526271027,0.25983254943908646,0.13091077319625125,0.10260957473728974,-0.0038325494390864523,46,False,-0.02710790618770019,0.05141328342264857,2.5230343656255725,short_correlation
2025-03-04,0.2636,0.2202,0.2296,0.3455,0.2351,0.16160098103005952,0.2511958224873666,0.13785441642403484,0.10199901896994049,0.012404177512633396,46,False,-0.026660004110693154,0.05204836206174253,2.471913005216408,short_correlation
2025-03-05,0.2722,0.21780000000000002,0.22519999999999998,0.3306,0.2193,0.16797414828107243,0.26896636233123994,0.1429144080387976,0.10422585171892756,0.0032336376687600588,46,False,-0.026206126533588458,0.05266840905477025,2.4764746191000166,short_correlation
2025-03-06,0.3152,0.2487,0.2507,0.33490000000000003,0.2487,0.16790585736345065,0.4485185681087129,0.14546223190556878,0.14729414263654933,-0.1333185681087129,46,False,-0.025672938115800344,0.053304720218297984,3.2448736255251,short_correlation
2025-03-07,0.3011,0.2409,0.2426,0.32630000000000003,0.23370000000000002,0.1662902337390662,0.4462117386575031,0.14517178100339265,0.13480976626093377,-0.1451117386575031,46,False,-0.024955658047017434,0.054404307849216654,2.9366318702325263,short_correlation
2025-03-10,0.3274,0.2752,0.2724,0.3617,0.2786,0.17414258664981414,0.45058203137282843,0.1568656355004864,0.1532574133501859,-0.1231820313728284,46,False,-0.024335800451480823,0.05532707853478636,3.209878752047367,short_correlation
2025-03-11,0.3567,0.2894,0.2841,0.3582,0.2692,0.18331984360547812,0.5947470717422503,0.16265737915074696,0.1733801563945219,-0.23804707174225026,46,False,-0.023637072983967018,0.056446798866767775,3.4903171363802517,short_correlation
2025-03-12,0.33649999999999997,0.27,0.2652,0.3431,0.24230000000000002,0.18324861396661815,0.6013096446588342,0.16238465758509926,0.15325138603338181,-0.2648096446588342,46,False,-0.022770120894530854,0.05777799925333169,3.0465144034519787,short_correlation
2025-03-13,0.32299999999999995,0.266,0.2646,0.3443,0.2466,0.1847335250711109,0.6216653771354326,0.16215157355394977,0.13826647492888905,-0.2986653771354326,46,False,-0.02200064660818759,0.05882064883962098,2.724674492694857,short_correlation
2025-03-14,0.3048,0.2494,0.2511,0.3222,0.2177,0.19399894011328994,0.6198120813140356,0.17568688453819717,0.11080105988671007,-0.31501208131403563,46,False,-0.021424309728638114,0.05967384754629765,2.215800975674676,short_correlation
2025-03-17,0.2777,0.23070000000000002,0.2372,0.3194,0.2051,0.20125634205065182,0.6145217431185992,0.18228335581428917,0.07644365794934818,-0.3368217431185992,46,False,-0.020798406743168244,0.06022988673308849,1.6145151513143152,short_correlation
2025-03-18,0.3007,0.24489999999999998,0.2493,0.3214,0.217,0.2034746134857137,0.6197041148548952,0.18412917744985371,0.09722538651428633,-0.31900411485489516,46,False,-0.020257886917995283,0.06048941397705418,1.9422121278418611,short_correlation
2025-03-19,0.2741,0.2289,0.23579999999999998,0.3099,0.19899999999999998,0.17903054161608042,0.6094841128188795,0.1592410693424342,0.09506945838391959,-0.3353841128188795,46,False,-0.019725110606595105,0.060930716746548035,1.8840180309715173,short_correlation
2025-03-20,0.2676,0.2257,0.2321,0.31010000000000004,0.198,0.18025110757527277,0.6162753570141973,0.15997325422870895,0.08734889242472724,-0.34867535701419733,46,False,-0.01922489025152265,0.06135386685041665,1.7370344877541515,short_correlation
2025-03-21,0.2723,0.2309,0.2341,0.3018,0.1928,0.17537361842996327,0.6181677144071104,0.1554969066961857,0.09692638157003672,-0.3458677144071104,46,False,-0.018794631424361625,0.06171991851640407,1.8749378770427527,short_correlation
2025-03-24,0.2259,0.2003,0.2113,0.30579999999999996,0.1748,0.1785368950508806,0.6147910088669538,0.15967586989373997,0.04736310494911938,-0.3888910088669538,46,False,-0.01848339042248656,0.06210526211775562,1.0602401974692048,short_correlation
2025-03-25,0.217,0.1978,0.20829999999999999,0.3065,0.17149999999999999,0.1741069459668752,0.6043555906125614,0.15491891803764132,0.042893054033124794,-0.3873555906125614,46,False,-0.01834061924495429,0.06221545511492805,0.9842196471112304,short_correlation
2025-03-26,0.23190000000000002,0.21660000000000001,0.2261,0.3191,0.1833,0.17221100495789082,0.6050965126017548,0.15342232499526107,0.0596889950421092,-0.3731965126017548,46,False,-0.018092249983182755,0.06233483857470452,1.247797328167873,short_correlation
2025-03-27,0.22649999999999998,0.21899999999999997,0.22820000000000001,0.3226,0.1869,0.16924700569935716,0.6068976065530061,0.1510431952453433,0.05725299430064282,-0.3803976065530061,46,False,-0.017724010049588297,0.06251960492737875,1.1992558884100846,short_correlation
2025-03-28,0.27149999999999996,0.2606,0.259,0.3326,0.2165,0.17183033550232246,0.608506635656378,0.155515404822639,0.0996696644976775,-0.337006635656378,46,False,-0.017303953311079194,0.06266675380573493,1.8665976886463824,short_correlation
2025-03-31,0.2433,0.25379999999999997,0.256,0.3422,0.2228,0.17540329907240662,0.6059375568193566,0.15777715171631304,0.06789670092759337,-0.3626375568193566,46,False,-0.016712683466370375,0.06306502901384586,1.341621271202267,short_correlation
2025-04-01,0.23629999999999998,0.2489,0.255,0.3393,0.2177,0.17367821061564656,0.6058334073697977,0.15585423143180166,0.06262178938435342,-0.3695334073697978,46,False,-0.016205812942551794,0.06323015468578369,1.2466773601714496,short_correlation
2025-04-02,0.195,0.21969999999999998,0.2303,0.33880000000000005,0.2151,0.17215640847019928,0.6096657518575496,0.15432130036517394,0.022843591529800727,-0.41466575185754956,46,False,-0.015715787775077757,0.06336104237128595,0.6085660503961797,no_trade
2025-04-03,0.3265,0.33549999999999996,0.3188,0.36590000000000006,0.3002,0.20474900081304157,0.6572393896465761,0.20385317001278744,0.12175099918695845,-0.3307393896465761,46,False,-0.01539631902030573,0.06335165944142451,2.164857549375984,short_correlation
2025-04-04,0.4583,0.44439999999999996,0.4036,0.41509999999999997,0.4531,0.30847808042483404,0.5810487179081553,0.3006380012834587,0.14982191957516594,-0.12274871790815528,46,False,-0.014757044537923874,0.06391928511620588,2.5747935668223394,short_correlation
2025-04-07,0.4522,0.4363,0.3978,0.4315,0.4698,0.30588304462588806,0.5785942601688563,0.29852220236737376,0.14631695537411193,-0.1263942601688563,46,False,-0.01400693265055152,0.0647351670672758,2.4766119450660784,short_correlation
2025-04-08,0.499,0.4669,0.41100000000000003,0.4635,0.5233,0.30503398230721557,0.5666250304972823,0.29752407842123135,0.19396601769278443,-0.0676250304972823,46,False,-0.013355148575914152,0.06551762599611022,3.1643571194262634,short_correlation
2025-04-09,0.36119999999999997,0.3925,0.3627,0.3946,0.3362,0.4029400030567203,0.39542377649152793,0.4125447835825768,-0.04174000305672032,-0.03422377649152797,46,False,-0.012493010101216536,0.06680316536572858,-0.43780848999272276,no_trade
2025-04-10,0.4226,0.4276,0.389,0.4653,0.4072,0.41140485688932654,0.3519178254778338,0.4264451980813343,0.011195143110673433,0.07068217452216619,46,False,-0.012500068187347687,0.06680617298952517,0.3546859554690612,no_trade
2025-04-11,0.4253,0.4305,0.3926,0.43200000000000005,0.37560000000000004,0.4134764816369026,0.3479210738956848,0.42616497352751603,0.011823518363097418,0.07737892610431524,46,False,-0.012317991367232108,0.06680798575094601,0.3613566470979508,no_trade
2025-04-14,0.34700000000000003,0.3818,0.3613,0.4214,0.3089,0.4168329331907873,0.3435900116073347,0.4290861817188689,-0.06983293319078726,0.0034099883926653196,46,False,-0.012169063503372175,0.06681985126652563,-0.8629751278165839,no_trade
2025-04-15,0.3643,0.4018,0.3722,0.3809,0.3012,0.4152443371965117,0.3389856392674075,0.42801608657985935,-0.0509443371965117,0.025314360732592522,46,False,-0.012256070615540803,0.06688081887655235,-0.5784658027644838,no_trade
2025-04-16,0.4122,0.4326,0.3962,0.3978,0.3264,0.4180004629060457,0.29661134284132007,0.4323057006301958,-0.005800462906045689,0.11558865715867994,46,False,-0.012350233252149689,0.06691865772848885,0.09787659478584562,no_trade
2025-04-17,0.366,0.40159999999999996,0.3714,0.38939999999999997,0.2965,0.41535891823836973,0.30493073519582237,0.4171797963200269,-0.04935891823836974,0.061069264804177625,46,False,-0.01247536155989615,0.06687663322843362,-0.5515163502996437,no_trade
2025-04-21,0.4351,0.44060000000000005,0.40340000000000004,0.39990000000000003,0.3382,0.41786403525253135,0.25399828672822106,0.42074095939226613,0.017235964747468635,0.18110171327177893,46,False,-0.012756778444742437,0.06688205896183033,0.44844228269539316,no_trade
2025-04-22,0.40049999999999997,0.4147,0.3856,0.38280000000000003,0.3057,0.42139121837771815,0.2721083483771038,0.4234919209772712,-0.02089121837771818,0.12839165162289617,46,False,-0.012758588021522164,0.0668812380148615,-0.12159808337263263,no_trade
2025-04-23,0.3722,0.3937,0.36939999999999995,0.37200000000000005,0.2845,0.43034807310082956,0.27656217568416774,0.4411770005849399,-0.05814807310082959,0.09563782431583223,46,False,-0.01287422289971022,0.0668699624247334,-0.6770431530012911,no_trade
2025-04-24,0.32770000000000005,0.3574,0.34450000000000003,0.359,0.2647,0.4294567271389665,0.29320378262777147,0.4421933469631419,-0.10175672713896644,0.03449621737222858,46,False,-0.01315392546117215,0.06691148826861142,-1.3241792100349739,long_correlation
2025-04-25,0.3119,0.34600000000000003,0.33149999999999996,0.34600000000000003,0.2484,0.4285092204091033,0.3256654837602769,0.4409120708710187,-0.11660922040910326,-0.013765483760276864,46,False,-0.013467094652555621,0.06714128296312878,-1.5361953362313472,long_correlation
2025-04-28,0.30870000000000003,0.34490000000000004,0.33270000000000005,0.35729999999999995,0.2515,0.4424414699925065,0.3375732544671229,0.4547807675970117,-0.13374146999250647,-0.028873254467122855,46,False,-0.013733617365799354,0.0674174092154893,-1.7800721508463875,long_correlation
2025-04-29,0.2979,0.33640000000000003,0.3289,0.3522,0.24170000000000003,0.4439511755525889,0.33878905400695725,0.4555066617927965,-0.1460511755525889,-0.04088905400695725,46,False,-0.014082024504676676,0.06781025003351421,-1.9461534352503997,long_correlation
2025-04-30,0.2993,0.3381,0.3307,0.3554,0.247,0.44521640415989205,0.3373906416487878,0.45649609281604697,-0.14591640415989204,-0.03809064164878778,46,False,-0.014408168773074922,0.06824687598141597,-1.9269487942953984,long_correlation
2025-05-01,0.3243,0.3532,0.342,0.33490000000000003,0.24600000000000002,0.445962227213512,0.34567289683574626,0.45803517521187304,-0.121662227213512,-0.02137289683574628,46,False,-0.014861553931067832,0.06873969406668819,-1.553697244838345,long_correlation
2025-05-02,0.2988,0.33039999999999997,0.321,0.3176,0.2268,0.45212514071308924,0.3285176100214484,0.46455330227103664,-0.15332514071308923,-0.029717610021448404,46,False,-0.015177104533161248,0.06904725903424644,-2.0007750939310793,long_correlation
2025-05-05,0.31420000000000003,0.3353,0.3256,0.32049999999999995,0.2364,0.4591466548122269,0.3293142461366789,0.4720734118096281,-0.14494665481222685,-0.015114246136678888,46,False,-0.01567067733990645,0.06958850190382475,-1.8577203695372997,long_correlation
2025-05-06,0.34740000000000004,0.35009999999999997,0.33799999999999997,0.31379999999999997,0.24760000000000001,0.45723206447734516,0.3282828218383403,0.4702918457417614,-0.10983206447734511,0.019117178161659754,46,False,-0.016288566404535076,0.07004266977237665,-1.3355215952904984,long_correlation
2025-05-07,0.3171,0.32770000000000005,0.3224,0.32689999999999997,0.23550000000000001,0.45469833099123474,0.3374569775038283,0.46843819456012203,-0.13759833099123475,-0.02035697750382831,46,False,-0.01672767599011906,0.07028141623095052,-1.7198096094695183,long_correlation
2025-05-08,0.297,0.3118,0.313,0.3184,0.2248,0.4535262581963117,0.33869007297304016,0.4686507828414795,-0.15652625819631172,-0.04169007297304017,46,False,-0.01720335160410424,0.07069266120493391,-1.9708256022264954,long_correlation
2025-05-09,0.3007,0.3107,0.3115,0.3152,0.21899999999999997,0.45399873431119947,0.33013744626776026,0.4693822078540434,-0.15329873431119945,-0.029437446267760237,46,False,-0.017730247968730073,0.0712343815048184,-1.9031327777205356,long_correlation
2025-05-12,0.22219999999999998,0.2365,0.2575,0.30879999999999996,0.1839,0.4559420855556402,0.25752183026592,0.4757117541174571,-0.23374208555564022,-0.035321830265920034,46,False,-0.018251209070448655,0.07174408546223272,-3.0036047584525907,long_correlation
2025-05-13,0.18969999999999998,0.2087,0.2321,0.3178,0.1822,0.4541646387693477,0.2716333657679132,0.4671995262599211,-0.2644646387693477,-0.08193336576791321,46,False,-0.0190705610195054,0.07301521286483074,-3.360862320625259,long_correlation
2025-05-14,0.18059999999999998,0.2046,0.2255,0.33630000000000004,0.1862,0.45331779761496577,0.3131806253665023,0.4679719664711407,-0.2727177976149658,-0.13258062536650234,46,False,-0.020017051494093985,0.07463274587383457,-3.3859232051847354,long_correlation
2025-05-15,0.1693,0.1953,0.2194,0.3337,0.1783,0.45351269949207945,0.31042712706704817,0.46421126016129066,-0.28421269949207945,-0.14112712706704816,46,False,-0.020982479875311846,0.07630970460462613,-3.449498605460593,long_correlation
2025-05-16,0.1668,0.1974,0.21850000000000003,0.3362,0.1724,0.45864710073549214,0.315981768076819,0.4678938959001014,-0.29184710073549214,-0.149181768076819,46,False,-0.022165182583560036,0.07805763994447595,-3.4549074036028062,long_correlation
2025-05-19,0.1986,0.2041,0.2225,0.332,0.1814,0.4616757556334997,0.3089391970389222,0.4686266335441856,-0.2630757556334997,-0.1103391970389222,46,False,-0.023364768249723906,0.07985654068540854,-3.0017702410639986,long_correlation
2025-05-20,0.1973,0.2041,0.2212,0.3299,0.1809,0.4629435218822767,0.2984276419385493,0.4702630918221139,-0.2656435218822767,-0.10112764193854931,46,False,-0.024273109715878184,0.08126932360495168,-2.970006411517519,long_correlation
2025-05-21,0.2407,0.23,0.242,0.3342,0.2087,0.4680125143741721,0.2623608843683703,0.47576031724896256,-0.22731251437417208,-0.021660884368370298,46,False,-0.02518439381192309,0.08267666897444967,-2.4448024221284785,long_correlation
2025-05-22,0.22519999999999998,0.22219999999999998,0.2349,0.3318,0.2028,0.4675311240273931,0.2732650581646966,0.4761557941963626,-0.24233112402739312,-0.04806505816469661,46,False,-0.0259422621245509,0.08364886172947657,-2.586871565600637,long_correlation
2025-05-23,0.2661,0.2511,0.25579999999999997,0.32899999999999996,0.2229,0.4696832313729049,0.271147513203888,0.47845774766847615,-0.2035832313729049,-0.005047513203888021,46,False,-0.02679285985305611,0.0847522240121742,-2.085967342809244,long_correlation
2025-05-27,0.1834,0.1979,0.2168,0.33630000000000004,0.18960000000000002,0.4719307388194176,0.22917956514157406,0.48095408988058513,-0.2885307388194176,-0.04577956514157405,46,False,-0.02746154944598303,0.08547946317314013,-3.0541744143225893,long_correlation
2025-05-28,0.2039,0.2116,0.2268,0.33340000000000003,0.1931,0.4761014250598518,0.20199302396537025,0.4836598360097976,-0.2722014250598518,0.0019069760346297482,46,False,-0.02849602516256843,0.08704714790776742,-2.799694254836544,long_correlation
2025-05-29,0.2273,0.22,0.23079999999999998,0.3104,0.1918,0.4767905129318374,0.20080140731421792,0.48521257782076,-0.24949051293183738,0.026498592685782085,46,False,-0.029503252225023133,0.08838779620933662,-2.4888872688464705,long_correlation
2025-05-30,0.2289,0.2237,0.2353,0.30579999999999996,0.1857,0.4766421724653252,0.19767615328026708,0.4844568864439061,-0.2477421724653252,0.03122384671973291,46,False,-0.030344497153031672,0.0894664394726718,-2.4299354774110498,long_correlation
2025-06-02,0.2376,0.21969999999999998,0.2318,0.3034,0.18359999999999999,0.4795333525907573,0.19573971646189972,0.48606941993807357,-0.2419333525907573,0.041860283538100285,46,False,-0.03113688914872396,0.09050224836085614,-2.329184824243622,long_correlation
2025-06-03,0.22649999999999998,0.2114,0.22440000000000002,0.3014,0.1769,0.48600710306750144,0.19749060459740425,0.49191626774984304,-0.25950710306750147,0.029009395402595728,46,False,-0.03200431720047788,0.09146962277374122,-2.487194972146909,long_correlation
2025-06-04,0.222,0.21239999999999998,0.22649999999999998,0.30329999999999996,0.1761,0.4898744052305908,0.211227166365555,0.4923457873238985,-0.2678744052305908,0.010772833634445006,46,False,-0.032989386079312275,0.09257542910796418,-2.5372285218073225,long_correlation
2025-06-05,0.21539999999999998,0.21489999999999998,0.2291,0.31489999999999996,0.1848,0.48912537477912105,0.19874494820328953,0.49440464242200405,-0.27372537477912107,0.01665505179671045,46,False,-0.033846638902908587,0.09374358756314224,-2.55888154178694,long_correlation
2025-06-06,0.19879999999999998,0.20170000000000002,0.217,0.2962,0.1677,0.4920040135574052,0.18563014547654566,0.4983514841895056,-0.2932040135574052,0.013169854523454316,46,False,-0.03478881538923875,0.09495364809933492,-2.7214878347573093,long_correlation
2025-06-09,0.2165,0.2004,0.2169,0.294,0.1716,0.5024305124288695,0.184808124606972,0.5096814946296679,-0.28593051242886947,0.03169187539302801,46,False,-0.03586609490920775,0.09633483345111228,-2.595783981362916,long_correlation
2025-06-10,0.21780000000000002,0.1962,0.2116,0.2929,0.16949999999999998,0.500123202069988,0.1897675380290443,0.5068141931424766,-0.28232320206998796,0.028032461970955713,46,False,-0.036804421700667715,0.09761101855580052,-2.5152773119457454,long_correlation
2025-06-11,0.2186,0.1955,0.2108,0.2787,0.1726,0.4976349547244387,0.19279095715916214,0.5045308342167429,-0.27903495472443873,0.025809042840837848,46,False,-0.037698980828111836,0.0988213377519023,-2.442144372728664,long_correlation
2025-06-12,0.2306,0.19949999999999998,0.2134,0.26899999999999996,0.1802,0.4983007958796806,0.20397695805560828,0.5050497947390439,-0.26770079587968065,0.026623041944391718,46,False,-0.038553089997780135,0.09997126756667778,-2.2921356451649073,long_correlation
2025-06-13,0.2749,0.2329,0.237,0.2661,0.2082,0.4972458199185176,0.16750659730659112,0.5059107955998068,-0.2223458199185176,0.10739340269340886,46,False,-0.039470391724568996,0.10100787743339233,-1.810506594543007,long_correlation
2025-06-16,0.2427,0.2051,0.21789999999999998,0.2706,0.1911,0.4989397176655869,0.16166488044684754,0.5070715953266796,-0.25623971766558695,0.08103511955315246,46,False,-0.040252891226132896,0.10165825562452772,-2.1246363624140483,long_correlation
2025-06-17,0.30820000000000003,0.23600000000000002,0.2391,0.26890000000000003,0.21600000000000003,0.4996380623398368,0.14432035160345538,0.5072544918866883,-0.1914380623398368,0.16387964839654465,46,False,-0.041004771373574785,0.10255189225701512,-1.4668992219982322,long_correlation
2025-06-18,0.2788,0.21789999999999998,0.2231,0.2718,0.2014,0.4965129983650535,0.14412893930812107,0.5045777550718439,-0.21771299836505353,0.13467106069187892,46,False,-0.041428096922034766,0.10295262584623624,-1.7122914543851184,long_correlation
2025-06-20,0.2787,0.2329,0.2375,0.2716,0.20620000000000002,0.49615586756094626,0.14015457045604543,0.5051603723153101,-0.21745586756094626,0.13854542954395457,46,False,-0.041992412912811854,0.10352829147970999,-1.6948357993768557,long_correlation
2025-06-23,0.2527,0.2193,0.23010000000000003,0.2712,0.19829999999999998,0.49986650636041596,0.12717070829202964,0.5081342673560204,-0.24716650636041598,0.12552929170797034,46,False,-0.042530995431896944,0.10408738087595358,-1.965997311166797,long_correlation
2025-06-24,0.2116,0.1894,0.2086,0.2752,0.1748,0.5006552241012425,0.11303391934152915,0.5086117536236473,-0.2890552241012425,0.09856608065847086,46,False,-0.04316359004744518,0.1048449765493524,-2.345287701390746,long_correlation
2025-06-25,0.1844,0.1788,0.2016,0.2872,0.16760000000000003,0.4987450510491558,0.10990297035680527,0.5049328175197331,-0.3143450510491558,0.07449702964319474,46,False,-0.04396307490895015,0.10594740678692834,-2.552039585867099,long_correlation
2025-06-26,0.1666,0.1739,0.1961,0.2907,0.1659,0.49875495484298804,0.10589505852652226,0.5056475019211513,-0.33215495484298807,0.06070494147347774,46,False,-0.04483532301023487,0.10726210432004772,-2.678668609516101,long_correlation
2025-06-27,0.15130000000000002,0.1736,0.1963,0.29469999999999996,0.1632,0.49983476595231213,0.0958143731375632,0.5063412675947292,-0.34853476595231214,0.05548562686243681,46,False,-0.045843934122668635,0.10875961703862609,-2.783117852668997,long_correlation
2025-06-30,0.1448,0.17079999999999998,0.1949,0.3023,0.1673,0.499470355400968,0.10170546082288826,0.505787898986947,-0.35467035540096803,0.04309453917711176,46,False,-0.04689576078585865,0.11039442353351836,-2.7879541806897676,long_correlation
2025-07-01,0.1489,0.1801,0.2028,0.3039,0.16829999999999998,0.5135225022809486,0.10160686337409063,0.5042969763099446,-0.3646225022809486,0.04729313662590938,46,False,-0.047932251432801415,0.1120473006103468,-2.8263978616447187,long_correlation
2025-07-02,0.1432,0.1777,0.20079999999999998,0.3025,0.1664,0.43807484416759745,0.1195973642188081,0.45004701984470313,-0.29487484416759746,0.0236026357811919,46,False,-0.048981838598991384,0.11376383679457747,-2.1614338307929373,long_correlation
2025-07-03,0.1414,0.1793,0.1991,0.29719999999999996,0.1638,0.4422380100242512,0.12960564075435335,0.4558078894941441,-0.30083801002425126,0.011794359245646646,46,False,-0.04976334951536898,0.11477342979171157,-2.1875678104638623,long_correlation
2025-07-07,0.1578,0.1953,0.20800000000000002,0.3169,0.1779,0.4391318266849182,0.11837411548707064,0.45566216882350774,-0.2813318266849182,0.03942588451292936,46,False,-0.05059475461484755,0.11582967642918947,-1.9920376123223298,long_correlation
2025-07-08,0.1382,0.1841,0.20190000000000002,0.3172,0.1681,0.3100588270463515,0.12088051342459354,0.29987301243867603,-0.17185882704635153,0.017319486575406454,46,False,-0.0513575161962242,0.11671387190402367,-1.0324506323397287,long_correlation
2025-07-09,0.12279999999999999,0.1753,0.1961,0.3165,0.1594,0.27286089197286095,0.11565526092997946,0.26032571947168637,-0.15006089197286096,0.007144739070020528,46,False,-0.0516658268418639,0.11692981979168052,-0.8414882132401764,no_trade
2025-07-10,0.1137,0.1693,0.1913,0.32020000000000004,0.1578,0.26893145944280544,0.12076388260391098,0.25635011899657484,-0.15523145944280545,-0.007063882603910984,46,False,-0.05187169617674075,0.11705764308292448,-0.8829817562006087,no_trade
2025-07-11,0.1211,0.1814,0.1991,0.3182,0.16399999999999998,0.26902049160194497,0.1179072600134376,0.25486382392229107,-0.14792049160194498,0.003192739986562401,46,False,-0.05212223288406276,0.11721154054301872,-0.8173108063768052,no_trade
2025-07-14,0.1402,0.1906,0.203,0.32280000000000003,0.172,0.26998796117542234,0.1295116482244959,0.255575300035139,-0.12978796117542235,0.01068835177550409,46,False,-0.052351719853785235,0.11734271247738289,-0.6599152149015006,no_trade
2025-07-15,0.14730000000000001,0.19699999999999998,0.2059,0.32299999999999995,0.17379999999999998,0.25478056670053606,0.11811407491610497,0.2409726963954567,-0.10748056670053605,0.029185925083895045,46,False,-0.05257363918934835,0.11743640349574903,-0.46754605792381254,no_trade
2025-07-16,0.1449,0.19510000000000002,0.20600000000000002,0.3193,0.1716,0.25615682803503576,0.11585741062695498,0.2527070429452871,-0.11125682803503575,0.02904258937304502,46,False,-0.052718384284824796,0.11748168134874794,-0.4982772043961289,no_trade
2025-07-17,0.1259,0.1832,0.19879999999999998,0.3189,0.16519999999999999,0.2334364650391913,0.10642437534188887,0.2366966975086456,-0.10753646503919129,0.019475624658111146,46,False,-0.052840358438416626,0.11752660825433699,-0.4653933897454771,no_trade
2025-07-18,0.1292,0.18739999999999998,0.20120000000000002,0.3146,0.1641,0.22018901351503944,0.10346550085390274,0.224715392749258,-0.09098901351503944,0.025734499146097267,46,False,-0.053027903134162745,0.11757621820904206,-0.32286384916195016,no_trade
2025-07-21,0.1353,0.1889,0.2039,0.3136,0.16649999999999998,0.2176331677074181,0.10044041214346171,0.21961979967767678,-0.08233316770741811,0.034859587856538296,46,False,-0.05314496840763803,0.11759935951265081,-0.24820032541622938,no_trade
2025-07-22,0.1294,0.1856,0.205,0.32130000000000003,0.165,0.21848572178838072,0.09969862657536924,0.21333969338672434,-0.08908572178838073,0.02970137342463075,46,False,-0.05329546841835866,0.11761240012934496,-0.30430680209451993,no_trade
2025-07-23,0.10980000000000001,0.16440000000000002,0.1907,0.32409999999999994,0.1537,0.21397895715517667,0.10443030511892927,0.20835423563133715,-0.10417895715517667,0.0053696948810707384,46,False,-0.053511911309169644,0.11762793816446157,-0.4307398959519877,no_trade
2025-07-24,0.11810000000000001,0.1725,0.1934,0.3043,0.1539,0.21029029889010403,0.12987724839729492,0.20463593620592768,-0.09219029889010402,-0.01177724839729491,46,False,-0.053840991448869086,0.11765332234219393,-0.32595175960859163,no_trade
2025-07-25,0.1082,0.16949999999999998,0.1916,0.2988,0.1493,0.20936490945564076,0.14330898997883051,0.20219408601014352,-0.10116490945564076,-0.03510898997883051,46,False,-0.054070538150828205,0.1176715607384751,-0.4002188040105947,no_trade
2025-07-28,0.09539999999999998,0.16,0.18719999999999998,0.306,0.1503,0.21031580172146422,0.1428174258900033,0.20160736722913553,-0.11491580172146423,-0.047417425890003306,46,False,-0.054360418958642534,0.11769734058405193,-0.5145008584079002,no_trade
2025-07-29,0.1069,0.16649999999999998,0.1913,0.3071,0.1598,0.21145738245282011,0.15188094067106592,0.20132209592782938,-0.10455738245282012,-0.04498094067106592,46,False,-0.054938017505282294,0.1176356830328279,-0.4218053881974812,no_trade
2025-07-30,0.08839999999999999,0.1527,0.1808,0.3065,0.1548,0.20446144602662472,0.14596276498417263,0.19082487307167165,-0.11606144602662473,-0.057562764984172635,46,False,-0.055528792852302236,0.1175089893321362,-0.5151321062189419,no_trade
2025-07-31,0.11789999999999999,0.16949999999999998,0.19149999999999998,0.3093,0.1672,0.20101674050197718,0.13321321985092446,0.18895209424378015,-0.08311674050197719,-0.015313219850924473,46,False,-0.056022829944062144,0.11750070305392601,-0.23058509314178752,no_trade
2025-08-01,0.201,0.21530000000000002,0.2205,0.28800000000000003,0.20379999999999998,0.19983232444699137,0.12096442142597807,0.19013521034792732,0.0011676755530086458,0.08003557857402194,46,False,-0.05637030231298486,0.11745063146586712,0.4898907493972468,no_trade
2025-08-04,0.1353,0.1771,0.195,0.2995,0.1752,0.20692849998110788,0.10759698046302484,0.19547280786919316,-0.07162849998110787,0.027703019536975168,46,False,-0.056490944433686935,0.1173755321573627,-0.12896687469008758,no_trade
2025-08-05,0.1613,0.1888,0.2016,0.2943,0.17850000000000002,0.20593175175073372,0.10646104203107208,0.19345282345426318,-0.04463175175073372,0.05483895796892792,46,False,-0.0568298502704619,0.11729510733106757,0.103994947421795,no_trade
2025-08-06,0.1432,0.1779,0.1957,0.2873,0.1677,0.2006524699970012,0.115612619100278,0.18973108566530555,-0.05745246999700121,0.027587380899722,46,False,-0.0572306480239946,0.1170791260718215,-0.0018946329755701666,no_trade
2025-08-07,0.1365,0.16899999999999998,0.187,0.29,0.16570000000000001,0.16413455460548687,0.12100154220851198,0.14515083496907769,-0.02763455460548686,0.015498457791488035,46,False,-0.05791002750223891,0.11657866589832648,0.25969994306811384,no_trade
2025-08-08,0.1093,0.159,0.1827,0.2859,0.1515,0.168781157857633,0.11661295950298835,0.154551799363226,-0.05948115785763301,-0.007312959502988353,46,False,-0.05899090247276549,0.11501357069710581,-0.004262587292056471,no_trade
2025-08-11,0.1307,0.1661,0.1881,0.29469999999999996,0.1625,0.1715718042429918,0.1125316490495167,0.15741281064440563,-0.04087180424299178,0.018168350950483317,46,False,-0.05990650309546312,0.1140880435213918,0.16684218840953557,no_trade
2025-08-12,0.1076,0.1507,0.1789,0.29350000000000004,0.14730000000000001,0.1731503957147158,0.12242483872079744,0.16541754070588469,-0.0655503957147158,-0.014824838720797442,46,False,-0.060756471141111754,0.11313747402447356,-0.04237256147832182,no_trade
2025-08-13,0.0924,0.1451,0.1787,0.2973,0.1449,0.16979333534677965,0.12579614269909778,0.16468372164482226,-0.07739333534677965,-0.03339614269909778,46,False,-0.06147209460961486,0.11259171758500221,-0.14140685548335208,no_trade
2025-08-14,0.09880000000000001,0.1501,0.1807,0.2963,0.1483,0.16967353368275925,0.12723762300680028,0.16505713755957332,-0.07087353368275924,-0.028437623006800264,46,False,-0.062027479491973916,0.1123223076682615,-0.07875598689542346,no_trade
2025-08-15,0.10220000000000001,0.1563,0.1861,0.299,0.1509,0.16407106757214246,0.13414342023762316,0.16067338750947308,-0.061871067572142446,-0.031943420237623144,46,False,-0.06259365902141367,0.1120041651517648,0.0064514694457310584,no_trade
2025-08-18,0.11289999999999999,0.1502,0.1814,0.2939,0.1499,0.14766774678669337,0.14201422816742734,0.14584382779745497,-0.03476774678669338,-0.029114228167427356,46,False,-0.06290407612153746,0.11189283586385226,0.25145782674665157,no_trade
2025-08-19,0.1209,0.1565,0.1885,0.3035,0.1557,0.14507940201866312,0.1364805000633053,0.14428820455755367,-0.02417940201866313,-0.015580500063305316,46,False,-0.06293776129878095,0.11188304335584699,0.3464185288278746,no_trade
2025-08-20,0.1316,0.16079999999999997,0.1937,0.2998,0.15689999999999998,0.14195366249951766,0.1371830695963843,0.14089062894569224,-0.010353662499517663,-0.005583069596384299,46,False,-0.06282478334411444,0.11190784512133152,0.4688779485272646,no_trade
2025-08-21,0.1558,0.168,0.1981,0.2995,0.166,0.1274476948891513,0.13411279074454868,0.12294424780679827,0.028352305110848686,0.021687209255451312,46,False,-0.0625901186548918,0.11195580629334911,0.812306451774829,short_correlation
2025-08-22,0.0956,0.1377,0.1746,0.2986,0.1422,0.13022130376683896,0.09606631552802859,0.13245935864955555,-0.03462130376683896,-0.000466315528028588,46,False,-0.0622000167222957,0.1121012224152886,0.24601616611537946,no_trade
2025-08-25,0.0999,0.1411,0.17809999999999998,0.3046,0.1479,0.13441773153187309,0.07966367125464333,0.134457415965863,-0.03451773153187308,0.020236328745356677,46,False,-0.06213884914789016,0.11211209118927336,0.2463705504287285,no_trade
2025-08-26,0.09300000000000001,0.1351,0.1751,0.30510000000000004,0.1462,0.13429760975439692,0.08252590902676418,0.134779857102657,-0.041297609754396905,0.01047409097323583,46,False,-0.062106455909521296,0.11211891481363073,0.18559621442745697,no_trade
2025-08-27,0.10189999999999999,0.1369,0.1777,0.3031,0.1485,0.1351685402312795,0.0869697230854136,0.13569434314318504,-0.03326854023127951,0.014930276914586385,46,False,-0.062081342003295355,0.11212287991731663,0.2569752203409636,no_trade
2025-08-28,0.12560000000000002,0.1421,0.17739999999999997,0.2758,0.14429999999999998,0.1345019383306718,0.08521151060643693,0.13361475046524637,-0.008901938330671794,0.040388489393563085,46,False,-0.06193508311026276,0.11213638296109042,0.47293432674739155,no_trade
2025-08-29,0.1437,0.1524,0.18760000000000002,0.2768,0.1536,0.1332665655548045,0.08075086708416622,0.13264490451652858,0.010433434445195483,0.06294913291583377,46,False,-0.06163647872882617,0.1121771719742983,0.6424650568881705,no_trade
2025-09-02,0.17850000000000002,0.16690000000000002,0.1954,0.27949999999999997,0.17170000000000002,0.1330102168086328,0.06186598526313141,0.1333485999288859,0.045489783191367233,0.1166340147368686,46,False,-0.061282826305723063,0.11226365224075095,0.9510879734084811,short_correlation
2025-09-03,0.175,0.1637,0.1946,0.2762,0.1635,0.1267340349972255,0.06156968683572478,0.12677040492389632,0.0482659650027745,0.11343031316427521,46,False,-0.06089763876626572,0.11246343077092338,0.9706586667393725,short_correlation
2025-09-04,0.15789999999999998,0.155,0.1857,0.26899999999999996,0.153,0.1263245503701592,0.06154425316330492,0.1259985986162776,0.031575449629840796,0.09635574683669507,46,False,-0.06060271070379448,0.11265245827037414,0.8182525419232392,short_correlation
2025-09-05,0.15289999999999998,0.1577,0.187,0.2728,0.1518,0.12356766047592498,0.05304249103807383,0.12014850586186411,0.029332339524075005,0.09985750896192615,46,False,-0.06034387789281493,0.11278948005445143,0.7950760777831134,short_correlation
2025-09-08,0.1482,0.1535,0.1827,0.2743,0.15109999999999998,0.12322654021739832,0.054115591149139795,0.12022647879792786,0.02497345978260168,0.0940844088508602,46,False,-0.060422414340603484,0.11271982201472246,0.7575941178478043,short_correlation
2025-09-09,0.1444,0.15109999999999998,0.18059999999999998,0.2754,0.15039999999999998,0.12245072304700319,0.053605757510223,0.11977256435286983,0.02194927695299681,0.090794242489777,46,False,-0.06067523922523508,0.11245518903507543,0.7347328023472605,no_trade
2025-09-10,0.1326,0.1421,0.1729,0.27399999999999997,0.1535,0.11193890256050269,0.04828450001970937,0.10719567114385772,0.020661097439497303,0.08431549998029063,46,False,-0.060827271873552226,0.11231685126842741,0.7255222025259548,no_trade
2025-09-11,0.1298,0.1388,0.17010000000000003,0.27140000000000003,0.1471,0.11582142692402118,0.10340377026484195,0.10803752287304459,0.013978573075978815,0.026396229735158053,46,False,-0.06116783610315657,0.11193698692113631,0.6713277822287531,no_trade
2025-09-12,0.12359999999999999,0.14029999999999998,0.17129999999999998,0.2735,0.1476,0.11258025244797495,0.1185036808857393,0.10574909889905323,0.011019747552025033,0.005096319114260686,46,False,-0.061348826142123294,0.11177771927475631,0.647432906698177,no_trade
2025-09-15,0.1361,0.1427,0.17120000000000002,0.2909,0.15689999999999998,0.11517151900321151,0.11547501928858278,0.10647601641931932,0.020928480996788484,0.020624980711417218,46,False,-0.0615507866937771,0.11159995689885303,0.7390618238797301,no_trade
2025-09-16,0.1476,0.1494,0.175,0.2926,0.1636,0.11609293011087711,0.11225449000159224,0.10706659320869182,0.0315070698891229,0.03534550999840777,46,False,-0.061537278196978046,0.11160977218991887,0.8336577188579295,short_correlation
2025-09-17,0.141,0.1452,0.17329999999999998,0.2914,0.1572,0.1131561653979077,0.10809056635986204,0.10336279628399007,0.02784383460209229,0.032909433640137944,46,False,-0.061375788957612476,0.11171520970827112,0.7986345260657839,short_correlation
2025-09-18,0.1349,0.14529999999999998,0.172,0.2988,0.157,0.10697146426231256,0.12167903578621729,0.09299157997590937,0.02792853573768743,0.013220964213782702,46,False,-0.061197945894498264,0.11182179970848086,0.7970403075655929,short_correlation
2025-09-19,0.1329,0.1476,0.17190000000000003,0.2985,0.1545,0.10626521923330055,0.13818701101852168,0.09332530680459335,0.026634780766699437,-0.005287011018521692,46,False,-0.06104189814038425,0.11191897230681086,0.7833942458543117,short_correlation
2025-09-22,0.1255,0.1456,0.1716,0.32020000000000004,0.161,0.10383211471953259,0.1332000626813293,0.08926115612339669,0.02166788528046741,-0.007700062681329306,46,False,-0.06092406205075441,0.1119958689001775,0.7374553020775834,no_trade
2025-09-23,0.1408,0.1528,0.1769,0.32189999999999996,0.1664,0.10403653138722713,0.13467350966195607,0.08795075450246684,0.03676346861277288,0.006126490338043938,46,False,-0.06086780320934728,0.11203392691324611,0.8714438073541894,short_correlation
2025-09-24,0.1338,0.1502,0.1761,0.3214,0.1618,0.10310185116411737,0.13289647264741397,0.08692930837493913,0.030698148835882635,0.000903527352586031,46,False,-0.06058083337765601,0.11219153488451937,0.8135995492662939,short_correlation
2025-09-25,0.13470000000000001,0.1552,0.179,0.32380000000000003,0.1674,0.09947631889947037,0.13021249419704464,0.08350584253841796,0.03522368110052965,0.004487505802955372,46,False,-0.06029889213641213,0.1123317625088086,0.8503612077612624,short_correlation
2025-09-26,0.1059,0.1405,0.1693,0.319,0.15289999999999998,0.10174339680766596,0.13156862150722975,0.08644274211329471,0.004156603192334032,-0.02566862150722976,46,False,-0.05995266640476709,0.11249170916264777,0.5699021738962806,no_trade
2025-09-29,0.1047,0.1442,0.1751,0.33039999999999997,0.1612,0.09926800991888757,0.13014102190659266,0.08388365821016007,0.005431990081112434,-0.025441021906592656,46,False,-0.0596417972930591,0.11256045213855656,0.5781230097944952,no_trade
2025-09-30,0.09820000000000001,0.1367,0.16879999999999998,0.3379,0.1628,0.09389888999478724,0.1391079319253317,0.0789712500086588,0.0043011100052127715,-0.04090793192533168,46,False,-0.0593045112509743,0.11262784208083834,0.564741542420162,no_trade
2025-10-01,0.09140000000000001,0.13470000000000001,0.166,0.3447,0.1629,0.09097263027316839,0.14526093368137968,0.07984911484850524,0.00042736972683161956,-0.053860933681379675,46,False,-0.05891850604962165,0.11267867347530229,0.5266824142144442,no_trade
2025-10-02,0.09380000000000001,0.13720000000000002,0.1666,0.3433,0.1663,0.09079541412837623,0.13834449531862916,0.07963815132346601,0.003004585871623777,-0.044544495318629154,46,False,-0.05861152769262806,0.11273476746742815,0.5465582175618915,no_trade
2025-10-03,0.0922,0.1423,0.1728,0.3439,0.16649999999999998,0.09061616162088197,0.14606204504521159,0.07885633846737218,0.0015838383791180327,-0.05386204504521158,46,False,-0.05823262812246449,0.1127809373773877,0.5303774546705938,no_trade
2025-10-06,0.07429999999999999,0.1304,0.16329999999999997,0.3715,0.1637,0.08718251012254091,0.14830683100965625,0.07345073090863795,-0.012882510122540922,-0.07400683100965626,46,False,-0.05800921745036145,0.1128436771101046,0.39990461569051133,no_trade
2025-10-07,0.09359999999999999,0.14529999999999998,0.1745,0.3638,0.1724,0.08717205312835578,0.14753204640953294,0.07324497091472522,0.006427946871644205,-0.05393204640953295,46,False,-0.057813088492964106,0.11287912331439652,0.5691135214230979,no_trade
2025-10-08,0.0775,0.1355,0.168,0.3751,0.163,0.08096078915565143,0.15213416673975763,0.06977044018639313,-0.003460789155651428,-0.07463416673975763,46,False,-0.0575694070251858,0.11295152391819187,0.4790428317613844,no_trade
2025-10-09,0.0784,0.1359,0.16570000000000001,0.3768,0.1643,0.08098688771319892,0.1539095522673405,0.06905100173023611,-0.0025868877131989265,-0.07550955226734049,46,False,-0.057220300128186186,0.11298238479638488,0.4835569059145526,no_trade
2025-10-10,0.1457,0.18969999999999998,0.2066,0.3896,0.21660000000000001,0.10199372130882163,0.10912798597919864,0.09287832404025552,0.043706278691178366,0.03657201402080136,46,False,-0.05721127555773115,0.11298667444406514,0.8931810299352556,short_correlation
2025-10-13,0.1115,0.1602,0.1819,0.3881,0.19030000000000002,0.10609675101906363,0.11751385195861842,0.09830525557615771,0.005403248980936373,-0.006013851958618421,46,False,-0.05693732316477642,0.11314786267755314,0.5509655301520798,no_trade
2025-10-14,0.1401,0.1761,0.19269999999999998,0.3865,0.20809999999999998,0.10488587034947817,0.11962026115066747,0.09621032543161447,0.03521412965052183,0.020479738849332532,46,False,-0.0567808291866672,0.11320692410498515,0.8126266088801716,short_correlation
2025-10-15,0.134,0.1703,0.1885,0.37810000000000005,0.2064,0.10266114732536397,0.13106649538532752,0.09712886068633393,0.03133885267463604,0.002933504614672483,46,False,-0.05645586764060081,0.1133534837405708,0.7745215887336147,short_correlation
2025-10-16,0.1948,0.21359999999999998,0.21309999999999998,0.3728,0.2531,0.10568751443536631,0.12877303237501936,0.10047364484270624,0.08911248556463369,0.06602696762498064,46,False,-0.056158657653952754,0.11348554817467205,1.2800849584388612,short_correlation
2025-10-17,0.13019999999999998,0.1714,0.1844,0.37810000000000005,0.2078,0.1104956133524354,0.130995053908888,0.10378975019469852,0.019704386647564576,-0.0007950539088880104,46,False,-0.05562382262232534,0.1138521950986653,0.6616315935288717,no_trade
2025-10-20,0.0915,0.1459,0.17010000000000003,0.3835,0.18230000000000002,0.11590198962666938,0.11494178729816759,0.11136852366483808,-0.024401989626669382,-0.023441787298167593,46,False,-0.05538910469764476,0.11394661486483573,0.27194414777246795,no_trade
2025-10-21,0.0935,0.14679999999999999,0.17170000000000002,0.3795,0.1787,0.11339194619219099,0.11969533790468119,0.11002106954741789,-0.019891946192190993,-0.02619533790468119,46,False,-0.05525699580720203,0.11396323032018586,0.3103198243473006,no_trade
2025-10-22,0.10220000000000001,0.1543,0.1772,0.3803,0.18600000000000003,0.1165775333814872,0.13022557544619617,0.11299067344219182,-0.014377533381487187,-0.02802557544619616,46,False,-0.054982526371038704,0.11396478911091475,0.35629419671047025,no_trade
2025-10-23,0.0901,0.1451,0.16879999999999998,0.36840000000000006,0.17300000000000001,0.11163603520457381,0.15548710440665328,0.11146128824745327,-0.02153603520457381,-0.06538710440665328,46,False,-0.054617730928134926,0.11394697857294027,0.2903253437508631,no_trade
2025-10-24,0.0771,0.1394,0.1643,0.3667,0.1637,0.1088258531295177,0.15143357428345797,0.11104351442893157,-0.0317258531295177,-0.07433357428345796,46,False,-0.05425635073921598,0.11390674690692408,0.19779774439619882,no_trade
2025-10-27,0.07400000000000001,0.1333,0.1582,0.3843,0.15789999999999998,0.10541411730773463,0.16506522856978992,0.10684329915228868,-0.03141411730773462,-0.09106522856978991,46,False,-0.05396103682414529,0.11386814757902138,0.19800901301888418,no_trade
2025-10-28,0.0779,0.139,0.1612,0.38799999999999996,0.1642,0.09958909277382233,0.1738999373019504,0.0997390870858602,-0.021689092773822333,-0.09599993730195042,46,False,-0.053713502800101426,0.11384901365316,0.2812884275294749,no_trade
2025-10-29,0.0756,0.135,0.1559,0.4046,0.16920000000000002,0.10270869439719382,0.1848231259353959,0.09877747908677252,-0.027108694397193822,-0.1092231259353959,46,False,-0.05340997908466467,0.11383195858390542,0.23105360756912738,no_trade
2025-10-30,0.10980000000000001,0.1545,0.1661,0.3663,0.1691,0.10217255747228998,0.1945674273706825,0.09891491674063385,0.007627442527710027,-0.08476742737068249,46,False,-0.05316416665745652,0.1138215645732333,0.5340957086040841,no_trade
2025-10-31,0.1253,0.165,0.1723,0.3603,0.1744,0.10078285168810198,0.19900601994736286,0.09801054738755,0.02451714831189801,-0.07370601994736287,46,False,-0.05272324832140016,0.11384106895686515,0.6784932480084571,no_trade
2025-11-03,0.1191,0.15869999999999998,0.17,0.3613,0.17170000000000002,0.1028804092396577,0.1970280416993588,0.09757874936002839,0.016219590760342295,-0.07792804169935881,46,False,-0.052417249393655115,0.1139450049165215,0.6023681354376367,no_trade
2025-11-04,0.16269999999999998,0.1776,0.184,0.3531,0.19,0.10198286954851489,0.19625275002876408,0.09863789755680417,0.06071713045148509,-0.033552750028764095,46,False,-0.05226563876651752,0.11401105489936701,0.9909808247781583,short_correlation
2025-11-05,0.1458,0.16269999999999998,0.17329999999999998,0.35109999999999997,0.1801,0.09802052944081034,0.19312505377334785,0.09323935654520064,0.04777947055918967,-0.047325053773347836,46,False,-0.052146000046197426,0.1141140957533894,0.8756628175132266,short_correlation
2025-11-06,0.163,0.1707,0.1775,0.35619999999999996,0.195,0.09856500385949417,0.19318556061986253,0.09282620840750704,0.06443499614050584,-0.030185560619862523,46,False,-0.052271444113102465,0.11398622605435083,1.023864411459332,short_correlation
2025-11-07,0.1501,0.16579999999999998,0.1753,0.35350000000000004,0.19079999999999997,0.09933416317794838,0.1928181750084307,0.09317592062950783,0.05076583682205163,-0.0427181750084307,46,False,-0.05233812509890954,0.11391270390549435,0.9051138142283018,short_correlation
2025-11-10,0.1231,0.1465,0.16219999999999998,0.3503,0.17600000000000002,0.10405686153541716,0.19840024528871134,0.09780581372760107,0.019043138464582846,-0.07530024528871133,46,False,-0.052306675678396475,0.1139401765719332,0.6262041738888692,no_trade
2025-11-11,0.1277,0.1532,0.1705,0.34490000000000004,0.1728,0.11168168585064364,0.17941913987458857,0.1019608073846971,0.016018314149356366,-0.051719139874588566,46,False,-0.052122586353920634,0.11401811228615424,0.5976322457633925,no_trade
2025-11-12,0.1332,0.1574,0.1741,0.3346,0.1751,0.11222388429670284,0.17290586496498817,0.10415081986131151,0.020976115703297174,-0.03970586496498815,46,False,-0.051922301253789944,0.11409357818421884,0.6389353206136037,no_trade
2025-11-13,0.16649999999999998,0.1744,0.1841,0.3414,0.2,0.11381109270821872,0.16475441886830644,0.10985436633993217,0.05268890729178126,0.001745581131693541,46,False,-0.05169650071624607,0.11418163567423194,0.914204875343055,short_correlation
2025-11-14,0.1732,0.1778,0.1883,0.33509999999999995,0.19829999999999998,0.11336967567083661,0.17316205822478478,0.11012300602868814,0.05983032432916338,3.794177521521114e-05,46,False,-0.05132673512053761,0.11436878988803964,0.9719177719596165,short_correlation
2025-11-17,0.21660000000000001,0.1966,0.20309999999999997,0.34090000000000004,0.2238,0.10933959821512694,0.16082878521883126,0.1031243109936843,0.10726040178487307,0.055771214781168754,46,False,-0.05090369734131131,0.11458265379816511,1.3803494148842728,short_correlation
2025-11-18,0.2468,0.2125,0.2146,0.3493,0.2469,0.10577712651112185,0.16049627342392855,0.10106085239894848,0.14102287348887815,0.08630372657607144,46,False,-0.05024839387328116,0.11501401917228245,1.663025679292619,short_correlation
2025-11-19,0.22510000000000002,0.1997,0.2054,0.35240000000000005,0.2366,0.10583826757288843,0.1504683172822092,0.10058049096401979,0.11926173242711159,0.07463168271779083,46,False,-0.049479078451756676,0.11564324154830602,1.459149783590099,short_correlation
2025-11-20,0.28,0.2261,0.2191,0.3528,0.2642,0.10791489560234035,0.13111865625698765,0.10462149473685434,0.17208510439765967,0.14888134374301237,46,False,-0.04884912082828257,0.11612925231938441,1.902485556510069,short_correlation
2025-11-21,0.2452,0.2086,0.2125,0.349,0.2343,0.11541399982383455,0.11409672204740393,0.11150961826995624,0.12978600017616546,0.13110327795259608,46,False,-0.04808855167484759,0.11694647860263563,1.5209910890553677,short_correlation
2025-11-24,0.20829999999999999,0.188,0.1962,0.33140000000000003,0.2052,0.11353058943487648,0.12676204920552303,0.10968057338918695,0.0947694105651235,0.08153795079447695,46,False,-0.04755369205672348,0.11745146860233685,1.211760945311971,short_correlation
2025-11-25,0.1576,0.16079999999999997,0.17809999999999998,0.3382,0.1856,0.119213079100104,0.11120940966725763,0.11366778117425182,0.038386920899895996,0.04639059033274236,46,False,-0.04718104012632837,0.11775427843793176,0.726665410049854,no_trade
2025-11-26,0.1553,0.1557,0.17190000000000003,0.32409999999999994,0.17190000000000003,0.1210931481193175,0.11115416357526846,0.11633809569333241,0.034206851880682496,0.044145836424731535,46,False,-0.04712452665307374,0.11779205772844825,0.6904657249579035,no_trade
2025-11-28,0.1497,0.15380000000000002,0.1707,0.3207,0.1635,0.12485591499007223,0.09878872139129732,0.12057338621068078,0.02484408500992777,0.050911278608702676,46,False,-0.04694602404857612,0.11788140976555038,0.6090028037608675,no_trade
2025-12-01,0.17170000000000002,0.1623,0.1771,0.3194,0.1724,0.12687534723472674,0.10487184122000248,0.1234700607259868,0.04482465276527328,0.06682815877999754,46,False,-0.046772308845783504,0.11795508897264032,0.7765409903789968,short_correlation
2025-12-02,0.1672,0.1575,0.17309999999999998,0.3169,0.1659,0.1267698130560125,0.09946761659638362,0.12337608257829713,0.04043018694398748,0.06773238340361637,46,False,-0.04655617354201474,0.11807323824222428,0.7367152945153574,no_trade
2025-12-03,0.147,0.1509,0.1696,0.3201,0.16079999999999997,0.13067356063031058,0.08618394418774773,0.12712618043263746,0.016326439369689416,0.06081605581225226,46,False,-0.04639450501275538,0.11816466741339197,0.5307927128760017,no_trade
2025-12-04,0.1404,0.14400000000000002,0.1632,0.3152,0.1578,0.13184552280779172,0.08665416773952636,0.12894521028315994,0.008554477192208282,0.053745832260473636,46,False,-0.04625505683239655,0.11821806787870427,0.4636307715741156,no_trade
2025-12-05,0.1354,0.1442,0.16329999999999997,0.31,0.15410000000000001,0.12573624295042982,0.09541483671342735,0.12523431833926038,0.009663757049570176,0.039985163286572645,46,False,-0.04616336126728522,0.11825171238947081,0.4721041005561478,no_trade
2025-12-08,0.1536,0.1482,0.1666,0.3124,0.1666,0.12496907463282547,0.09751087225988164,0.12403155867940577,0.028630925367174515,0.056089127740118344,46,False,-0.04611176144068994,0.11827330835367637,0.6319488974161359,no_trade
2025-12-09,0.1655,0.15109999999999998,0.1686,0.306,0.1693,0.12427824753289257,0.10470712749755676,0.12396661285441025,0.041221752467107436,0.06079287250244325,46,False,-0.045977120146243534,0.11833924891131395,0.7368550452665094,no_trade
2025-12-10,0.1367,0.13699999999999998,0.1598,0.2924,0.1577,0.12842052218319133,0.08876602326674352,0.12767362731307813,0.008279477816808656,0.04793397673325647,46,False,-0.045772219235199266,0.11844572634512919,0.4563414714897451,no_trade
2025-12-11,0.1155,0.1303,0.1548,0.2909,0.1485,0.12619626622061558,0.08129188400460946,0.12749705075573,-0.010696266220615577,0.034208115995390545,46,False,-0.04562600239965662,0.11848978467072949,0.2947911187121072,no_trade
2025-12-12,0.1386,0.1408,0.16329999999999997,0.2786,0.1574,0.1259010778425283,0.07871801123828777,0.12889509067272212,0.012698922157471704,0.05988198876171223,46,False,-0.04562303257416955,0.11849065418005437,0.4922072136002996,no_trade
2025-12-15,0.162,0.1484,0.16879999999999998,0.28059999999999996,0.165,0.1257312102886086,0.0787649211554847,0.1282294072662942,0.036268789711391414,0.08323507884451531,46,False,-0.045530424215462995,0.11852722014410043,0.6901301981722541,no_trade
2025-12-16,0.1699,0.1539,0.17120000000000002,0.2787,0.1648,0.12950541553630288,0.07033193466947335,0.13065749196281362,0.04039458446369712,0.09956806533052664,46,False,-0.0452803187112766,0.11863343920451193,0.7221817368649235,no_trade
2025-12-17,0.1946,0.16620000000000001,0.18239999999999998,0.2827,0.17620000000000002,0.12943093706831166,0.10271653960244895,0.13109573858401846,0.06516906293168834,0.09188346039755105,46,False,-0.04506079734707756,0.11874096660897637,0.9283220730530328,short_correlation
2025-12-18,0.182,0.1577,0.1752,0.2808,0.16870000000000002,0.12962124397788558,0.12608885644489295,0.13129487281348942,0.05237875602211442,0.05591114355510704,46,False,-0.04472306551416972,0.11893358313562137,0.8164373676151485,short_correlation
2025-12-19,0.1375,0.1322,0.1564,0.2779,0.1491,0.12822851533610644,0.13272961582674186,0.13045345273255907,0.009271484663893576,0.0047703841732581465,46,False,-0.044447033959048456,0.11907839168582723,0.4511189466235933,no_trade
2025-12-22,0.12029999999999999,0.1229,0.1489,0.28309999999999996,0.1408,0.12742910641769112,0.131186651292775,0.1294967722824182,-0.007129106417691128,-0.010886651292774996,46,False,-0.044397550846770786,0.11909819019443345,0.3129220046772932,no_trade
2025-12-23,0.1275,0.1242,0.1492,0.2804,0.14,0.12807323461667952,0.131946933513016,0.12994865120880328,-0.0005732346166795188,-0.004446933513016005,46,False,-0.044976427817329565,0.11855775645217949,0.37452794763841674,no_trade
2025-12-24,0.12300000000000001,0.12369999999999999,0.1491,0.2824,0.13470000000000001,0.13152897431866487,0.11967741398573475,0.1332882262259722,-0.008528974318664853,0.003322586014265258,46,False,-0.04535558025845671,0.11826081765983881,0.31140158396095813,no_trade
2025-12-26,0.10300000000000001,0.1235,0.1477,0.2901,0.136,0.13851254557424159,0.11448282995717443,0.13753229836583275,-0.03551254557424158,-0.011482829957174423,46,False,-0.04558540548494735,0.11813216996089884,0.08526771254637781,no_trade
2025-12-29,0.11130000000000001,0.12789999999999999,0.1535,0.29760000000000003,0.142,0.1391930618893774,0.10751369244215944,0.1384728383755904,-0.027893061889377402,0.003786307557840568,46,False,-0.04577423659405794,0.11807765696908183,0.1514357175071881,no_trade
2025-12-30,0.1182,0.12990000000000002,0.15689999999999998,0.2954,0.1433,0.14063192992743426,0.1017225630760786,0.14002793275937483,-0.022431929927434258,0.016477436923921396,46,False,-0.04571208153235285,0.11808295154445335,0.19715082745162055,no_trade
2025-12-31,0.124,0.1325,0.1578,0.2954,0.1495,0.14565232337275658,0.09644819281734346,0.14700984202103878,-0.021652323372756577,0.02755180718265654,46,False,-0.04558230643083831,0.11809052456466566,0.20264100905892599,no_trade
2026-01-02,0.09880000000000001,0.1267,0.1535,0.3091,0.1451,0.1428638478319135,0.09135092674349003,0.14465297070203292,-0.044063847831913486,0.00744907325650998,46,False,-0.04553343396772959,0.11809789855341785,0.012443795815311503,no_trade
2026-01-05,0.0875,0.1277,0.15539999999999998,0.3195,0.149,0.14287053926162538,0.08438186447975375,0.14585935843253922,-0.055370539261625384,0.003118135520246243,46,False,-0.04565129986847986,0.11808148483795332,-0.08230959668641977,no_trade
2026-01-06,0.0834,0.12619999999999998,0.1557,0.321,0.1475,0.14178235761013225,0.09702483842036594,0.1466088472057635,-0.058382357610132246,-0.013624838420365937,46,False,-0.045807514101836345,0.11806814641894672,-0.10650496251271699,no_trade
2026-01-07,0.0901,0.1295,0.1595,0.33240000000000003,0.15380000000000002,0.12568306804154172,0.09782381338929066,0.12576275514972526,-0.035583068041541724,-0.007723813389290665,46,False,-0.04602788670765049,0.1180394676246004,0.08848581645019196,no_trade
2026-01-08,0.084,0.12619999999999998,0.1561,0.3343,0.1545,0.1233069423040414,0.09443538152474705,0.11994413867539425,-0.0393069423040414,-0.010435381524747045,46,False,-0.04600951298231829,0.11804073667684442,0.0567818438529934,no_trade
2026-01-09,0.0679,0.1213,0.1518,0.332,0.1449,0.12597454691055354,0.09297685265329655,0.12426283897290348,-0.05807454691055354,-0.025076852653296552,46,False,-0.045930779624271924,0.11803855544412516,-0.10287966707649181,no_trade
2026-01-12,0.0766,0.12380000000000001,0.153,0.3381,0.1512,0.12657164814155938,0.09079206670881769,0.12405258131418301,-0.04997164814155938,-0.014192066708817688,46,False,-0.04611165075927855,0.1180220372511754,-0.0327057342186524,no_trade
2026-01-13,0.08789999999999999,0.1301,0.1559,0.3396,0.1598,0.12259660697291665,0.09412106840873165,0.11991311010271088,-0.034696606972916655,-0.006221068408731656,46,False,-0.046307997490271716,0.11798699329436443,0.09841246219730282,no_trade
2026-01-14,0.0975,0.1361,0.1586,0.34009999999999996,0.1675,0.11711158317391827,0.09578051991814168,0.11566489084934453,-0.01961158317391827,0.0017194800818583211,46,False,-0.04651887076148547,0.11791827213807632,0.22818590452258433,no_trade
2026-01-15,0.0837,0.1278,0.1512,0.33759999999999996,0.15839999999999999,0.11136931899134342,0.0952878692207888,0.10860428069824381,-0.027669318991343422,-0.011587869220788805,46,False,-0.04664895231960451,0.11787023631114935,0.16102142425641175,no_trade
2026-01-16,0.0858,0.1336,0.1566,0.331,0.1586,0.11309516030354556,0.09360539432928096,0.11000832473255222,-0.027295160303545563,-0.007805394329280957,46,False,-0.046817505490970676,0.11781236162922563,0.16570710337566324,no_trade
2026-01-20,0.1413,0.1618,0.1747,0.34600000000000003,0.2009,0.12166002333188658,0.07403780810692054,0.11759529208547202,0.01963997666811343,0.06726219189307947,46,False,-0.04677194345058763,0.11781770368186648,0.5636837083332378,no_trade
2026-01-21,0.1033,0.1363,0.1576,0.3464,0.16899999999999998,0.12894360899614088,0.06485130201333639,0.12667831806943386,-0.025643608996140876,0.038448697986663616,46,False,-0.04656654184200154,0.11788844589185608,0.17748077589430716,no_trade
2026-01-22,0.08560000000000001,0.1274,0.1512,0.34659999999999996,0.1564,0.13138857165794018,0.0610958349601076,0.12796474733611427,-0.045788571657940175,0.02450416503989241,46,False,-0.046497091031391054,0.11789562458728166,0.006009717289604255,no_trade
2026-01-23,0.0833,0.12960000000000002,0.1517,0.3482,0.1609,0.12838561875609603,0.06322821304703188,0.12344798789324371,-0.04508561875609603,0.020071786952968115,46,False,-0.04639598084412234,0.11788522109522744,0.011115575606952487,no_trade
2026-01-26,0.0756,0.1257,0.1524,0.35810000000000003,0.16149999999999998,0.1310771760338086,0.05999892110057052,0.12549753347363135,-0.05547717603380861,0.01560107889942948,46,False,-0.04626028056080276,0.11786689508011992,-0.07819749104904032,no_trade
2026-01-27,0.07730000000000001,0.1267,0.1547,0.3608,0.1635,0.12503090333084385,0.060689002248711724,0.12051156950615226,-0.047730903330843844,0.016610997751288284,46,False,-0.04612868428518402,0.11783789997166702,-0.013596805832801357,no_trade
2026-01-28,0.07339999999999999,0.124,0.1518,0.3689,0.1635,0.12431486925639208,0.0610339842531669,0.11974956029427988,-0.05091486925639209,0.012366015746833096,46,False,-0.04596574448075868,0.11780705711026228,-0.042010427023919675,no_trade
2026-01-29,0.0863,0.1303,0.154,0.3616,0.16879999999999998,0.12314062714221631,0.06395615798010942,0.117262383093514,-0.03684062714221631,0.022343842019890578,46,False,-0.04588238724008763,0.11779604989352986,0.07675775296407415,no_trade
2026-01-30,0.1079,0.14429999999999998,0.1629,0.34990000000000004,0.1744,0.118203485730631,0.07191392553056133,0.11228868154385503,-0.010303485730631001,0.03598607446943866,46,False,-0.045716448397639456,0.11777914839680441,0.3006725990894436,no_trade
2026-02-02,0.0877,0.1323,0.1578,0.3576,0.1634,0.1192152542533814,0.06361310834317047,0.11312559775094051,-0.031515254253381406,0.024086891656829534,46,False,-0.045379598329083705,0.11775847654150344,0.11773542323992171,no_trade
2026-02-03,0.1081,0.1388,0.1616,0.3709,0.18,0.11474635118627712,0.0799181770037175,0.10791824567591575,-0.0066463511862771135,0.028181822996282496,46,False,-0.04517400591418007,0.11773718973921454,0.3272343667556608,no_trade
2026-02-04,0.1188,0.1426,0.1655,0.3761,0.1864,0.10903036415213493,0.0911255825339647,0.10037474561886388,0.009769635847865069,0.0276744174660353,46,False,-0.044930995316047925,0.11775332471862293,0.4645357682649106,no_trade
2026-02-05,0.17370000000000002,0.17170000000000002,0.1845,0.3786,0.2177,0.11257271023099515,0.08602246443051016,0.103789328774687,0.061127289769004875,0.08767753556948986,46,False,-0.044781185399696916,0.11779897906605795,0.8990610615505561,short_correlation
2026-02-06,0.1186,0.142,0.16190000000000002,0.3568,0.1776,0.11738314708030015,0.06253221099405164,0.11181452603758076,0.0012168529196998484,0.05606778900594836,46,False,-0.04441133883285301,0.11798519608373087,0.3867281088397885,no_trade
2026-02-09,0.1112,0.1331,0.1565,0.3566,0.1736,0.11172520363105737,0.06504683788310069,0.10774103975854249,-0.0005252036310573749,0.04615316211689931,46,False,-0.04418840665612908,0.11801825134689421,0.3699699201332113,no_trade
2026-02-10,0.12560000000000002,0.1413,0.1638,0.3494,0.1779,0.11106805845953599,0.07914923269357631,0.10659129187759264,0.014531941540464027,0.04645076730642371,46,False,-0.04398967668321904,0.11804956364421293,0.495737692009266,no_trade
2026-02-11,0.1189,0.1336,0.1566,0.3494,0.1765,0.10493740460390354,0.08028183405222351,0.09998271490777387,0.01396259539609647,0.03861816594777649,46,False,-0.043772747978433744,0.1181068903444997,0.4888397552939127,no_trade
2026-02-12,0.15839999999999999,0.1564,0.1709,0.36840000000000006,0.2082,0.10542867314307146,0.09337694164127064,0.10264727868520115,0.05297132685692853,0.06502305835872935,46,False,-0.043526942195386116,0.11816254358481765,0.8166570058899225,short_correlation
2026-02-13,0.16079999999999997,0.1606,0.1745,0.3613,0.20600000000000002,0.10078006911565474,0.09485686025174281,0.0988932555377229,0.060019930884345235,0.06594313974825716,46,False,-0.0431312671757855,0.1183185855707556,0.8718089179526691,short_correlation
2026-02-17,0.1623,0.1566,0.1724,0.3711,0.2029,0.1003446865648507,0.12842170618080473,0.098015312790951,0.0619553134351493,0.03387829381919527,46,False,-0.04273158538788084,0.11849681376017283,0.8834574998354576,short_correlation
2026-02-18,0.1532,0.15130000000000002,0.16760000000000003,0.36469999999999997,0.1962,0.09993460809723831,0.12514256042788316,0.09847207401257124,0.053265391902761694,0.028057439572116843,46,False,-0.04219030397292956,0.11866278212611725,0.8044282644092987,short_correlation
2026-02-19,0.1648,0.1567,0.17,0.3593,0.2023,0.09698831283359954,0.12870502044101578,0.09530563747552272,0.06781168716640046,0.03609497955898422,46,False,-0.04165573644890499,0.11878860025050407,0.9215313875612482,short_correlation
2026-02-20,0.1394,0.14679999999999999,0.16449999999999998,0.3592,0.1909,0.09171442769720357,0.13526717223075926,0.089569006204926,0.04768557230279642,0.004132827769240732,46,False,-0.04110785814900808,0.11897442311784469,0.7463236897888063,no_trade
2026-02-23,0.17149999999999999,0.1629,0.1776,0.3747,0.2101,0.09265845275064959,0.14514943205110195,0.09359164406298995,0.0788415472493504,0.026350567948898035,46,False,-0.04065229515062062,0.11909417056323289,1.0033559311496771,short_correlation
2026-02-24,0.1448,0.1497,0.1696,0.376,0.1955,0.08795842997862878,0.14939533204163757,0.09005772147293982,0.05684157002137123,-0.004595332041637562,46,False,-0.040109565460840754,0.11932654558747269,0.8124858974580946,short_correlation
2026-02-25,0.1073,0.1276,0.1549,0.37200000000000005,0.1793,0.08639665315660684,0.1461861609271822,0.08927424707150428,0.020903346843393164,-0.038886160927182195,46,False,-0.03983218127631122,0.11947083456735569,0.5083711714214459,no_trade
2026-02-26,0.1377,0.1408,0.162,0.3506,0.1863,0.08346453751427223,0.1619197739973297,0.08466945085836342,0.05423546248572776,-0.02421977399732972,46,False,-0.039758555375688634,0.11950264616182261,0.7865434020108298,short_correlation
2026-02-27,0.1501,0.1476,0.1675,0.3588,0.1986,0.07757732936015523,0.17799321393315973,0.08089872408722451,0.07252267063984479,-0.027893213933159716,46,False,-0.03957905683631465,0.11961010152588322,0.9372262546897094,short_correlation
2026-03-02,0.1788,0.16,0.1754,0.3555,0.2144,0.07818434351577762,0.2309681376868462,0.0809164695411302,0.10061565648422237,-0.05216813768684622,46,False,-0.03938890235407882,0.11975055293347166,1.1691349677197882,short_correlation
2026-03-03,0.2236,0.17989999999999998,0.1882,0.3481,0.2357,0.07828966172876178,0.22261097849934283,0.07929806241451433,0.1453103382712382,0.0009890215006571612,46,False,-0.03935623399342108,0.11978776117724817,1.5416146895959673,short_correlation
2026-03-04,0.1795,0.1604,0.1754,0.3465,0.2115,0.07734911146877231,0.2252154089936476,0.07995024189632081,0.10215088853122768,-0.045715408993647594,46,False,-0.03900345033702299,0.12020111743831913,1.1743180252935972,short_correlation
2026-03-05,0.2297,0.1837,0.18739999999999998,0.33130000000000004,0.2375,0.08293348866011675,0.22847226639162246,0.08139908468892451,0.14676651133988322,0.0012277336083775237,46,False,-0.039005270520380365,0.12019896792856778,1.545535582058114,short_correlation
2026-03-06,0.3093,0.23420000000000002,0.22260000000000002,0.3275,0.2949,0.08354766888962868,0.2212386933273723,0.08366485978850036,0.22575233111037135,0.08806130667262771,46,False,-0.03882762174113456,0.12044103477134387,2.1967592137829803,short_correlation
2026-03-09,0.2783,0.20809999999999998,0.2082,0.3233,0.255,0.08344055789246262,0.2664448860999138,0.08349729955633825,0.19485944210753736,0.0118551139000862,46,False,-0.03834537380704154,0.12125664078159944,1.923233353747727,short_correlation
2026-03-10,0.2897,0.2193,0.2187,0.3125,0.2493,0.07988902913922376,0.2626226444708016,0.08005926095682706,0.20981097086077627,0.027077355529198432,46,False,-0.0381566226186646,0.12158334384177619,2.0394865418583668,short_correlation
2026-03-11,0.2918,0.21660000000000001,0.21660000000000001,0.30219999999999997,0.24230000000000002,0.07903954941662934,0.26991766595954364,0.07910867897496192,0.21276045058337067,0.021882334040456364,46,False,-0.037858998790887444,0.12209913870869968,2.0525898218838234,short_correlation
2026-03-12,0.3552,0.2515,0.2391,0.3041,0.2729,0.08523104942809946,0.2648732023375728,0.0865534457145573,0.26996895057190057,0.09032679766242724,46,False,-0.0376228756272637,0.12252699017072545,2.5104005719113394,short_correlation
2026-03-13,0.3721,0.2683,0.2515,0.3011,0.27190000000000003,0.08645743110463099,0.25975735249920356,0.08741630750832731,0.285642568895369,0.11234264750079642,46,False,-0.03723958676148045,0.12333806946160343,2.6178628955868843,short_correlation
2026-03-16,0.2956,0.23010000000000003,0.22940000000000002,0.31010000000000004,0.2351,0.08643167529389466,0.24594936535500742,0.08862451542071585,0.2091683247061053,0.04965063464499256,46,False,-0.03671422492472653,0.12442983344850388,1.9760739270987773,short_correlation
2026-03-17,0.295,0.2291,0.22899999999999998,0.2895,0.2237,0.08641767192226309,0.24273912407181164,0.08794959171764037,0.2085823280777369,0.052260875928188344,46,False,-0.036432868377991555,0.12490631837149938,1.961591692479466,short_correlation
2026-03-18,0.3578,0.2676,0.2564,0.293,0.2509,0.10014689905442557,0.21312274344638535,0.09670508672285887,0.2576531009455744,0.14467725655361466,46,False,-0.0360448474724716,0.12551591312479735,2.33992599907256,short_correlation
2026-03-19,0.33030000000000004,0.25239999999999996,0.2458,0.30219999999999997,0.24059999999999998,0.10212789108581603,0.21264496989244655,0.09806391035592178,0.228172108914184,0.11765503010755349,46,False,-0.035325762381216735,0.1266766419001774,2.080082541997284,short_correlation
2026-03-20,0.387,0.2949,0.2763,0.3029,0.26780000000000004,0.10475747576433896,0.20338038567422662,0.10122402651019034,0.28224252423566104,0.1836196143257734,46,False,-0.03480613253042349,0.12748850662449654,2.4868803091396834,short_correlation
2026-03-23,0.3761,0.2833,0.2693,0.2967,0.2615,0.10639207886784209,0.19609109979787362,0.10298186575916587,0.2697079211321579,0.18000890020212637,46,False,-0.03406338226910706,0.12878680471828052,2.358714497698431,short_correlation
2026-03-24,0.3749,0.2824,0.26789999999999997,0.30260000000000004,0.2695,0.10363169096444352,0.1735728949099966,0.10037962267161234,0.2712683090355565,0.2013271050900034,46,False,-0.033339735329791856,0.12997855185045457,2.3435254511514474,short_correlation
2026-03-25,0.34759999999999996,0.2696,0.2597,0.31079999999999997,0.25329999999999997,0.10574295380118169,0.16357369079069886,0.10199840498856744,0.24185704619881826,0.1840263092093011,46,False,-0.03264790228429376,0.13113352875350234,2.093323889720923,short_correlation
2026-03-26,0.3619,0.293,0.2747,0.3156,0.27440000000000003,0.10731733160910716,0.16200851243420716,0.10446370261260428,0.25458266839089283,0.19989148756579284,46,False,-0.03187610093012829,0.13217454486647673,2.167276381472718,short_correlation
2026-03-27,0.4168,0.34020000000000006,0.313,0.3187,0.3105,0.11285318059610805,0.13512044410262836,0.11163019235692155,0.30394681940389195,0.28167955589737165,46,False,-0.03103606277791493,0.13331937600501842,2.512634638862977,short_correlation
2026-03-30,0.37799999999999995,0.34509999999999996,0.32299999999999995,0.3356,0.3061,0.1119454554564142,0.12944490143584625,0.10959199823450269,0.26605454454358574,0.2485550985641537,46,False,-0.030066785697114202,0.13486061569889077,2.195758403638487,short_correlation
2026-03-31,0.2811,0.27440000000000003,0.2748,0.3368,0.2525,0.12499109652053218,0.09629999696069254,0.1263672550162784,0.15610890347946782,0.1848000030393075,46,False,-0.029238208116785062,0.13603555740204645,1.3624901837132812,short_correlation
2026-04-01,0.2608,0.25429999999999997,0.2562,0.3346,0.24539999999999998,0.12090240315678169,0.09769256859950548,0.12122037230907785,0.13989759684321829,0.1631074314004945,46,False,-0.029014242882730336,0.13629484625489152,1.2393120089813117,short_correlation
2026-04-02,0.25,0.24670000000000003,0.24719999999999998,0.33390000000000003,0.23870000000000002,0.1207589657563584,0.11032332559610157,0.1212079370998354,0.12924103424364158,0.13967667440389842,46,False,-0.02872852504179532,0.13657399481009927,1.1566591392826089,short_correlation
2026-04-06,0.2408,0.2441,0.244,0.34159999999999996,0.24170000000000003,0.12007904957824338,0.11153995354633944,0.12113966025028165,0.12072095042175661,0.12926004645366054,46,False,-0.028464162959020368,0.13681578566177444,1.0904086298168916,short_correlation
2026-04-07,0.257,0.2515,0.2465,0.344,0.25780000000000003,0.11736568127901092,0.10405379386770004,0.11970674513055654,0.13963431872098908,0.15294620613229998,46,False,-0.028075760741195145,0.13710065597945015,1.2232624144943702,short_correlation
2026-04-08,0.1727,0.1911,0.20309999999999997,0.35509999999999997,0.2104,0.13107945422088352,0.06856232061396149,0.1320726752882862,0.041620545779116475,0.1041376793860385,46,False,-0.028004795187488673,0.13718312129796145,0.5075357690351647,no_trade
2026-04-09,0.1425,0.1728,0.1881,0.3639,0.1949,0.13184898727576566,0.06617836320164346,0.132568845269121,0.010651012724234327,0.07632163679835653,46,False,-0.028434165718425376,0.1367930983407906,0.2857247837554449,no_trade
2026-04-10,0.1358,0.1704,0.1867,0.36469999999999997,0.1923,0.13648474403972247,0.05102650456064127,0.1357777504619461,-0.0006847440397224624,0.08477349543935873,46,False,-0.02897252263370267,0.13636891828346479,0.20743567485942435,no_trade
2026-04-13,0.12390000000000001,0.1535,0.1727,0.3726,0.1912,0.1382778360236484,0.04893037047603299,0.13927198039515853,-0.014377836023648394,0.07496962952396702,46,False,-0.02974494629137135,0.13565049423484973,0.11328458738320628,no_trade
2026-04-14,0.1158,0.146,0.16699999999999998,0.3747,0.18359999999999999,0.13703429427023148,0.04845963474891157,0.13846778565027723,-0.021234294270231477,0.06734036525108843,46,False,-0.029636366263462343,0.13565180553883213,0.06193851943110084,no_trade
2026-04-15,0.1105,0.1434,0.16469999999999999,0.3829,0.18170000000000003,0.1360934689308806,0.053564038943182624,0.13804985687384053,-0.02559346893088059,0.05693596105681738,46,False,-0.02976505450703735,0.13562829606696195,0.03075748716991312,no_trade
2026-04-16,0.1094,0.14550000000000002,0.1637,0.37829999999999997,0.1794,0.13120921223324514,0.05632545615240791,0.13387957238871967,-0.02180921223324514,0.05307454384759209,46,False,-0.029913534615346786,0.13560306418718515,0.0597650387229784,no_trade
2026-04-17,0.1084,0.14800000000000002,0.1635,0.36619999999999997,0.1748,0.12946529314561195,0.05446657643884078,0.13045232497301548,-0.021065293145611952,0.05393342356115922,46,False,-0.029722964294086694,0.13558048307374662,0.06385632321257886,no_trade
2026-04-20,0.1247,0.1613,0.1734,0.3688,0.1887,0.1284832122312361,0.05367889384986394,0.12912365479333124,-0.003783212231236094,0.07102110615013607,46,False,-0.029604396658964086,0.13557491542670325,0.19045694660003581,no_trade
2026-04-21,0.1275,0.15990000000000001,0.1734,0.3761,0.195,0.13134587139197643,0.04553515412229429,0.13012684113233966,-0.0038458713919764242,0.08196484587770572,46,False,-0.02959639169596881,0.13557638606525838,0.18993366803270315,no_trade
2026-04-22,0.1153,0.1539,0.1679,0.3848,0.1892,0.12947231789656435,0.04347979272939017,0.12883387746804834,-0.014172317896564354,0.07182020727060984,46,False,-0.029415784367213284,0.1355802695593206,0.11243130375972175,no_trade
2026-04-23,0.1268,0.1597,0.1699,0.3815,0.1931,0.12501706014627367,0.05262233478353454,0.1254487808561467,0.001782939853726323,0.07417766521646546,46,False,-0.02954042040945151,0.13555164620350937,0.23108063340042923,no_trade
2026-04-24,0.1117,0.1528,0.1641,0.3885,0.18710000000000002,0.12358371445581562,0.05952440391970361,0.12404122597773207,-0.011883714455815625,0.052175596080296385,46,False,-0.029450443591072767,0.13556493497020716,0.12958165870191837,no_trade
2026-04-27,0.092,0.1374,0.1555,0.4065,0.1802,0.12589654309313789,0.054406732061606816,0.12681289752740685,-0.03389654309313789,0.03759326793839318,46,False,-0.029266854866290958,0.13555724290905186,-0.03415301261293049,no_trade
2026-04-28,0.1018,0.1417,0.1588,0.3975,0.1783,0.1253429085970465,0.053555335251174584,0.12869512740889655,-0.023542908597046497,0.04824466474882542,46,False,-0.028997568421664652,0.13548004764796337,0.04026172059513705,no_trade
2026-04-29,0.1128,0.1494,0.1653,0.40159999999999996,0.1881,0.12183899788816756,0.052840093451501806,0.12542760026576227,-0.00903899788816756,0.05995990654849819,46,False,-0.0286282576605057,0.13536707145107987,0.14471214869575927,no_trade
2026-04-30,0.1063,0.1387,0.1533,0.3705,0.1689,0.12417641798112075,0.04985590314388781,0.12854490012089761,-0.017876417981120746,0.056444096856112194,46,False,-0.028133406580726578,0.13520912671760954,0.07586017932819004,no_trade
2026-05-01,0.1213,0.1524,0.16219999999999998,0.3583,0.1699,0.12757781966614049,0.048699618069618075,0.13311152789194106,-0.00627781966614048,0.07260038193038193,46,False,-0.027624776590363605,0.1350047056422399,0.1581200953157306,no_trade
2026-05-04,0.1417,0.16260000000000002,0.1707,0.35850000000000004,0.18289999999999998,0.12734384459587816,0.04001969669056371,0.13236386599330857,0.014356155404121829,0.10168030330943628,46,False,-0.027070655223324906,0.13480366885939124,0.30731218948245037,no_trade
2026-05-05,0.11960000000000001,0.15,0.16399999999999998,0.37170000000000003,0.17379999999999998,0.1223308576132698,0.03926855083812265,0.12624478247237458,-0.0027308576132697854,0.08033144916187737,46,False,-0.026530899736746997,0.13469568049142333,0.1766949172879576,no_trade
2026-05-06,0.11410000000000001,0.1358,0.1499,0.37229999999999996,0.1739,0.12174101783191967,0.03667688952967096,0.12613911462561642,-0.007641017831919658,0.07742311047032904,46,False,-0.025933303375239775,0.1344647672268723,0.13603775859334896,no_trade
2026-05-07,0.109,0.1352,0.14880000000000002,0.36939999999999995,0.17079999999999998,0.1224322734990549,0.03788789759372951,0.12604456868848474,-0.013432273499054903,0.0711121024062705,46,False,-0.02538843973642903,0.1342586223574996,0.08905324684129133,no_trade
2026-05-08,0.1008,0.1291,0.1436,0.3837,0.17190000000000003,0.12245414575438178,0.04058932692669583,0.12526474024357626,-0.02165414575438178,0.06021067307330417,46,False,-0.02500590088334058,0.13415435518063595,0.024984318432642264,no_trade
2026-05-11,0.1065,0.1264,0.14029999999999998,0.40490000000000004,0.1838,0.12198237857939423,0.051337573976851736,0.1205539588628554,-0.015482378579394232,0.05516242602314826,46,False,-0.024545804910178465,0.1339653576256983,0.06765500045248724,no_trade
2026-05-12,0.10550000000000001,0.1264,0.1423,0.4007,0.17989999999999998,0.12280968092609339,0.05287005117311549,0.12012402507008593,-0.017309680926093376,0.05262994882688452,46,False,-0.023986106975190696,0.13370614061634792,0.049933578355645165,no_trade
2026-05-13,0.0944,0.1215,0.1392,0.40759999999999996,0.1787,0.12212474925142816,0.05965834677220053,0.11908266709203763,-0.027724749251428163,0.03474165322779947,46,False,-0.02344646787445615,0.1334563476050183,-0.032057533820977584,no_trade
2026-05-14,0.08560000000000001,0.11359999999999999,0.132,0.4058,0.1726,0.12214402465877912,0.055285376598372134,0.11899578128155604,-0.03654402465877911,0.030314623401627876,46,False,-0.022628938762137837,0.13279234316835223,-0.10478831508379911,no_trade
2026-05-15,0.10830000000000001,0.1258,0.1411,0.3899,0.1843,0.12168924652951434,0.050957563178168415,0.1182031713378139,-0.013389246529514329,0.05734243682183159,46,False,-0.02172449188074669,0.13191190452137272,0.06318796913345953,no_trade
2026-05-18,0.1097,0.1204,0.1351,0.39130000000000004,0.1782,0.12284457763524584,0.07153742899782554,0.11833107790176273,-0.013144577635245833,0.03816257100217446,46,False,-0.02069541032882031,0.13095410460492457,0.057660145257413524,no_trade
2026-05-19,0.1231,0.12960000000000002,0.1424,0.38659999999999994,0.18059999999999998,0.12392714733324184,0.06710310321732031,0.11721721077879928,-0.0008271473332418372,0.05599689678267969,46,False,-0.01961974317859478,0.12988989253765781,0.14468097153829404,no_trade
2026-05-20,0.1079,0.12119999999999999,0.1373,0.3922,0.1744,0.12238322420840271,0.06179024234557762,0.11646782444408837,-0.014483224208402715,0.04610975765442238,46,False,-0.018464902093665216,0.12874860113272465,0.030925989488288577,no_trade
2026-05-21,0.1082,0.11789999999999999,0.1322,0.37450000000000006,0.16760000000000003,0.11993225336103926,0.062462598259566106,0.11390625522183488,-0.011732253361039252,0.0457374017404339,46,False,-0.017478423794359266,0.12781589923879494,0.044956617037013535,no_trade
2026-05-22,0.1092,0.1206,0.134,0.36950000000000005,0.16699999999999998,0.12079241949521197,0.05839998446966003,0.11599810819683067,-0.011592419495211961,0.05080001553033998,46,False,-0.016470839395465474,0.12684894229005392,0.03845849884265077,no_trade
2026-05-26,0.1016,0.109,0.127,0.40270000000000006,0.17010000000000003,0.12708622899149102,0.05340569177103877,0.11796689241239519,-0.025486228991491028,0.04819430822896122,46,False,-0.015614807272929921,0.12614636281837638,-0.07825371654015764,no_trade
2026-05-27,0.09,0.1026,0.12390000000000001,0.4048,0.1629,0.12639207734893512,0.05695731809093468,0.1178616648847458,-0.036392077348935126,0.03304268190906531,46,False,-0.01475431165770808,0.125330633332475,-0.17264546676171932,no_trade
2026-05-28,0.0814,0.0993,0.122,0.4011,0.1574,0.12415711900596389,0.05541356501423116,0.1162022445672313,-0.04275711900596389,0.025986434985768837,46,False,-0.01409085469729551,0.12476832057155435,-0.22975595229101722,no_trade
2026-05-29,0.0633,0.086,0.1101,0.4201,0.1532,0.12148798033576912,0.05899540086923403,0.11182134909705917,-0.05818798033576912,0.004304599130765967,46,False,-0.013115562555178633,0.12356934907945694,-0.36475402772906285,no_trade
2026-06-01,0.0602,0.08220000000000001,0.10310000000000001,0.4407,0.1605,0.1158572539205425,,0.1071768587152246,-0.0556572539205425,,46,False,-0.012266302853892583,0.12251253578777316,-0.35417560160386763,no_trade
2026-06-02,0.058600000000000006,0.081,0.1027,0.4399,0.1577,0.11236156030574986,,0.10217060422769672,-0.05376156030574985,,46,False,-0.011497123254641412,0.12162246519244935,-0.34750518322607005,no_trade
2026-06-03,0.0632,0.08380000000000001,0.10529999999999999,0.43700000000000006,0.1606,0.11335392623490141,,0.10204382805473952,-0.050153926234901405,,46,False,-0.010727358920674845,0.12073188618712613,-0.3265630030257134,no_trade
2026-06-04,0.0691,0.0883,0.1091,0.41009999999999996,0.154,0.11073147829766637,,0.09971277978379321,-0.04163147829766638,,46,False,-0.009966329451008749,0.1198700419598528,-0.2641623238712389,no_trade
2026-06-05,0.1452,0.1223,0.134,0.40270000000000006,0.2151,0.10726869123500356,,0.10381603746157311,0.03793130876499644,,46,False,-0.009101743638430032,0.11884435699542993,0.395753349948581,no_trade
2026-06-08,0.1197,0.1075,0.1213,0.4118,0.1892,0.10387680688185941,,0.09816729941188206,0.015823193118140594,,46,False,-0.00788822890035231,0.11774773826494361,0.20137475562494414,no_trade
2026-06-09,0.1365,0.1162,0.1267,0.40979999999999994,0.19870000000000002,0.10231380095341304,,0.09669131638844868,0.03418619904658697,,46,False,-0.006739226646791744,0.11654995932942022,0.35114062612159214,no_trade
2026-06-10,0.17800000000000002,0.13699999999999998,0.1423,0.3967,0.22219999999999998,0.10153278240953471,,0.09748874466199076,0.0764672175904653,,46,False,-0.005440059136458448,0.11516045673317032,0.7112448061638464,no_trade
2026-06-11,0.1318,0.11539999999999999,0.12560000000000002,0.4082,0.19440000000000002,0.1017690566932214,,0.09900964891793984,0.030030943306778607,,46,False,-0.004001972906222991,0.11389967938473532,0.29879729597871585,no_trade
2026-06-12,0.1074,0.1057,0.11960000000000001,0.406,0.17679999999999998,0.0905506669280443,,0.0921826037291831,0.0168493330719557,,46,False,-0.002762472329331056,0.11255040035414861,0.17424909497946414,no_trade
2026-06-15,0.0806,0.0908,0.11019999999999999,0.4113,0.162,0.08932588243049665,,0.09137743412923272,-0.008725882430496643,,46,False,-0.001588328330139017,0.11119195697379147,-0.06419128050817546,no_trade
2026-06-16,0.094,0.0971,0.11560000000000001,0.3973,0.1641,0.08508253241605582,,0.08740045237353038,0.008917467583944183,,46,False,-0.0005606501021660608,0.10991205161462479,0.08623365269663563,no_trade
2026-06-17,0.1183,0.10550000000000001,0.11939999999999999,0.4031,0.1844,0.09312869313349531,,0.0911775854752611,0.025171306866504692,,46,False,0.00035706135617703913,0.10901468105049246,0.22762297033033937,no_trade
2026-06-18,0.0802,0.0876,0.1042,0.4193,0.16399999999999998,0.09222805508561342,,0.08769123598111622,-0.012028055085613429,,46,False,0.0014737717709869254,0.10781040531376807,-0.12523676928312305,no_trade
2026-06-22,0.0808,0.0855,0.1017,0.4355,0.1728,0.08858358161647456,,0.08437110640224205,-0.007783581616474564,,46,False,0.002185716244217968,0.10712158543510979,-0.09306525683128127,no_trade
2026-06-23,0.11900000000000001,0.1084,0.12,0.4208,0.1949,0.085532166446096,,0.08013584836277274,0.03346783355390401,,46,False,0.00301876948528376,0.10621714604182791,0.2866680682291117,no_trade
2026-06-24,0.10439999999999999,0.1012,0.1165,0.4226,0.1863,0.07748245781098533,,0.07322299737976709,0.026917542189014668,,46,False,0.00401449845796174,0.10531438115425591,0.21747308848073102,no_trade
2026-06-25,0.1016,0.099,0.1118,0.4286,0.1889,0.07592269771284763,,0.07221306103156457,0.02567730228715237,,46,False,0.00510213357125313,0.10411848497238735,0.19761302444379458,no_trade
2026-06-26,0.0959,0.09949999999999999,0.1139,0.4249,0.1841,0.06489206555620783,,0.05725358866332452,0.03100793444379217,,46,False,0.006351072168032477,0.10245020347179018,0.2406716769727939,no_trade
2026-06-29,0.0756,0.0898,0.10880000000000001,0.4413,0.1765,0.06480627582124131,,0.058774734259552826,0.010793724178758693,,46,False,0.00772152052316322,0.10043324002187257,0.03058951055374099,no_trade
2026-06-30,0.0579,0.0781,0.09880000000000001,0.44439999999999996,0.16449999999999998,0.0647953442444399,,0.05770547789416462,-0.0068953442444399035,,46,False,0.009082427979598726,0.0981060175292451,-0.16286230576300487,no_trade
